solid OpenSCAD_Model
  facet normal 1 -0 0
    outer loop
      vertex -7.25 19.75 14.4
      vertex -7.25 19.99 12.01
      vertex -7.25 19.99 14.4
    endloop
  endfacet
  facet normal 1 0 0
    outer loop
      vertex -7.25 19.99 12.01
      vertex -7.25 19.75 14.4
      vertex -7.25 19.75 12.01
    endloop
  endfacet
  facet normal -0 0 1
    outer loop
      vertex -8.75 19.99 14.4
      vertex -7.25 19.75 14.4
      vertex -7.25 19.99 14.4
    endloop
  endfacet
  facet normal 0 0 1
    outer loop
      vertex -7.25 19.75 14.4
      vertex -8.75 19.99 14.4
      vertex -8.75 19.75 14.4
    endloop
  endfacet
  facet normal -1 0 0
    outer loop
      vertex -8.75 19.75 12.01
      vertex -8.75 19.99 14.4
      vertex -8.75 19.99 12.01
    endloop
  endfacet
  facet normal -1 -0 0
    outer loop
      vertex -8.75 19.99 14.4
      vertex -8.75 19.75 12.01
      vertex -8.75 19.75 14.4
    endloop
  endfacet
  facet normal 0 1 -0
    outer loop
      vertex -7.25 19.99 12.01
      vertex -8.75 19.99 14.4
      vertex -7.25 19.99 14.4
    endloop
  endfacet
  facet normal 0 1 0
    outer loop
      vertex -8.75 19.99 14.4
      vertex -7.25 19.99 12.01
      vertex -8.75 19.99 12.01
    endloop
  endfacet
  facet normal -0 0 1
    outer loop
      vertex -19.99 8.75 14.4
      vertex -19.75 7.25 14.4
      vertex -19.75 8.75 14.4
    endloop
  endfacet
  facet normal 0 0 1
    outer loop
      vertex -19.75 7.25 14.4
      vertex -19.99 8.75 14.4
      vertex -19.99 7.25 14.4
    endloop
  endfacet
  facet normal -1 0 0
    outer loop
      vertex -19.99 7.25 12.01
      vertex -19.99 8.75 14.4
      vertex -19.99 8.75 12.01
    endloop
  endfacet
  facet normal -1 -0 0
    outer loop
      vertex -19.99 8.75 14.4
      vertex -19.99 7.25 12.01
      vertex -19.99 7.25 14.4
    endloop
  endfacet
  facet normal 0 -1 0
    outer loop
      vertex -19.99 7.25 12.01
      vertex -19.75 7.25 14.4
      vertex -19.99 7.25 14.4
    endloop
  endfacet
  facet normal 0 -1 -0
    outer loop
      vertex -19.75 7.25 14.4
      vertex -19.99 7.25 12.01
      vertex -19.75 7.25 12.01
    endloop
  endfacet
  facet normal 0 1 -0
    outer loop
      vertex -19.75 8.75 12.01
      vertex -19.99 8.75 14.4
      vertex -19.75 8.75 14.4
    endloop
  endfacet
  facet normal 0 1 0
    outer loop
      vertex -19.99 8.75 14.4
      vertex -19.75 8.75 12.01
      vertex -19.99 8.75 12.01
    endloop
  endfacet
  facet normal 1 -0 0
    outer loop
      vertex 8.75 19.75 14.4
      vertex 8.75 19.99 12.01
      vertex 8.75 19.99 14.4
    endloop
  endfacet
  facet normal 1 0 0
    outer loop
      vertex 8.75 19.99 12.01
      vertex 8.75 19.75 14.4
      vertex 8.75 19.75 12.01
    endloop
  endfacet
  facet normal -0 0 1
    outer loop
      vertex 7.25 19.99 14.4
      vertex 8.75 19.75 14.4
      vertex 8.75 19.99 14.4
    endloop
  endfacet
  facet normal 0 0 1
    outer loop
      vertex 8.75 19.75 14.4
      vertex 7.25 19.99 14.4
      vertex 7.25 19.75 14.4
    endloop
  endfacet
  facet normal -1 0 0
    outer loop
      vertex 7.25 19.75 12.01
      vertex 7.25 19.99 14.4
      vertex 7.25 19.99 12.01
    endloop
  endfacet
  facet normal -1 -0 0
    outer loop
      vertex 7.25 19.99 14.4
      vertex 7.25 19.75 12.01
      vertex 7.25 19.75 14.4
    endloop
  endfacet
  facet normal 0 1 -0
    outer loop
      vertex 8.75 19.99 12.01
      vertex 7.25 19.99 14.4
      vertex 8.75 19.99 14.4
    endloop
  endfacet
  facet normal 0 1 0
    outer loop
      vertex 7.25 19.99 14.4
      vertex 8.75 19.99 12.01
      vertex 7.25 19.99 12.01
    endloop
  endfacet
  facet normal -0 0 1
    outer loop
      vertex -19.99 -7.25 14.4
      vertex -19.75 -8.75 14.4
      vertex -19.75 -7.25 14.4
    endloop
  endfacet
  facet normal 0 0 1
    outer loop
      vertex -19.75 -8.75 14.4
      vertex -19.99 -7.25 14.4
      vertex -19.99 -8.75 14.4
    endloop
  endfacet
  facet normal -1 0 0
    outer loop
      vertex -19.99 -8.75 12.01
      vertex -19.99 -7.25 14.4
      vertex -19.99 -7.25 12.01
    endloop
  endfacet
  facet normal -1 -0 0
    outer loop
      vertex -19.99 -7.25 14.4
      vertex -19.99 -8.75 12.01
      vertex -19.99 -8.75 14.4
    endloop
  endfacet
  facet normal 0 -1 0
    outer loop
      vertex -19.99 -8.75 12.01
      vertex -19.75 -8.75 14.4
      vertex -19.99 -8.75 14.4
    endloop
  endfacet
  facet normal 0 -1 -0
    outer loop
      vertex -19.75 -8.75 14.4
      vertex -19.99 -8.75 12.01
      vertex -19.75 -8.75 12.01
    endloop
  endfacet
  facet normal 0 1 -0
    outer loop
      vertex -19.75 -7.25 12.01
      vertex -19.99 -7.25 14.4
      vertex -19.75 -7.25 14.4
    endloop
  endfacet
  facet normal 0 1 0
    outer loop
      vertex -19.99 -7.25 14.4
      vertex -19.75 -7.25 12.01
      vertex -19.99 -7.25 12.01
    endloop
  endfacet
  facet normal 1 -0 0
    outer loop
      vertex -7.25 -19.99 14.4
      vertex -7.25 -19.75 12.01
      vertex -7.25 -19.75 14.4
    endloop
  endfacet
  facet normal 1 0 0
    outer loop
      vertex -7.25 -19.75 12.01
      vertex -7.25 -19.99 14.4
      vertex -7.25 -19.99 12.01
    endloop
  endfacet
  facet normal -0 0 1
    outer loop
      vertex -8.75 -19.75 14.4
      vertex -7.25 -19.99 14.4
      vertex -7.25 -19.75 14.4
    endloop
  endfacet
  facet normal 0 0 1
    outer loop
      vertex -7.25 -19.99 14.4
      vertex -8.75 -19.75 14.4
      vertex -8.75 -19.99 14.4
    endloop
  endfacet
  facet normal -1 0 0
    outer loop
      vertex -8.75 -19.99 12.01
      vertex -8.75 -19.75 14.4
      vertex -8.75 -19.75 12.01
    endloop
  endfacet
  facet normal -1 -0 0
    outer loop
      vertex -8.75 -19.75 14.4
      vertex -8.75 -19.99 12.01
      vertex -8.75 -19.99 14.4
    endloop
  endfacet
  facet normal 0 -1 0
    outer loop
      vertex -8.75 -19.99 12.01
      vertex -7.25 -19.99 14.4
      vertex -8.75 -19.99 14.4
    endloop
  endfacet
  facet normal 0 -1 -0
    outer loop
      vertex -7.25 -19.99 14.4
      vertex -8.75 -19.99 12.01
      vertex -7.25 -19.99 12.01
    endloop
  endfacet
  facet normal 1 -0 0
    outer loop
      vertex 19.99 7.25 14.4
      vertex 19.99 8.75 12.01
      vertex 19.99 8.75 14.4
    endloop
  endfacet
  facet normal 1 0 0
    outer loop
      vertex 19.99 8.75 12.01
      vertex 19.99 7.25 14.4
      vertex 19.99 7.25 12.01
    endloop
  endfacet
  facet normal -0 0 1
    outer loop
      vertex 19.75 8.75 14.4
      vertex 19.99 7.25 14.4
      vertex 19.99 8.75 14.4
    endloop
  endfacet
  facet normal 0 0 1
    outer loop
      vertex 19.99 7.25 14.4
      vertex 19.75 8.75 14.4
      vertex 19.75 7.25 14.4
    endloop
  endfacet
  facet normal 0 -1 0
    outer loop
      vertex 19.75 7.25 12.01
      vertex 19.99 7.25 14.4
      vertex 19.75 7.25 14.4
    endloop
  endfacet
  facet normal 0 -1 -0
    outer loop
      vertex 19.99 7.25 14.4
      vertex 19.75 7.25 12.01
      vertex 19.99 7.25 12.01
    endloop
  endfacet
  facet normal 0 1 -0
    outer loop
      vertex 19.99 8.75 12.01
      vertex 19.75 8.75 14.4
      vertex 19.99 8.75 14.4
    endloop
  endfacet
  facet normal 0 1 0
    outer loop
      vertex 19.75 8.75 14.4
      vertex 19.99 8.75 12.01
      vertex 19.75 8.75 12.01
    endloop
  endfacet
  facet normal 1 -0 0
    outer loop
      vertex 8.75 -19.99 14.4
      vertex 8.75 -19.75 12.01
      vertex 8.75 -19.75 14.4
    endloop
  endfacet
  facet normal 1 0 0
    outer loop
      vertex 8.75 -19.75 12.01
      vertex 8.75 -19.99 14.4
      vertex 8.75 -19.99 12.01
    endloop
  endfacet
  facet normal -0 0 1
    outer loop
      vertex 7.25 -19.75 14.4
      vertex 8.75 -19.99 14.4
      vertex 8.75 -19.75 14.4
    endloop
  endfacet
  facet normal 0 0 1
    outer loop
      vertex 8.75 -19.99 14.4
      vertex 7.25 -19.75 14.4
      vertex 7.25 -19.99 14.4
    endloop
  endfacet
  facet normal -1 0 0
    outer loop
      vertex 7.25 -19.99 12.01
      vertex 7.25 -19.75 14.4
      vertex 7.25 -19.75 12.01
    endloop
  endfacet
  facet normal -1 -0 0
    outer loop
      vertex 7.25 -19.75 14.4
      vertex 7.25 -19.99 12.01
      vertex 7.25 -19.99 14.4
    endloop
  endfacet
  facet normal 0 -1 0
    outer loop
      vertex 7.25 -19.99 12.01
      vertex 8.75 -19.99 14.4
      vertex 7.25 -19.99 14.4
    endloop
  endfacet
  facet normal 0 -1 -0
    outer loop
      vertex 8.75 -19.99 14.4
      vertex 7.25 -19.99 12.01
      vertex 8.75 -19.99 12.01
    endloop
  endfacet
  facet normal 1 -0 0
    outer loop
      vertex 19.99 -8.75 14.4
      vertex 19.99 -7.25 12.01
      vertex 19.99 -7.25 14.4
    endloop
  endfacet
  facet normal 1 0 0
    outer loop
      vertex 19.99 -7.25 12.01
      vertex 19.99 -8.75 14.4
      vertex 19.99 -8.75 12.01
    endloop
  endfacet
  facet normal -0 0 1
    outer loop
      vertex 19.75 -7.25 14.4
      vertex 19.99 -8.75 14.4
      vertex 19.99 -7.25 14.4
    endloop
  endfacet
  facet normal 0 0 1
    outer loop
      vertex 19.99 -8.75 14.4
      vertex 19.75 -7.25 14.4
      vertex 19.75 -8.75 14.4
    endloop
  endfacet
  facet normal 0 -1 0
    outer loop
      vertex 19.75 -8.75 12.01
      vertex 19.99 -8.75 14.4
      vertex 19.75 -8.75 14.4
    endloop
  endfacet
  facet normal 0 -1 -0
    outer loop
      vertex 19.99 -8.75 14.4
      vertex 19.75 -8.75 12.01
      vertex 19.99 -8.75 12.01
    endloop
  endfacet
  facet normal 0 1 -0
    outer loop
      vertex 19.99 -7.25 12.01
      vertex 19.75 -7.25 14.4
      vertex 19.99 -7.25 14.4
    endloop
  endfacet
  facet normal 0 1 0
    outer loop
      vertex 19.75 -7.25 14.4
      vertex 19.99 -7.25 12.01
      vertex 19.75 -7.25 12.01
    endloop
  endfacet
  facet normal 0 1 -0
    outer loop
      vertex -13.6 23.3 0
      vertex -14.4 23.3 12
      vertex -13.6 23.3 12
    endloop
  endfacet
  facet normal 0 1 0
    outer loop
      vertex -14.4 23.3 12
      vertex -13.6 23.3 0
      vertex -14.4 23.3 0
    endloop
  endfacet
  facet normal 0 0 -1
    outer loop
      vertex -23.3 11.9681 0
      vertex -22 12.7681 0
      vertex -22 11.9681 0
    endloop
  endfacet
  facet normal -0 0 -1
    outer loop
      vertex -22 12.7681 0
      vertex -23.3 11.9681 0
      vertex -23.3 12.7681 0
    endloop
  endfacet
  facet normal 0 0 -1
    outer loop
      vertex -23.3 9.93982 0
      vertex -22 10.7398 0
      vertex -22 9.93982 0
    endloop
  endfacet
  facet normal -0 0 -1
    outer loop
      vertex -22 10.7398 0
      vertex -23.3 9.93982 0
      vertex -23.3 10.7398 0
    endloop
  endfacet
  facet normal 0 0 -1
    outer loop
      vertex -23.3 7.9115 0
      vertex -22 8.7115 0
      vertex -22 7.9115 0
    endloop
  endfacet
  facet normal -0 0 -1
    outer loop
      vertex -22 8.7115 0
      vertex -23.3 7.9115 0
      vertex -23.3 8.7115 0
    endloop
  endfacet
  facet normal 0 0 -1
    outer loop
      vertex -23.3 5.88318 0
      vertex -22 6.68318 0
      vertex -22 5.88318 0
    endloop
  endfacet
  facet normal -0 0 -1
    outer loop
      vertex -22 6.68318 0
      vertex -23.3 5.88318 0
      vertex -23.3 6.68318 0
    endloop
  endfacet
  facet normal 0 0 -1
    outer loop
      vertex -23.3 3.85487 0
      vertex -22 4.65487 0
      vertex -22 3.85487 0
    endloop
  endfacet
  facet normal -0 0 -1
    outer loop
      vertex -22 4.65487 0
      vertex -23.3 3.85487 0
      vertex -23.3 4.65487 0
    endloop
  endfacet
  facet normal 0 0 -1
    outer loop
      vertex -23.3 1.82655 0
      vertex -22 2.62655 0
      vertex -22 1.82655 0
    endloop
  endfacet
  facet normal -0 0 -1
    outer loop
      vertex -22 2.62655 0
      vertex -23.3 1.82655 0
      vertex -23.3 2.62655 0
    endloop
  endfacet
  facet normal 0 0 -1
    outer loop
      vertex -23.3 -0.20177 0
      vertex -22 0.598229 0
      vertex -22 -0.20177 0
    endloop
  endfacet
  facet normal -0 0 -1
    outer loop
      vertex -22 0.598229 0
      vertex -23.3 -0.20177 0
      vertex -23.3 0.598229 0
    endloop
  endfacet
  facet normal 0 0 -1
    outer loop
      vertex -23.3 -2.23009 0
      vertex -22 -1.43009 0
      vertex -22 -2.23009 0
    endloop
  endfacet
  facet normal -0 0 -1
    outer loop
      vertex -22 -1.43009 0
      vertex -23.3 -2.23009 0
      vertex -23.3 -1.43009 0
    endloop
  endfacet
  facet normal 0 0 -1
    outer loop
      vertex -23.3 -4.25841 0
      vertex -22 -3.45841 0
      vertex -22 -4.25841 0
    endloop
  endfacet
  facet normal -0 0 -1
    outer loop
      vertex -22 -3.45841 0
      vertex -23.3 -4.25841 0
      vertex -23.3 -3.45841 0
    endloop
  endfacet
  facet normal 0 0 -1
    outer loop
      vertex -23.3 -6.28673 0
      vertex -22 -5.48673 0
      vertex -22 -6.28673 0
    endloop
  endfacet
  facet normal -0 0 -1
    outer loop
      vertex -22 -5.48673 0
      vertex -23.3 -6.28673 0
      vertex -23.3 -5.48673 0
    endloop
  endfacet
  facet normal 0 0 -1
    outer loop
      vertex -23.3 -8.31504 0
      vertex -22 -7.51504 0
      vertex -22 -8.31504 0
    endloop
  endfacet
  facet normal -0 0 -1
    outer loop
      vertex -22 -7.51504 0
      vertex -23.3 -8.31504 0
      vertex -23.3 -7.51504 0
    endloop
  endfacet
  facet normal 0 0 -1
    outer loop
      vertex -23.3 -10.3434 0
      vertex -22 -9.54336 0
      vertex -22 -10.3434 0
    endloop
  endfacet
  facet normal -0 0 -1
    outer loop
      vertex -22 -9.54336 0
      vertex -23.3 -10.3434 0
      vertex -23.3 -9.54336 0
    endloop
  endfacet
  facet normal 0 0 -1
    outer loop
      vertex -23.3 -12.3717 0
      vertex -22 -11.5717 0
      vertex -22 -12.3717 0
    endloop
  endfacet
  facet normal -0 0 -1
    outer loop
      vertex -22 -11.5717 0
      vertex -23.3 -12.3717 0
      vertex -23.3 -11.5717 0
    endloop
  endfacet
  facet normal 0 0 -1
    outer loop
      vertex -23.3 -14.4 0
      vertex -22 -13.6 0
      vertex -21.9825 -14.4 0
    endloop
  endfacet
  facet normal -0 0 -1
    outer loop
      vertex -22 -13.6 0
      vertex -23.3 -14.4 0
      vertex -23.3 -13.6 0
    endloop
  endfacet
  facet normal 0 0 -1
    outer loop
      vertex -21.9825 -14.4 0
      vertex -16.0022 -21.7425 0
      vertex -21.8283 -15.6152 0
    endloop
  endfacet
  facet normal 0 0 -1
    outer loop
      vertex -22.9024 -16.72 0
      vertex -21.8283 -15.6152 0
      vertex -21.6269 -16.3895 0
    endloop
  endfacet
  facet normal 0 0 -1
    outer loop
      vertex -21.8283 -15.6152 0
      vertex -22.9024 -16.72 0
      vertex -23.103 -15.9455 0
    endloop
  endfacet
  facet normal 0 0 -1
    outer loop
      vertex -21.6269 -16.3895 0
      vertex -16.0022 -21.7425 0
      vertex -21.174 -17.5278 0
    endloop
  endfacet
  facet normal 0 0 -1
    outer loop
      vertex -21.9355 -18.866 0
      vertex -21.174 -17.5278 0
      vertex -20.784 -18.2263 0
    endloop
  endfacet
  facet normal 0 0 -1
    outer loop
      vertex -21.174 -17.5278 0
      vertex -21.9355 -18.866 0
      vertex -22.324 -18.1667 0
    endloop
  endfacet
  facet normal 0 0 -1
    outer loop
      vertex -20.784 -18.2263 0
      vertex -16.0022 -21.7425 0
      vertex -20.0611 -19.2157 0
    endloop
  endfacet
  facet normal 0 0 -1
    outer loop
      vertex -20.4613 -20.7009 0
      vertex -20.0611 -19.2157 0
      vertex -19.5077 -19.7935 0
    endloop
  endfacet
  facet normal 0 0 -1
    outer loop
      vertex -20.0611 -19.2157 0
      vertex -20.4613 -20.7009 0
      vertex -21.0128 -20.1214 0
    endloop
  endfacet
  facet normal 0 0 -1
    outer loop
      vertex -16.7662 -21.5051 0
      vertex -16.0022 -21.7425 0
      vertex -16.3941 -22.9955 0
    endloop
  endfacet
  facet normal 0 0 -1
    outer loop
      vertex -19.5077 -19.7935 0
      vertex -16.0022 -21.7425 0
      vertex -16.7662 -21.5051 0
    endloop
  endfacet
  facet normal 0 0 -1
    outer loop
      vertex -16.0022 -21.7425 0
      vertex -19.7935 19.5077 0
      vertex -16.3895 21.6269 0
    endloop
  endfacet
  facet normal 0 -0 -1
    outer loop
      vertex -16.7662 -21.5051 0
      vertex -16.3941 -22.9955 0
      vertex -17.1576 -22.7567 0
    endloop
  endfacet
  facet normal 0 0 -1
    outer loop
      vertex -13.9963 -22 0
      vertex -14.6973 21.9696 0
      vertex -14.4 21.9825 0
    endloop
  endfacet
  facet normal 0 0 -1
    outer loop
      vertex -16.0022 -21.7425 0
      vertex -13.9963 -22 0
      vertex -14.7951 -21.9567 0
    endloop
  endfacet
  facet normal 0 -0 -1
    outer loop
      vertex -14.7951 -21.9567 0
      vertex -14.0612 -23.3084 0
      vertex -14.8602 -23.2688 0
    endloop
  endfacet
  facet normal 0 0 -1
    outer loop
      vertex -12.7681 -22 0
      vertex -11.9681 -22 0
      vertex -11.9681 -23.3 0
    endloop
  endfacet
  facet normal 0 0 -1
    outer loop
      vertex -12.7681 -22 0
      vertex -11.9681 -23.3 0
      vertex -12.7681 -23.3 0
    endloop
  endfacet
  facet normal 0 0 -1
    outer loop
      vertex -11.9681 -22 0
      vertex -12.7681 -22 0
      vertex -12.3717 22 0
    endloop
  endfacet
  facet normal 0 0 -1
    outer loop
      vertex -12.7681 -22 0
      vertex -13.6 22 0
      vertex -12.3717 22 0
    endloop
  endfacet
  facet normal 0 0 -1
    outer loop
      vertex -13.9963 -22 0
      vertex -13.6 22 0
      vertex -12.7681 -22 0
    endloop
  endfacet
  facet normal 0 0 -1
    outer loop
      vertex -14.4 21.9825 0
      vertex -13.6 22 0
      vertex -13.9963 -22 0
    endloop
  endfacet
  facet normal 0 0 -1
    outer loop
      vertex -14.7951 -21.9567 0
      vertex -13.9963 -22 0
      vertex -14.0612 -23.3084 0
    endloop
  endfacet
  facet normal 0 0 -1
    outer loop
      vertex -14.4 23.3 0
      vertex -13.6 22 0
      vertex -14.4 21.9825 0
    endloop
  endfacet
  facet normal 0 0 -1
    outer loop
      vertex -13.6 22 0
      vertex -14.4 23.3 0
      vertex -13.6 23.3 0
    endloop
  endfacet
  facet normal 0 0 -1
    outer loop
      vertex -10.7398 -22 0
      vertex -9.93982 -22 0
      vertex -9.93982 -23.3 0
    endloop
  endfacet
  facet normal 0 0 -1
    outer loop
      vertex -10.7398 -22 0
      vertex -9.93982 -23.3 0
      vertex -10.7398 -23.3 0
    endloop
  endfacet
  facet normal 0 0 -1
    outer loop
      vertex -9.93982 -22 0
      vertex -10.7398 -22 0
      vertex -10.3434 22 0
    endloop
  endfacet
  facet normal 0 0 -1
    outer loop
      vertex -10.7398 -22 0
      vertex -11.5717 22 0
      vertex -10.3434 22 0
    endloop
  endfacet
  facet normal 0 0 -1
    outer loop
      vertex -11.9681 -22 0
      vertex -11.5717 22 0
      vertex -10.7398 -22 0
    endloop
  endfacet
  facet normal 0 0 -1
    outer loop
      vertex -12.3717 22 0
      vertex -11.5717 22 0
      vertex -11.9681 -22 0
    endloop
  endfacet
  facet normal 0 0 -1
    outer loop
      vertex -11.5717 22 0
      vertex -12.3717 22 0
      vertex -11.5717 23.3 0
    endloop
  endfacet
  facet normal -0 0 -1
    outer loop
      vertex -11.5717 23.3 0
      vertex -12.3717 22 0
      vertex -12.3717 23.3 0
    endloop
  endfacet
  facet normal 0 0 -1
    outer loop
      vertex -8.7115 -22 0
      vertex -7.9115 -22 0
      vertex -7.9115 -23.3 0
    endloop
  endfacet
  facet normal 0 0 -1
    outer loop
      vertex -8.7115 -22 0
      vertex -7.9115 -23.3 0
      vertex -8.7115 -23.3 0
    endloop
  endfacet
  facet normal 0 0 -1
    outer loop
      vertex -7.9115 -22 0
      vertex -8.7115 -22 0
      vertex -8.31504 22 0
    endloop
  endfacet
  facet normal 0 0 -1
    outer loop
      vertex -8.7115 -22 0
      vertex -9.54336 22 0
      vertex -8.31504 22 0
    endloop
  endfacet
  facet normal 0 0 -1
    outer loop
      vertex -9.93982 -22 0
      vertex -9.54336 22 0
      vertex -8.7115 -22 0
    endloop
  endfacet
  facet normal 0 0 -1
    outer loop
      vertex -10.3434 22 0
      vertex -9.54336 22 0
      vertex -9.93982 -22 0
    endloop
  endfacet
  facet normal 0 0 -1
    outer loop
      vertex -9.54336 22 0
      vertex -10.3434 22 0
      vertex -9.54336 23.3 0
    endloop
  endfacet
  facet normal -0 0 -1
    outer loop
      vertex -9.54336 23.3 0
      vertex -10.3434 22 0
      vertex -10.3434 23.3 0
    endloop
  endfacet
  facet normal 0 0 -1
    outer loop
      vertex -6.68318 -22 0
      vertex -5.88318 -22 0
      vertex -5.88318 -23.3 0
    endloop
  endfacet
  facet normal 0 0 -1
    outer loop
      vertex -6.68318 -22 0
      vertex -5.88318 -23.3 0
      vertex -6.68318 -23.3 0
    endloop
  endfacet
  facet normal 0 0 -1
    outer loop
      vertex -5.88318 -22 0
      vertex -6.68318 -22 0
      vertex -6.28673 22 0
    endloop
  endfacet
  facet normal 0 0 -1
    outer loop
      vertex -6.68318 -22 0
      vertex -7.51504 22 0
      vertex -6.28673 22 0
    endloop
  endfacet
  facet normal 0 0 -1
    outer loop
      vertex -7.9115 -22 0
      vertex -7.51504 22 0
      vertex -6.68318 -22 0
    endloop
  endfacet
  facet normal 0 0 -1
    outer loop
      vertex -8.31504 22 0
      vertex -7.51504 22 0
      vertex -7.9115 -22 0
    endloop
  endfacet
  facet normal 0 0 -1
    outer loop
      vertex -7.51504 22 0
      vertex -8.31504 22 0
      vertex -7.51504 23.3 0
    endloop
  endfacet
  facet normal -0 0 -1
    outer loop
      vertex -7.51504 23.3 0
      vertex -8.31504 22 0
      vertex -8.31504 23.3 0
    endloop
  endfacet
  facet normal 0 0 -1
    outer loop
      vertex -4.65487 -22 0
      vertex -3.85487 -22 0
      vertex -3.85487 -23.3 0
    endloop
  endfacet
  facet normal 0 0 -1
    outer loop
      vertex -4.65487 -22 0
      vertex -3.85487 -23.3 0
      vertex -4.65487 -23.3 0
    endloop
  endfacet
  facet normal 0 0 -1
    outer loop
      vertex -3.85487 -22 0
      vertex -4.65487 -22 0
      vertex -4.25841 22 0
    endloop
  endfacet
  facet normal 0 0 -1
    outer loop
      vertex -4.65487 -22 0
      vertex -5.48673 22 0
      vertex -4.25841 22 0
    endloop
  endfacet
  facet normal 0 0 -1
    outer loop
      vertex -5.88318 -22 0
      vertex -5.48673 22 0
      vertex -4.65487 -22 0
    endloop
  endfacet
  facet normal 0 0 -1
    outer loop
      vertex -6.28673 22 0
      vertex -5.48673 22 0
      vertex -5.88318 -22 0
    endloop
  endfacet
  facet normal 0 0 -1
    outer loop
      vertex -5.48673 22 0
      vertex -6.28673 22 0
      vertex -5.48673 23.3 0
    endloop
  endfacet
  facet normal -0 0 -1
    outer loop
      vertex -5.48673 23.3 0
      vertex -6.28673 22 0
      vertex -6.28673 23.3 0
    endloop
  endfacet
  facet normal 0 0 -1
    outer loop
      vertex -2.62655 -22 0
      vertex -1.82655 -22 0
      vertex -1.82655 -23.3 0
    endloop
  endfacet
  facet normal 0 0 -1
    outer loop
      vertex -2.62655 -22 0
      vertex -1.82655 -23.3 0
      vertex -2.62655 -23.3 0
    endloop
  endfacet
  facet normal 0 0 -1
    outer loop
      vertex -1.82655 -22 0
      vertex -2.62655 -22 0
      vertex -2.23009 22 0
    endloop
  endfacet
  facet normal 0 0 -1
    outer loop
      vertex -2.62655 -22 0
      vertex -3.45841 22 0
      vertex -2.23009 22 0
    endloop
  endfacet
  facet normal 0 0 -1
    outer loop
      vertex -3.85487 -22 0
      vertex -3.45841 22 0
      vertex -2.62655 -22 0
    endloop
  endfacet
  facet normal 0 0 -1
    outer loop
      vertex -4.25841 22 0
      vertex -3.45841 22 0
      vertex -3.85487 -22 0
    endloop
  endfacet
  facet normal 0 0 -1
    outer loop
      vertex -3.45841 22 0
      vertex -4.25841 22 0
      vertex -3.45841 23.3 0
    endloop
  endfacet
  facet normal -0 0 -1
    outer loop
      vertex -3.45841 23.3 0
      vertex -4.25841 22 0
      vertex -4.25841 23.3 0
    endloop
  endfacet
  facet normal 0 0 -1
    outer loop
      vertex -0.598229 -22 0
      vertex 0.20177 -22 0
      vertex 0.20177 -23.3 0
    endloop
  endfacet
  facet normal 0 0 -1
    outer loop
      vertex -0.598229 -22 0
      vertex 0.20177 -23.3 0
      vertex -0.598229 -23.3 0
    endloop
  endfacet
  facet normal 0 0 -1
    outer loop
      vertex 0.20177 -22 0
      vertex -0.598229 -22 0
      vertex -0.20177 22 0
    endloop
  endfacet
  facet normal 0 0 -1
    outer loop
      vertex -0.598229 -22 0
      vertex -1.43009 22 0
      vertex -0.20177 22 0
    endloop
  endfacet
  facet normal 0 0 -1
    outer loop
      vertex -1.82655 -22 0
      vertex -1.43009 22 0
      vertex -0.598229 -22 0
    endloop
  endfacet
  facet normal 0 0 -1
    outer loop
      vertex -2.23009 22 0
      vertex -1.43009 22 0
      vertex -1.82655 -22 0
    endloop
  endfacet
  facet normal 0 0 -1
    outer loop
      vertex -1.43009 22 0
      vertex -2.23009 22 0
      vertex -1.43009 23.3 0
    endloop
  endfacet
  facet normal -0 0 -1
    outer loop
      vertex -1.43009 23.3 0
      vertex -2.23009 22 0
      vertex -2.23009 23.3 0
    endloop
  endfacet
  facet normal 0 0 -1
    outer loop
      vertex 1.43009 -22 0
      vertex 2.23009 -22 0
      vertex 2.23009 -23.3 0
    endloop
  endfacet
  facet normal 0 0 -1
    outer loop
      vertex 1.43009 -22 0
      vertex 2.23009 -23.3 0
      vertex 1.43009 -23.3 0
    endloop
  endfacet
  facet normal 0 0 -1
    outer loop
      vertex 2.23009 -22 0
      vertex 1.43009 -22 0
      vertex 1.82655 22 0
    endloop
  endfacet
  facet normal 0 0 -1
    outer loop
      vertex 1.43009 -22 0
      vertex 0.598229 22 0
      vertex 1.82655 22 0
    endloop
  endfacet
  facet normal 0 0 -1
    outer loop
      vertex 0.20177 -22 0
      vertex 0.598229 22 0
      vertex 1.43009 -22 0
    endloop
  endfacet
  facet normal 0 0 -1
    outer loop
      vertex -0.20177 22 0
      vertex 0.598229 22 0
      vertex 0.20177 -22 0
    endloop
  endfacet
  facet normal 0 0 -1
    outer loop
      vertex 0.598229 22 0
      vertex -0.20177 22 0
      vertex 0.598229 23.3 0
    endloop
  endfacet
  facet normal -0 0 -1
    outer loop
      vertex 0.598229 23.3 0
      vertex -0.20177 22 0
      vertex -0.20177 23.3 0
    endloop
  endfacet
  facet normal 0 0 -1
    outer loop
      vertex 3.45841 -22 0
      vertex 4.25841 -22 0
      vertex 4.25841 -23.3 0
    endloop
  endfacet
  facet normal 0 0 -1
    outer loop
      vertex 3.45841 -22 0
      vertex 4.25841 -23.3 0
      vertex 3.45841 -23.3 0
    endloop
  endfacet
  facet normal 0 0 -1
    outer loop
      vertex 4.25841 -22 0
      vertex 3.45841 -22 0
      vertex 3.85487 22 0
    endloop
  endfacet
  facet normal 0 0 -1
    outer loop
      vertex 3.45841 -22 0
      vertex 2.62655 22 0
      vertex 3.85487 22 0
    endloop
  endfacet
  facet normal 0 0 -1
    outer loop
      vertex 2.23009 -22 0
      vertex 2.62655 22 0
      vertex 3.45841 -22 0
    endloop
  endfacet
  facet normal 0 0 -1
    outer loop
      vertex 1.82655 22 0
      vertex 2.62655 22 0
      vertex 2.23009 -22 0
    endloop
  endfacet
  facet normal 0 0 -1
    outer loop
      vertex 2.62655 22 0
      vertex 1.82655 22 0
      vertex 2.62655 23.3 0
    endloop
  endfacet
  facet normal -0 0 -1
    outer loop
      vertex 2.62655 23.3 0
      vertex 1.82655 22 0
      vertex 1.82655 23.3 0
    endloop
  endfacet
  facet normal 0 0 -1
    outer loop
      vertex 5.48673 -22 0
      vertex 6.28673 -22 0
      vertex 6.28673 -23.3 0
    endloop
  endfacet
  facet normal 0 0 -1
    outer loop
      vertex 5.48673 -22 0
      vertex 6.28673 -23.3 0
      vertex 5.48673 -23.3 0
    endloop
  endfacet
  facet normal 0 0 -1
    outer loop
      vertex 6.28673 -22 0
      vertex 5.48673 -22 0
      vertex 5.88318 22 0
    endloop
  endfacet
  facet normal 0 0 -1
    outer loop
      vertex 5.48673 -22 0
      vertex 4.65487 22 0
      vertex 5.88318 22 0
    endloop
  endfacet
  facet normal 0 0 -1
    outer loop
      vertex 4.25841 -22 0
      vertex 4.65487 22 0
      vertex 5.48673 -22 0
    endloop
  endfacet
  facet normal 0 0 -1
    outer loop
      vertex 3.85487 22 0
      vertex 4.65487 22 0
      vertex 4.25841 -22 0
    endloop
  endfacet
  facet normal 0 0 -1
    outer loop
      vertex 4.65487 22 0
      vertex 3.85487 22 0
      vertex 4.65487 23.3 0
    endloop
  endfacet
  facet normal -0 0 -1
    outer loop
      vertex 4.65487 23.3 0
      vertex 3.85487 22 0
      vertex 3.85487 23.3 0
    endloop
  endfacet
  facet normal 0 0 -1
    outer loop
      vertex 7.51504 -22 0
      vertex 8.31504 -22 0
      vertex 8.31504 -23.3 0
    endloop
  endfacet
  facet normal 0 0 -1
    outer loop
      vertex 7.51504 -22 0
      vertex 8.31504 -23.3 0
      vertex 7.51504 -23.3 0
    endloop
  endfacet
  facet normal 0 0 -1
    outer loop
      vertex 8.31504 -22 0
      vertex 7.51504 -22 0
      vertex 7.9115 22 0
    endloop
  endfacet
  facet normal 0 0 -1
    outer loop
      vertex 7.51504 -22 0
      vertex 6.68318 22 0
      vertex 7.9115 22 0
    endloop
  endfacet
  facet normal 0 0 -1
    outer loop
      vertex 6.28673 -22 0
      vertex 6.68318 22 0
      vertex 7.51504 -22 0
    endloop
  endfacet
  facet normal 0 0 -1
    outer loop
      vertex 5.88318 22 0
      vertex 6.68318 22 0
      vertex 6.28673 -22 0
    endloop
  endfacet
  facet normal 0 0 -1
    outer loop
      vertex 6.68318 22 0
      vertex 5.88318 22 0
      vertex 6.68318 23.3 0
    endloop
  endfacet
  facet normal -0 0 -1
    outer loop
      vertex 6.68318 23.3 0
      vertex 5.88318 22 0
      vertex 5.88318 23.3 0
    endloop
  endfacet
  facet normal 0 0 -1
    outer loop
      vertex 9.54336 -22 0
      vertex 10.3434 -22 0
      vertex 10.3434 -23.3 0
    endloop
  endfacet
  facet normal 0 0 -1
    outer loop
      vertex 9.54336 -22 0
      vertex 10.3434 -23.3 0
      vertex 9.54336 -23.3 0
    endloop
  endfacet
  facet normal 0 0 -1
    outer loop
      vertex 10.3434 -22 0
      vertex 9.54336 -22 0
      vertex 9.93982 22 0
    endloop
  endfacet
  facet normal 0 0 -1
    outer loop
      vertex 9.54336 -22 0
      vertex 8.7115 22 0
      vertex 9.93982 22 0
    endloop
  endfacet
  facet normal 0 0 -1
    outer loop
      vertex 8.31504 -22 0
      vertex 8.7115 22 0
      vertex 9.54336 -22 0
    endloop
  endfacet
  facet normal 0 0 -1
    outer loop
      vertex 7.9115 22 0
      vertex 8.7115 22 0
      vertex 8.31504 -22 0
    endloop
  endfacet
  facet normal 0 0 -1
    outer loop
      vertex 8.7115 22 0
      vertex 7.9115 22 0
      vertex 8.7115 23.3 0
    endloop
  endfacet
  facet normal -0 0 -1
    outer loop
      vertex 8.7115 23.3 0
      vertex 7.9115 22 0
      vertex 7.9115 23.3 0
    endloop
  endfacet
  facet normal 0 0 -1
    outer loop
      vertex 11.5717 -22 0
      vertex 12.3717 -22 0
      vertex 12.3717 -23.3 0
    endloop
  endfacet
  facet normal 0 0 -1
    outer loop
      vertex 11.5717 -22 0
      vertex 12.3717 -23.3 0
      vertex 11.5717 -23.3 0
    endloop
  endfacet
  facet normal 0 0 -1
    outer loop
      vertex 12.3717 -22 0
      vertex 11.5717 -22 0
      vertex 11.9681 22 0
    endloop
  endfacet
  facet normal 0 0 -1
    outer loop
      vertex 11.5717 -22 0
      vertex 10.7398 22 0
      vertex 11.9681 22 0
    endloop
  endfacet
  facet normal 0 0 -1
    outer loop
      vertex 10.3434 -22 0
      vertex 10.7398 22 0
      vertex 11.5717 -22 0
    endloop
  endfacet
  facet normal 0 0 -1
    outer loop
      vertex 9.93982 22 0
      vertex 10.7398 22 0
      vertex 10.3434 -22 0
    endloop
  endfacet
  facet normal 0 0 -1
    outer loop
      vertex 10.7398 22 0
      vertex 9.93982 22 0
      vertex 10.7398 23.3 0
    endloop
  endfacet
  facet normal -0 0 -1
    outer loop
      vertex 10.7398 23.3 0
      vertex 9.93982 22 0
      vertex 9.93982 23.3 0
    endloop
  endfacet
  facet normal 0 0 -1
    outer loop
      vertex 15.9455 -23.103 0
      vertex 16.3895 -21.6269 0
      vertex 16.72 -22.9024 0
    endloop
  endfacet
  facet normal 0 0 -1
    outer loop
      vertex 15.6152 -21.8283 0
      vertex 16.3895 -21.6269 0
      vertex 15.9455 -23.103 0
    endloop
  endfacet
  facet normal 0 0 -1
    outer loop
      vertex 14.4 -21.9825 0
      vertex 16.3895 -21.6269 0
      vertex 15.6152 -21.8283 0
    endloop
  endfacet
  facet normal 0 0 -1
    outer loop
      vertex 14.4 -21.9825 0
      vertex 15.6152 -21.8283 0
      vertex 15.3892 -21.8785 0
    endloop
  endfacet
  facet normal 0 0 -1
    outer loop
      vertex 16.3895 -21.6269 0
      vertex 13.6 -22 0
      vertex 12.3717 -22 0
    endloop
  endfacet
  facet normal 0 -0 -1
    outer loop
      vertex 12.7681 22 0
      vertex 16.3895 -21.6269 0
      vertex 12.3717 -22 0
    endloop
  endfacet
  facet normal 0 0 -1
    outer loop
      vertex 14.4 -21.9825 0
      vertex 15.3892 -21.8785 0
      vertex 14.6973 -21.9696 0
    endloop
  endfacet
  facet normal -0 0 -1
    outer loop
      vertex 18.866 -21.9355 0
      vertex 18.1667 -22.324 0
      vertex 18.2263 -20.784 0
    endloop
  endfacet
  facet normal 0 0 -1
    outer loop
      vertex 20.1214 -21.0128 0
      vertex 19.7935 -19.5077 0
      vertex 20.7009 -20.4613 0
    endloop
  endfacet
  facet normal 0 0 -1
    outer loop
      vertex 19.2157 -20.0611 0
      vertex 19.7935 -19.5077 0
      vertex 20.1214 -21.0128 0
    endloop
  endfacet
  facet normal -0 0 -1
    outer loop
      vertex 22 -0.598229 0
      vertex 16.3895 -21.6269 0
      vertex 22 0.20177 0
    endloop
  endfacet
  facet normal 0 0 -1
    outer loop
      vertex 18.5886 -20.5532 0
      vertex 19.2157 -20.0611 0
      vertex 19.1423 -20.1284 0
    endloop
  endfacet
  facet normal 0 0 -1
    outer loop
      vertex 22 0.20177 0
      vertex 16.0022 21.7425 0
      vertex 19.5077 19.7935 0
    endloop
  endfacet
  facet normal 0 0 -1
    outer loop
      vertex 19.2157 -20.0611 0
      vertex 18.5886 -20.5532 0
      vertex 18.2263 -20.784 0
    endloop
  endfacet
  facet normal -0 0 -1
    outer loop
      vertex 22 0.20177 0
      vertex 16.3895 -21.6269 0
      vertex 16.0022 21.7425 0
    endloop
  endfacet
  facet normal 0 0 -1
    outer loop
      vertex 19.5077 19.7935 0
      vertex 18.5603 20.5713 0
      vertex 19.1423 20.1284 0
    endloop
  endfacet
  facet normal 0 0 -1
    outer loop
      vertex 19.2157 -20.0611 0
      vertex 18.2263 -20.784 0
      vertex 16.3895 -21.6269 0
    endloop
  endfacet
  facet normal 0 0 -1
    outer loop
      vertex 21.6847 -19.2531 0
      vertex 20.9911 -17.8792 0
      vertex 22.1074 -18.5739 0
    endloop
  endfacet
  facet normal 0 0 -1
    outer loop
      vertex 20.5713 -18.5603 0
      vertex 20.9911 -17.8792 0
      vertex 21.6847 -19.2531 0
    endloop
  endfacet
  facet normal -0 0 -1
    outer loop
      vertex 22 -2.62655 0
      vertex 16.3895 -21.6269 0
      vertex 22 -1.82655 0
    endloop
  endfacet
  facet normal 0 0 -1
    outer loop
      vertex 20.1284 -19.1423 0
      vertex 20.5713 -18.5603 0
      vertex 20.5532 -18.5886 0
    endloop
  endfacet
  facet normal 0 0 -1
    outer loop
      vertex 22 0.20177 0
      vertex 19.5077 19.7935 0
      vertex 20.784 18.2263 0
    endloop
  endfacet
  facet normal 0 0 -1
    outer loop
      vertex 20.5713 -18.5603 0
      vertex 20.1284 -19.1423 0
      vertex 19.7935 -19.5077 0
    endloop
  endfacet
  facet normal -0 0 -1
    outer loop
      vertex 22 -1.82655 0
      vertex 16.3895 -21.6269 0
      vertex 22 -0.598229 0
    endloop
  endfacet
  facet normal 0 0 -1
    outer loop
      vertex 20.5532 18.5886 0
      vertex 20.0611 19.2157 0
      vertex 20.1284 19.1423 0
    endloop
  endfacet
  facet normal -0 -0 -1
    outer loop
      vertex 20.0611 19.2157 0
      vertex 20.784 18.2263 0
      vertex 19.5077 19.7935 0
    endloop
  endfacet
  facet normal 0 0 -1
    outer loop
      vertex 22.7567 -17.1576 0
      vertex 21.7425 -16.0022 0
      vertex 22.9955 -16.3941 0
    endloop
  endfacet
  facet normal 0 0 -1
    outer loop
      vertex 22 13.6 0
      vertex 21.5175 16.7362 0
      vertex 21.6269 16.3895 0
    endloop
  endfacet
  facet normal 0 0 -1
    outer loop
      vertex 21.5051 -16.7662 0
      vertex 21.7425 -16.0022 0
      vertex 22.7567 -17.1576 0
    endloop
  endfacet
  facet normal 0 0 -1
    outer loop
      vertex 20.9911 -17.8792 0
      vertex 21.7425 -16.0022 0
      vertex 21.5051 -16.7662 0
    endloop
  endfacet
  facet normal 0 0 -1
    outer loop
      vertex 20.9911 -17.8792 0
      vertex 21.5051 -16.7662 0
      vertex 21.2505 -17.381 0
    endloop
  endfacet
  facet normal 0 0 -1
    outer loop
      vertex 22 0.20177 0
      vertex 20.784 18.2263 0
      vertex 22 1.43009 0
    endloop
  endfacet
  facet normal -0 -0 -1
    outer loop
      vertex 21.174 17.5278 0
      vertex 21.5175 16.7362 0
      vertex 20.784 18.2263 0
    endloop
  endfacet
  facet normal 0 0 -1
    outer loop
      vertex 22 1.43009 0
      vertex 20.784 18.2263 0
      vertex 21.5175 16.7362 0
    endloop
  endfacet
  facet normal 0 0 -1
    outer loop
      vertex 23.2688 -14.8602 0
      vertex 22 -13.9963 0
      vertex 23.3084 -14.0612 0
    endloop
  endfacet
  facet normal 0 0 -1
    outer loop
      vertex 20.9911 -17.8792 0
      vertex 22 -13.9963 0
      vertex 21.7425 -16.0022 0
    endloop
  endfacet
  facet normal 0 0 -1
    outer loop
      vertex 20.5713 -18.5603 0
      vertex 22 -13.9963 0
      vertex 20.9911 -17.8792 0
    endloop
  endfacet
  facet normal 0 0 -1
    outer loop
      vertex 19.7935 -19.5077 0
      vertex 22 -13.9963 0
      vertex 20.5713 -18.5603 0
    endloop
  endfacet
  facet normal 0 0 -1
    outer loop
      vertex 19.2157 -20.0611 0
      vertex 22 -13.9963 0
      vertex 19.7935 -19.5077 0
    endloop
  endfacet
  facet normal 0 0 -1
    outer loop
      vertex 16.3895 -21.6269 0
      vertex 22 -13.9963 0
      vertex 19.2157 -20.0611 0
    endloop
  endfacet
  facet normal -0 0 -1
    outer loop
      vertex 22 -13.9963 0
      vertex 16.3895 -21.6269 0
      vertex 22 -12.7681 0
    endloop
  endfacet
  facet normal -0 0 -1
    outer loop
      vertex 22 -12.7681 0
      vertex 16.3895 -21.6269 0
      vertex 22 -11.9681 0
    endloop
  endfacet
  facet normal -0 0 -1
    outer loop
      vertex 22 -11.9681 0
      vertex 16.3895 -21.6269 0
      vertex 22 -10.7398 0
    endloop
  endfacet
  facet normal -0 0 -1
    outer loop
      vertex 22 -10.7398 0
      vertex 16.3895 -21.6269 0
      vertex 22 -9.93982 0
    endloop
  endfacet
  facet normal -0 0 -1
    outer loop
      vertex 22 -9.93982 0
      vertex 16.3895 -21.6269 0
      vertex 22 -8.7115 0
    endloop
  endfacet
  facet normal -0 0 -1
    outer loop
      vertex 22 -8.7115 0
      vertex 16.3895 -21.6269 0
      vertex 22 -7.9115 0
    endloop
  endfacet
  facet normal -0 0 -1
    outer loop
      vertex 22 -7.9115 0
      vertex 16.3895 -21.6269 0
      vertex 22 -6.68318 0
    endloop
  endfacet
  facet normal -0 0 -1
    outer loop
      vertex 22 -6.68318 0
      vertex 16.3895 -21.6269 0
      vertex 22 -5.88318 0
    endloop
  endfacet
  facet normal -0 0 -1
    outer loop
      vertex 22 -5.88318 0
      vertex 16.3895 -21.6269 0
      vertex 22 -4.65487 0
    endloop
  endfacet
  facet normal -0 0 -1
    outer loop
      vertex 22 -4.65487 0
      vertex 16.3895 -21.6269 0
      vertex 22 -3.85487 0
    endloop
  endfacet
  facet normal -0 0 -1
    outer loop
      vertex 22 -3.85487 0
      vertex 16.3895 -21.6269 0
      vertex 22 -2.62655 0
    endloop
  endfacet
  facet normal 0 0 -1
    outer loop
      vertex 22 1.43009 0
      vertex 21.5175 16.7362 0
      vertex 22 2.23009 0
    endloop
  endfacet
  facet normal 0 0 -1
    outer loop
      vertex 21.5175 16.7362 0
      vertex 22 3.45841 0
      vertex 22 2.23009 0
    endloop
  endfacet
  facet normal 0 0 -1
    outer loop
      vertex 21.5175 16.7362 0
      vertex 22 4.25841 0
      vertex 22 3.45841 0
    endloop
  endfacet
  facet normal 0 0 -1
    outer loop
      vertex 21.5175 16.7362 0
      vertex 22 5.48673 0
      vertex 22 4.25841 0
    endloop
  endfacet
  facet normal 0 0 -1
    outer loop
      vertex 21.5175 16.7362 0
      vertex 22 6.28673 0
      vertex 22 5.48673 0
    endloop
  endfacet
  facet normal 0 0 -1
    outer loop
      vertex 21.5175 16.7362 0
      vertex 22 7.51504 0
      vertex 22 6.28673 0
    endloop
  endfacet
  facet normal 0 0 -1
    outer loop
      vertex 21.5175 16.7362 0
      vertex 22 8.31504 0
      vertex 22 7.51504 0
    endloop
  endfacet
  facet normal 0 0 -1
    outer loop
      vertex 21.5175 16.7362 0
      vertex 22 9.54336 0
      vertex 22 8.31504 0
    endloop
  endfacet
  facet normal 0 0 -1
    outer loop
      vertex 21.5175 16.7362 0
      vertex 22 10.3434 0
      vertex 22 9.54336 0
    endloop
  endfacet
  facet normal 0 0 -1
    outer loop
      vertex 21.5175 16.7362 0
      vertex 22 11.5717 0
      vertex 22 10.3434 0
    endloop
  endfacet
  facet normal 0 0 -1
    outer loop
      vertex 21.5175 16.7362 0
      vertex 22 13.6 0
      vertex 22 12.3717 0
    endloop
  endfacet
  facet normal 0 0 -1
    outer loop
      vertex 22 13.6 0
      vertex 21.6269 16.3895 0
      vertex 21.9825 14.4 0
    endloop
  endfacet
  facet normal 0 0 -1
    outer loop
      vertex 21.9567 -14.7951 0
      vertex 22 -13.9963 0
      vertex 23.2688 -14.8602 0
    endloop
  endfacet
  facet normal 0 0 -1
    outer loop
      vertex 21.7425 -16.0022 0
      vertex 22 -13.9963 0
      vertex 21.9567 -14.7951 0
    endloop
  endfacet
  facet normal 0 0 -1
    outer loop
      vertex 21.7425 -16.0022 0
      vertex 21.9567 -14.7951 0
      vertex 21.8785 -15.3892 0
    endloop
  endfacet
  facet normal 0 0 -1
    outer loop
      vertex 21.5175 16.7362 0
      vertex 22 12.3717 0
      vertex 22 11.5717 0
    endloop
  endfacet
  facet normal 0 0 -1
    outer loop
      vertex 21.9825 14.4 0
      vertex 21.8283 15.6152 0
      vertex 21.9696 14.6973 0
    endloop
  endfacet
  facet normal -0 -0 -1
    outer loop
      vertex 21.8283 15.6152 0
      vertex 21.9825 14.4 0
      vertex 21.6269 16.3895 0
    endloop
  endfacet
  facet normal 0 0 -1
    outer loop
      vertex 22 -12.7681 0
      vertex 23.3 -11.9681 0
      vertex 23.3 -12.7681 0
    endloop
  endfacet
  facet normal -0 0 -1
    outer loop
      vertex 23.3 -11.9681 0
      vertex 22 -12.7681 0
      vertex 22 -11.9681 0
    endloop
  endfacet
  facet normal 0 0 -1
    outer loop
      vertex 22 -10.7398 0
      vertex 23.3 -9.93982 0
      vertex 23.3 -10.7398 0
    endloop
  endfacet
  facet normal -0 0 -1
    outer loop
      vertex 23.3 -9.93982 0
      vertex 22 -10.7398 0
      vertex 22 -9.93982 0
    endloop
  endfacet
  facet normal 0 0 -1
    outer loop
      vertex 22 -8.7115 0
      vertex 23.3 -7.9115 0
      vertex 23.3 -8.7115 0
    endloop
  endfacet
  facet normal -0 0 -1
    outer loop
      vertex 23.3 -7.9115 0
      vertex 22 -8.7115 0
      vertex 22 -7.9115 0
    endloop
  endfacet
  facet normal 0 0 -1
    outer loop
      vertex 22 -6.68318 0
      vertex 23.3 -5.88318 0
      vertex 23.3 -6.68318 0
    endloop
  endfacet
  facet normal -0 0 -1
    outer loop
      vertex 23.3 -5.88318 0
      vertex 22 -6.68318 0
      vertex 22 -5.88318 0
    endloop
  endfacet
  facet normal 0 0 -1
    outer loop
      vertex 22 -4.65487 0
      vertex 23.3 -3.85487 0
      vertex 23.3 -4.65487 0
    endloop
  endfacet
  facet normal -0 0 -1
    outer loop
      vertex 23.3 -3.85487 0
      vertex 22 -4.65487 0
      vertex 22 -3.85487 0
    endloop
  endfacet
  facet normal 0 0 -1
    outer loop
      vertex 22 -2.62655 0
      vertex 23.3 -1.82655 0
      vertex 23.3 -2.62655 0
    endloop
  endfacet
  facet normal -0 0 -1
    outer loop
      vertex 23.3 -1.82655 0
      vertex 22 -2.62655 0
      vertex 22 -1.82655 0
    endloop
  endfacet
  facet normal 0 0 -1
    outer loop
      vertex 22 -0.598229 0
      vertex 23.3 0.20177 0
      vertex 23.3 -0.598229 0
    endloop
  endfacet
  facet normal -0 0 -1
    outer loop
      vertex 23.3 0.20177 0
      vertex 22 -0.598229 0
      vertex 22 0.20177 0
    endloop
  endfacet
  facet normal 0 0 -1
    outer loop
      vertex 22 1.43009 0
      vertex 23.3 2.23009 0
      vertex 23.3 1.43009 0
    endloop
  endfacet
  facet normal -0 0 -1
    outer loop
      vertex 23.3 2.23009 0
      vertex 22 1.43009 0
      vertex 22 2.23009 0
    endloop
  endfacet
  facet normal 0 0 -1
    outer loop
      vertex 22 3.45841 0
      vertex 23.3 4.25841 0
      vertex 23.3 3.45841 0
    endloop
  endfacet
  facet normal -0 0 -1
    outer loop
      vertex 23.3 4.25841 0
      vertex 22 3.45841 0
      vertex 22 4.25841 0
    endloop
  endfacet
  facet normal 0 0 -1
    outer loop
      vertex 22 5.48673 0
      vertex 23.3 6.28673 0
      vertex 23.3 5.48673 0
    endloop
  endfacet
  facet normal -0 0 -1
    outer loop
      vertex 23.3 6.28673 0
      vertex 22 5.48673 0
      vertex 22 6.28673 0
    endloop
  endfacet
  facet normal 0 0 -1
    outer loop
      vertex 22 7.51504 0
      vertex 23.3 8.31504 0
      vertex 23.3 7.51504 0
    endloop
  endfacet
  facet normal -0 0 -1
    outer loop
      vertex 23.3 8.31504 0
      vertex 22 7.51504 0
      vertex 22 8.31504 0
    endloop
  endfacet
  facet normal 0 0 -1
    outer loop
      vertex 22 9.54336 0
      vertex 23.3 10.3434 0
      vertex 23.3 9.54336 0
    endloop
  endfacet
  facet normal -0 0 -1
    outer loop
      vertex 23.3 10.3434 0
      vertex 22 9.54336 0
      vertex 22 10.3434 0
    endloop
  endfacet
  facet normal 0 0 -1
    outer loop
      vertex 22 11.5717 0
      vertex 23.3 12.3717 0
      vertex 23.3 11.5717 0
    endloop
  endfacet
  facet normal -0 0 -1
    outer loop
      vertex 23.3 12.3717 0
      vertex 22 11.5717 0
      vertex 22 12.3717 0
    endloop
  endfacet
  facet normal 0 0 -1
    outer loop
      vertex 22 13.6 0
      vertex 23.3 14.4 0
      vertex 23.3 13.6 0
    endloop
  endfacet
  facet normal -0 0 -1
    outer loop
      vertex 23.3 14.4 0
      vertex 22 13.6 0
      vertex 21.9825 14.4 0
    endloop
  endfacet
  facet normal 0 0 -1
    outer loop
      vertex 21.8283 15.6152 0
      vertex 22.9024 16.72 0
      vertex 23.103 15.9455 0
    endloop
  endfacet
  facet normal 0 0 -1
    outer loop
      vertex 21.8283 15.6152 0
      vertex 21.6269 16.3895 0
      vertex 22.9024 16.72 0
    endloop
  endfacet
  facet normal 0 0 -1
    outer loop
      vertex 21.9696 14.6973 0
      vertex 21.8283 15.6152 0
      vertex 21.8785 15.3892 0
    endloop
  endfacet
  facet normal 0 0 -1
    outer loop
      vertex 21.174 17.5278 0
      vertex 21.9355 18.866 0
      vertex 22.324 18.1667 0
    endloop
  endfacet
  facet normal 0 0 -1
    outer loop
      vertex 21.174 17.5278 0
      vertex 20.784 18.2263 0
      vertex 21.9355 18.866 0
    endloop
  endfacet
  facet normal 0 0 -1
    outer loop
      vertex 21.5175 16.7362 0
      vertex 21.174 17.5278 0
      vertex 21.2505 17.381 0
    endloop
  endfacet
  facet normal 0 0 -1
    outer loop
      vertex 20.0611 19.2157 0
      vertex 20.4613 20.7009 0
      vertex 21.0128 20.1214 0
    endloop
  endfacet
  facet normal 0 0 -1
    outer loop
      vertex 20.0611 19.2157 0
      vertex 19.5077 19.7935 0
      vertex 20.4613 20.7009 0
    endloop
  endfacet
  facet normal 0 0 -1
    outer loop
      vertex 20.784 18.2263 0
      vertex 20.0611 19.2157 0
      vertex 20.5532 18.5886 0
    endloop
  endfacet
  facet normal 0 0 -1
    outer loop
      vertex 18.5603 20.5713 0
      vertex 18.5739 22.1074 0
      vertex 19.2531 21.6847 0
    endloop
  endfacet
  facet normal 0 0 -1
    outer loop
      vertex 17.5278 -21.174 0
      vertex 18.2263 -20.784 0
      vertex 18.1667 -22.324 0
    endloop
  endfacet
  facet normal 0 0 -1
    outer loop
      vertex 16.3895 -21.6269 0
      vertex 18.2263 -20.784 0
      vertex 17.5278 -21.174 0
    endloop
  endfacet
  facet normal -0 -0 -1
    outer loop
      vertex 18.5603 20.5713 0
      vertex 19.5077 19.7935 0
      vertex 16.0022 21.7425 0
    endloop
  endfacet
  facet normal 0 0 -1
    outer loop
      vertex 18.5603 20.5713 0
      vertex 17.8792 20.9911 0
      vertex 18.5739 22.1074 0
    endloop
  endfacet
  facet normal 0 0 -1
    outer loop
      vertex 16.7362 -21.5175 0
      vertex 17.5278 -21.174 0
      vertex 17.381 -21.2505 0
    endloop
  endfacet
  facet normal 0 0 -1
    outer loop
      vertex 19.1423 20.1284 0
      vertex 18.5603 20.5713 0
      vertex 18.5886 20.5532 0
    endloop
  endfacet
  facet normal 0 0 -1
    outer loop
      vertex 17.8792 20.9911 0
      vertex 16.0022 21.7425 0
      vertex 17.381 21.2505 0
    endloop
  endfacet
  facet normal 0 0 -1
    outer loop
      vertex 17.5278 -21.174 0
      vertex 16.7362 -21.5175 0
      vertex 16.3895 -21.6269 0
    endloop
  endfacet
  facet normal 0 0 -1
    outer loop
      vertex 16.7662 21.5051 0
      vertex 16.3941 22.9955 0
      vertex 17.1576 22.7567 0
    endloop
  endfacet
  facet normal 0 0 -1
    outer loop
      vertex 17.381 21.2505 0
      vertex 16.0022 21.7425 0
      vertex 16.7662 21.5051 0
    endloop
  endfacet
  facet normal 0 0 -1
    outer loop
      vertex 18.5603 20.5713 0
      vertex 16.0022 21.7425 0
      vertex 17.8792 20.9911 0
    endloop
  endfacet
  facet normal 0 0 -1
    outer loop
      vertex 16.7662 21.5051 0
      vertex 16.0022 21.7425 0
      vertex 16.3941 22.9955 0
    endloop
  endfacet
  facet normal 0 0 -1
    outer loop
      vertex 16.3895 -21.6269 0
      vertex 14.4 -21.9825 0
      vertex 13.6 -22 0
    endloop
  endfacet
  facet normal 0 0 -1
    outer loop
      vertex 14.7951 21.9567 0
      vertex 14.0612 23.3084 0
      vertex 14.8602 23.2688 0
    endloop
  endfacet
  facet normal -0 -0 -1
    outer loop
      vertex 13.9963 22 0
      vertex 16.0022 21.7425 0
      vertex 12.7681 22 0
    endloop
  endfacet
  facet normal 0 0 -1
    outer loop
      vertex 13.6 -22 0
      vertex 14.4 -21.9825 0
      vertex 14.4 -23.3 0
    endloop
  endfacet
  facet normal 0 0 -1
    outer loop
      vertex 14.7951 21.9567 0
      vertex 13.9963 22 0
      vertex 14.0612 23.3084 0
    endloop
  endfacet
  facet normal 0 0 -1
    outer loop
      vertex 13.6 -22 0
      vertex 14.4 -23.3 0
      vertex 13.6 -23.3 0
    endloop
  endfacet
  facet normal 0 0 -1
    outer loop
      vertex 16.0022 21.7425 0
      vertex 14.7951 21.9567 0
      vertex 15.3892 21.8785 0
    endloop
  endfacet
  facet normal -0 -0 -1
    outer loop
      vertex 14.7951 21.9567 0
      vertex 16.0022 21.7425 0
      vertex 13.9963 22 0
    endloop
  endfacet
  facet normal 0 0 -1
    outer loop
      vertex 16.3895 -21.6269 0
      vertex 12.7681 22 0
      vertex 16.0022 21.7425 0
    endloop
  endfacet
  facet normal 0 0 -1
    outer loop
      vertex 11.9681 22 0
      vertex 12.7681 22 0
      vertex 12.3717 -22 0
    endloop
  endfacet
  facet normal 0 0 -1
    outer loop
      vertex 12.7681 22 0
      vertex 11.9681 22 0
      vertex 12.7681 23.3 0
    endloop
  endfacet
  facet normal -0 0 -1
    outer loop
      vertex 12.7681 23.3 0
      vertex 11.9681 22 0
      vertex 11.9681 23.3 0
    endloop
  endfacet
  facet normal 0 0 -1
    outer loop
      vertex -16.0022 -21.7425 0
      vertex -14.7951 -21.9567 0
      vertex -15.3892 -21.8785 0
    endloop
  endfacet
  facet normal 0 0 -1
    outer loop
      vertex -13.9963 -22 0
      vertex -16.0022 -21.7425 0
      vertex -16.3895 21.6269 0
    endloop
  endfacet
  facet normal 0 -0 -1
    outer loop
      vertex -15.6152 21.8283 0
      vertex -14.6973 21.9696 0
      vertex -16.3895 21.6269 0
    endloop
  endfacet
  facet normal 0 0 -1
    outer loop
      vertex -14.6973 21.9696 0
      vertex -15.6152 21.8283 0
      vertex -15.3892 21.8785 0
    endloop
  endfacet
  facet normal 0 0 -1
    outer loop
      vertex -13.9963 -22 0
      vertex -16.3895 21.6269 0
      vertex -14.6973 21.9696 0
    endloop
  endfacet
  facet normal -0 0 -1
    outer loop
      vertex -15.6152 21.8283 0
      vertex -16.3895 21.6269 0
      vertex -15.9455 23.103 0
    endloop
  endfacet
  facet normal 0 0 -1
    outer loop
      vertex -15.9455 23.103 0
      vertex -16.3895 21.6269 0
      vertex -16.72 22.9024 0
    endloop
  endfacet
  facet normal 0 0 -1
    outer loop
      vertex -17.8792 -20.9911 0
      vertex -16.7662 -21.5051 0
      vertex -17.381 -21.2505 0
    endloop
  endfacet
  facet normal 0 0 -1
    outer loop
      vertex -20.0611 -19.2157 0
      vertex -16.0022 -21.7425 0
      vertex -19.5077 -19.7935 0
    endloop
  endfacet
  facet normal 0 0 -1
    outer loop
      vertex -16.3895 21.6269 0
      vertex -17.5278 21.174 0
      vertex -16.7362 21.5175 0
    endloop
  endfacet
  facet normal 0 0 -1
    outer loop
      vertex -16.7662 -21.5051 0
      vertex -17.8792 -20.9911 0
      vertex -19.5077 -19.7935 0
    endloop
  endfacet
  facet normal 0 0 -1
    outer loop
      vertex -16.7362 21.5175 0
      vertex -17.5278 21.174 0
      vertex -17.381 21.2505 0
    endloop
  endfacet
  facet normal -0 0 -1
    outer loop
      vertex -17.5278 21.174 0
      vertex -18.2263 20.784 0
      vertex -18.1667 22.324 0
    endloop
  endfacet
  facet normal 0 0 -1
    outer loop
      vertex -19.5077 -19.7935 0
      vertex -17.8792 -20.9911 0
      vertex -18.5603 -20.5713 0
    endloop
  endfacet
  facet normal 0 0 -1
    outer loop
      vertex -18.5739 -22.1074 0
      vertex -18.5603 -20.5713 0
      vertex -17.8792 -20.9911 0
    endloop
  endfacet
  facet normal 0 0 -1
    outer loop
      vertex -18.5603 -20.5713 0
      vertex -18.5739 -22.1074 0
      vertex -19.2531 -21.6847 0
    endloop
  endfacet
  facet normal 0 0 -1
    outer loop
      vertex -18.1667 22.324 0
      vertex -18.2263 20.784 0
      vertex -18.866 21.9355 0
    endloop
  endfacet
  facet normal 0 0 -1
    outer loop
      vertex -19.1423 -20.1284 0
      vertex -18.5603 -20.5713 0
      vertex -18.5886 -20.5532 0
    endloop
  endfacet
  facet normal 0 0 -1
    outer loop
      vertex -17.5278 21.174 0
      vertex -19.7935 19.5077 0
      vertex -18.2263 20.784 0
    endloop
  endfacet
  facet normal 0 0 -1
    outer loop
      vertex -18.5603 -20.5713 0
      vertex -19.1423 -20.1284 0
      vertex -19.5077 -19.7935 0
    endloop
  endfacet
  facet normal 0 -0 -1
    outer loop
      vertex -17.5278 21.174 0
      vertex -16.3895 21.6269 0
      vertex -19.7935 19.5077 0
    endloop
  endfacet
  facet normal 0 0 -1
    outer loop
      vertex -18.5886 20.5532 0
      vertex -19.2157 20.0611 0
      vertex -19.1423 20.1284 0
    endloop
  endfacet
  facet normal 0 -0 -1
    outer loop
      vertex -19.2157 20.0611 0
      vertex -18.2263 20.784 0
      vertex -19.7935 19.5077 0
    endloop
  endfacet
  facet normal 0 0 -1
    outer loop
      vertex -18.2263 20.784 0
      vertex -19.2157 20.0611 0
      vertex -18.5886 20.5532 0
    endloop
  endfacet
  facet normal 0 0 -1
    outer loop
      vertex -19.7935 19.5077 0
      vertex -20.1214 21.0128 0
      vertex -19.2157 20.0611 0
    endloop
  endfacet
  facet normal 0 -0 -1
    outer loop
      vertex -20.1214 21.0128 0
      vertex -19.7935 19.5077 0
      vertex -20.7009 20.4613 0
    endloop
  endfacet
  facet normal 0 0 -1
    outer loop
      vertex -20.5532 -18.5886 0
      vertex -20.0611 -19.2157 0
      vertex -20.1284 -19.1423 0
    endloop
  endfacet
  facet normal 0 0 -1
    outer loop
      vertex -16.0022 -21.7425 0
      vertex -20.9911 17.8792 0
      vertex -19.7935 19.5077 0
    endloop
  endfacet
  facet normal 0 0 -1
    outer loop
      vertex -20.0611 -19.2157 0
      vertex -20.5532 -18.5886 0
      vertex -20.784 -18.2263 0
    endloop
  endfacet
  facet normal 0 0 -1
    outer loop
      vertex -21.174 -17.5278 0
      vertex -16.0022 -21.7425 0
      vertex -20.784 -18.2263 0
    endloop
  endfacet
  facet normal 0 0 -1
    outer loop
      vertex -20.1284 19.1423 0
      vertex -20.5713 18.5603 0
      vertex -20.5532 18.5886 0
    endloop
  endfacet
  facet normal 0 0 -1
    outer loop
      vertex -19.7935 19.5077 0
      vertex -20.9911 17.8792 0
      vertex -20.1284 19.1423 0
    endloop
  endfacet
  facet normal 0 0 -1
    outer loop
      vertex -20.1284 19.1423 0
      vertex -20.9911 17.8792 0
      vertex -20.5713 18.5603 0
    endloop
  endfacet
  facet normal 0 0 -1
    outer loop
      vertex -20.9911 17.8792 0
      vertex -21.6847 19.2531 0
      vertex -20.5713 18.5603 0
    endloop
  endfacet
  facet normal 0 -0 -1
    outer loop
      vertex -21.6847 19.2531 0
      vertex -20.9911 17.8792 0
      vertex -22.1074 18.5739 0
    endloop
  endfacet
  facet normal 0 0 -1
    outer loop
      vertex -21.5175 -16.7362 0
      vertex -21.174 -17.5278 0
      vertex -21.2505 -17.381 0
    endloop
  endfacet
  facet normal 0 0 -1
    outer loop
      vertex -21.8283 -15.6152 0
      vertex -16.0022 -21.7425 0
      vertex -21.6269 -16.3895 0
    endloop
  endfacet
  facet normal 0 0 -1
    outer loop
      vertex -20.9911 17.8792 0
      vertex -21.7425 16.0022 0
      vertex -21.2505 17.381 0
    endloop
  endfacet
  facet normal 0 0 -1
    outer loop
      vertex -21.174 -17.5278 0
      vertex -21.5175 -16.7362 0
      vertex -21.6269 -16.3895 0
    endloop
  endfacet
  facet normal 0 0 -1
    outer loop
      vertex -16.0022 -21.7425 0
      vertex -21.7425 16.0022 0
      vertex -20.9911 17.8792 0
    endloop
  endfacet
  facet normal 0 0 -1
    outer loop
      vertex -21.2505 17.381 0
      vertex -21.7425 16.0022 0
      vertex -21.5051 16.7662 0
    endloop
  endfacet
  facet normal 0 0 -1
    outer loop
      vertex -21.7425 16.0022 0
      vertex -22.7567 17.1576 0
      vertex -21.5051 16.7662 0
    endloop
  endfacet
  facet normal 0 -0 -1
    outer loop
      vertex -22.7567 17.1576 0
      vertex -21.7425 16.0022 0
      vertex -22.9955 16.3941 0
    endloop
  endfacet
  facet normal 0 0 -1
    outer loop
      vertex -21.9825 -14.4 0
      vertex -21.8283 -15.6152 0
      vertex -21.8785 -15.3892 0
    endloop
  endfacet
  facet normal 0 0 -1
    outer loop
      vertex -22 -5.48673 0
      vertex -16.0022 -21.7425 0
      vertex -22 -6.28673 0
    endloop
  endfacet
  facet normal 0 0 -1
    outer loop
      vertex -22 -4.25841 0
      vertex -16.0022 -21.7425 0
      vertex -22 -5.48673 0
    endloop
  endfacet
  facet normal 0 0 -1
    outer loop
      vertex -21.9825 -14.4 0
      vertex -21.8785 -15.3892 0
      vertex -21.9696 -14.6973 0
    endloop
  endfacet
  facet normal 0 0 -1
    outer loop
      vertex -16.0022 -21.7425 0
      vertex -21.9825 -14.4 0
      vertex -22 -13.6 0
    endloop
  endfacet
  facet normal 0 0 -1
    outer loop
      vertex -16.0022 -21.7425 0
      vertex -22 -13.6 0
      vertex -22 -12.3717 0
    endloop
  endfacet
  facet normal 0 0 -1
    outer loop
      vertex -16.0022 -21.7425 0
      vertex -22 -12.3717 0
      vertex -22 -11.5717 0
    endloop
  endfacet
  facet normal 0 0 -1
    outer loop
      vertex -16.0022 -21.7425 0
      vertex -22 -11.5717 0
      vertex -22 -10.3434 0
    endloop
  endfacet
  facet normal 0 0 -1
    outer loop
      vertex -16.0022 -21.7425 0
      vertex -22 -10.3434 0
      vertex -22 -9.54336 0
    endloop
  endfacet
  facet normal 0 0 -1
    outer loop
      vertex -16.0022 -21.7425 0
      vertex -22 -9.54336 0
      vertex -22 -8.31504 0
    endloop
  endfacet
  facet normal 0 0 -1
    outer loop
      vertex -16.0022 -21.7425 0
      vertex -22 -8.31504 0
      vertex -22 -7.51504 0
    endloop
  endfacet
  facet normal 0 0 -1
    outer loop
      vertex -16.0022 -21.7425 0
      vertex -22 -7.51504 0
      vertex -22 -6.28673 0
    endloop
  endfacet
  facet normal 0 0 -1
    outer loop
      vertex -22 -3.45841 0
      vertex -16.0022 -21.7425 0
      vertex -22 -4.25841 0
    endloop
  endfacet
  facet normal 0 0 -1
    outer loop
      vertex -22 -2.23009 0
      vertex -16.0022 -21.7425 0
      vertex -22 -3.45841 0
    endloop
  endfacet
  facet normal 0 0 -1
    outer loop
      vertex -22 -1.43009 0
      vertex -16.0022 -21.7425 0
      vertex -22 -2.23009 0
    endloop
  endfacet
  facet normal 0 0 -1
    outer loop
      vertex -22 -0.20177 0
      vertex -16.0022 -21.7425 0
      vertex -22 -1.43009 0
    endloop
  endfacet
  facet normal 0 0 -1
    outer loop
      vertex -22 0.598229 0
      vertex -16.0022 -21.7425 0
      vertex -22 -0.20177 0
    endloop
  endfacet
  facet normal 0 0 -1
    outer loop
      vertex -22 1.82655 0
      vertex -16.0022 -21.7425 0
      vertex -22 0.598229 0
    endloop
  endfacet
  facet normal 0 0 -1
    outer loop
      vertex -22 2.62655 0
      vertex -16.0022 -21.7425 0
      vertex -22 1.82655 0
    endloop
  endfacet
  facet normal 0 0 -1
    outer loop
      vertex -22 3.85487 0
      vertex -16.0022 -21.7425 0
      vertex -22 2.62655 0
    endloop
  endfacet
  facet normal 0 0 -1
    outer loop
      vertex -22 4.65487 0
      vertex -16.0022 -21.7425 0
      vertex -22 3.85487 0
    endloop
  endfacet
  facet normal 0 0 -1
    outer loop
      vertex -22 5.88318 0
      vertex -16.0022 -21.7425 0
      vertex -22 4.65487 0
    endloop
  endfacet
  facet normal 0 0 -1
    outer loop
      vertex -22 6.68318 0
      vertex -16.0022 -21.7425 0
      vertex -22 5.88318 0
    endloop
  endfacet
  facet normal 0 0 -1
    outer loop
      vertex -22 7.9115 0
      vertex -16.0022 -21.7425 0
      vertex -22 6.68318 0
    endloop
  endfacet
  facet normal 0 0 -1
    outer loop
      vertex -22 8.7115 0
      vertex -16.0022 -21.7425 0
      vertex -22 7.9115 0
    endloop
  endfacet
  facet normal 0 0 -1
    outer loop
      vertex -16.0022 -21.7425 0
      vertex -22 8.7115 0
      vertex -21.7425 16.0022 0
    endloop
  endfacet
  facet normal 0 0 -1
    outer loop
      vertex -22 9.93982 0
      vertex -21.7425 16.0022 0
      vertex -22 8.7115 0
    endloop
  endfacet
  facet normal 0 0 -1
    outer loop
      vertex -22 10.7398 0
      vertex -21.7425 16.0022 0
      vertex -22 9.93982 0
    endloop
  endfacet
  facet normal 0 0 -1
    outer loop
      vertex -22 11.9681 0
      vertex -21.7425 16.0022 0
      vertex -22 10.7398 0
    endloop
  endfacet
  facet normal 0 0 -1
    outer loop
      vertex -22 12.7681 0
      vertex -21.7425 16.0022 0
      vertex -22 11.9681 0
    endloop
  endfacet
  facet normal 0 0 -1
    outer loop
      vertex -22 13.9963 0
      vertex -21.7425 16.0022 0
      vertex -22 12.7681 0
    endloop
  endfacet
  facet normal 0 -0 -1
    outer loop
      vertex -21.9567 14.7951 0
      vertex -21.7425 16.0022 0
      vertex -22 13.9963 0
    endloop
  endfacet
  facet normal 0 0 -1
    outer loop
      vertex -21.7425 16.0022 0
      vertex -21.9567 14.7951 0
      vertex -21.8785 15.3892 0
    endloop
  endfacet
  facet normal 0 0 -1
    outer loop
      vertex -22 13.9963 0
      vertex -23.2688 14.8602 0
      vertex -21.9567 14.7951 0
    endloop
  endfacet
  facet normal 0 -0 -1
    outer loop
      vertex -23.2688 14.8602 0
      vertex -22 13.9963 0
      vertex -23.3084 14.0612 0
    endloop
  endfacet
  facet normal 0 0 1
    outer loop
      vertex 18 20.9282 12
      vertex 19.2531 21.6847 12
      vertex 18.5739 22.1074 12
    endloop
  endfacet
  facet normal 0 0 1
    outer loop
      vertex 19.2531 21.6847 12
      vertex 18 20.9282 12
      vertex 18.5603 20.5713 12
    endloop
  endfacet
  facet normal 0 -0 1
    outer loop
      vertex 18 20.9282 12
      vertex 18.5739 22.1074 12
      vertex 17.8792 20.9911 12
    endloop
  endfacet
  facet normal -0 0 1
    outer loop
      vertex -4.25841 23.3 12
      vertex -3.45841 22 12
      vertex -3.45841 23.3 12
    endloop
  endfacet
  facet normal 0 0 1
    outer loop
      vertex -3.45841 22 12
      vertex -4.25841 23.3 12
      vertex -4.25841 22 12
    endloop
  endfacet
  facet normal -0 0 1
    outer loop
      vertex 21.7274 16.0706 12
      vertex 23.103 15.9455 12
      vertex 22.9024 16.72 12
    endloop
  endfacet
  facet normal 0 0 1
    outer loop
      vertex 23.103 15.9455 12
      vertex 21.7274 16.0706 12
      vertex 21.8283 15.6152 12
    endloop
  endfacet
  facet normal 0 -0 1
    outer loop
      vertex 21.7274 16.0706 12
      vertex 22.9024 16.72 12
      vertex 21.6269 16.3895 12
    endloop
  endfacet
  facet normal 0 0 1
    outer loop
      vertex 20.9282 18 12
      vertex 22.324 18.1667 12
      vertex 21.9355 18.866 12
    endloop
  endfacet
  facet normal 0 0 1
    outer loop
      vertex 22.324 18.1667 12
      vertex 20.9282 18 12
      vertex 21.174 17.5278 12
    endloop
  endfacet
  facet normal 0 -0 1
    outer loop
      vertex 20.9282 18 12
      vertex 21.9355 18.866 12
      vertex 20.784 18.2263 12
    endloop
  endfacet
  facet normal 0 0 1
    outer loop
      vertex -13.6 23.3 12
      vertex -14 22 12
      vertex -13.6 22 12
    endloop
  endfacet
  facet normal -0 0 1
    outer loop
      vertex -14.4 23.3 12
      vertex -14 22 12
      vertex -13.6 23.3 12
    endloop
  endfacet
  facet normal 0 0 1
    outer loop
      vertex -14 22 12
      vertex -14.4 23.3 12
      vertex -14.4 21.9825 12
    endloop
  endfacet
  facet normal -0 0 1
    outer loop
      vertex -10.3434 23.3 12
      vertex -9.54336 22 12
      vertex -9.54336 23.3 12
    endloop
  endfacet
  facet normal 0 0 1
    outer loop
      vertex -9.54336 22 12
      vertex -10.3434 23.3 12
      vertex -10.3434 22 12
    endloop
  endfacet
  facet normal -0 0 1
    outer loop
      vertex -2.23009 23.3 12
      vertex -1.43009 22 12
      vertex -1.43009 23.3 12
    endloop
  endfacet
  facet normal 0 0 1
    outer loop
      vertex -1.43009 22 12
      vertex -2.23009 23.3 12
      vertex -2.23009 22 12
    endloop
  endfacet
  facet normal 0 0 1
    outer loop
      vertex 14.8602 23.2688 12
      vertex 14.6973 21.9696 12
      vertex 14.7951 21.9567 12
    endloop
  endfacet
  facet normal 0 0 1
    outer loop
      vertex 14.0612 23.3084 12
      vertex 14.6973 21.9696 12
      vertex 14.8602 23.2688 12
    endloop
  endfacet
  facet normal 0 0 1
    outer loop
      vertex 14.0612 23.3084 12
      vertex 14 22 12
      vertex 14.6973 21.9696 12
    endloop
  endfacet
  facet normal 0 -0 1
    outer loop
      vertex 14 22 12
      vertex 14.0612 23.3084 12
      vertex 13.9963 22 12
    endloop
  endfacet
  facet normal -0 0 1
    outer loop
      vertex 7.9115 23.3 12
      vertex 8.7115 22 12
      vertex 8.7115 23.3 12
    endloop
  endfacet
  facet normal 0 0 1
    outer loop
      vertex 8.7115 22 12
      vertex 7.9115 23.3 12
      vertex 7.9115 22 12
    endloop
  endfacet
  facet normal -0 0 1
    outer loop
      vertex -12.3717 23.3 12
      vertex -11.5717 22 12
      vertex -11.5717 23.3 12
    endloop
  endfacet
  facet normal 0 0 1
    outer loop
      vertex -11.5717 22 12
      vertex -12.3717 23.3 12
      vertex -12.3717 22 12
    endloop
  endfacet
  facet normal -0 0 1
    outer loop
      vertex 11.9681 23.3 12
      vertex 12.7681 22 12
      vertex 12.7681 23.3 12
    endloop
  endfacet
  facet normal 0 0 1
    outer loop
      vertex 12.7681 22 12
      vertex 11.9681 23.3 12
      vertex 11.9681 22 12
    endloop
  endfacet
  facet normal 0 0 1
    outer loop
      vertex 19.6569 19.6569 12
      vertex 21.0128 20.1214 12
      vertex 20.4613 20.7009 12
    endloop
  endfacet
  facet normal 0 0 1
    outer loop
      vertex 21.0128 20.1214 12
      vertex 19.6569 19.6569 12
      vertex 20.0611 19.2157 12
    endloop
  endfacet
  facet normal 0 -0 1
    outer loop
      vertex 19.6569 19.6569 12
      vertex 20.4613 20.7009 12
      vertex 19.5077 19.7935 12
    endloop
  endfacet
  facet normal -0 0 1
    outer loop
      vertex 3.85487 23.3 12
      vertex 4.65487 22 12
      vertex 4.65487 23.3 12
    endloop
  endfacet
  facet normal 0 0 1
    outer loop
      vertex 4.65487 22 12
      vertex 3.85487 23.3 12
      vertex 3.85487 22 12
    endloop
  endfacet
  facet normal -0 0 1
    outer loop
      vertex -8.31504 23.3 12
      vertex -7.51504 22 12
      vertex -7.51504 23.3 12
    endloop
  endfacet
  facet normal 0 0 1
    outer loop
      vertex -7.51504 22 12
      vertex -8.31504 23.3 12
      vertex -8.31504 22 12
    endloop
  endfacet
  facet normal -0 0 1
    outer loop
      vertex 1.82655 23.3 12
      vertex 2.62655 22 12
      vertex 2.62655 23.3 12
    endloop
  endfacet
  facet normal 0 0 1
    outer loop
      vertex 2.62655 22 12
      vertex 1.82655 23.3 12
      vertex 1.82655 22 12
    endloop
  endfacet
  facet normal -0 0 1
    outer loop
      vertex -0.20177 23.3 12
      vertex 0.598229 22 12
      vertex 0.598229 23.3 12
    endloop
  endfacet
  facet normal 0 0 1
    outer loop
      vertex 0.598229 22 12
      vertex -0.20177 23.3 12
      vertex -0.20177 22 12
    endloop
  endfacet
  facet normal -0 0 1
    outer loop
      vertex -6.28673 23.3 12
      vertex -5.48673 22 12
      vertex -5.48673 23.3 12
    endloop
  endfacet
  facet normal 0 0 1
    outer loop
      vertex -5.48673 22 12
      vertex -6.28673 23.3 12
      vertex -6.28673 22 12
    endloop
  endfacet
  facet normal -0 0 1
    outer loop
      vertex 5.88318 23.3 12
      vertex 6.68318 22 12
      vertex 6.68318 23.3 12
    endloop
  endfacet
  facet normal 0 0 1
    outer loop
      vertex 6.68318 22 12
      vertex 5.88318 23.3 12
      vertex 5.88318 22 12
    endloop
  endfacet
  facet normal -0 0 1
    outer loop
      vertex 9.93982 23.3 12
      vertex 10.7398 22 12
      vertex 10.7398 23.3 12
    endloop
  endfacet
  facet normal 0 0 1
    outer loop
      vertex 10.7398 22 12
      vertex 9.93982 23.3 12
      vertex 9.93982 22 12
    endloop
  endfacet
  facet normal 0 0 1
    outer loop
      vertex 17.1576 22.7567 12
      vertex 16.7362 21.5175 12
      vertex 16.7662 21.5051 12
    endloop
  endfacet
  facet normal 0 0 1
    outer loop
      vertex 16.0706 21.7274 12
      vertex 17.1576 22.7567 12
      vertex 16.3941 22.9955 12
    endloop
  endfacet
  facet normal 0 0 1
    outer loop
      vertex 17.1576 22.7567 12
      vertex 16.0706 21.7274 12
      vertex 16.7362 21.5175 12
    endloop
  endfacet
  facet normal 0 -0 1
    outer loop
      vertex 16.0706 21.7274 12
      vertex 16.3941 22.9955 12
      vertex 16.0022 21.7425 12
    endloop
  endfacet
  facet normal 0 0 1
    outer loop
      vertex -18 -20.9282 12
      vertex -18.5739 -22.1074 12
      vertex -17.8792 -20.9911 12
    endloop
  endfacet
  facet normal 0 0 1
    outer loop
      vertex -19.2531 -21.6847 12
      vertex -18 -20.9282 12
      vertex -18.5603 -20.5713 12
    endloop
  endfacet
  facet normal 0 0 1
    outer loop
      vertex -18 -20.9282 12
      vertex -19.2531 -21.6847 12
      vertex -18.5739 -22.1074 12
    endloop
  endfacet
  facet normal -0 0 1
    outer loop
      vertex 3.45841 -22 12
      vertex 4.25841 -23.3 12
      vertex 4.25841 -22 12
    endloop
  endfacet
  facet normal 0 0 1
    outer loop
      vertex 4.25841 -23.3 12
      vertex 3.45841 -22 12
      vertex 3.45841 -23.3 12
    endloop
  endfacet
  facet normal 0 0 1
    outer loop
      vertex -21.7274 -16.0706 12
      vertex -22.9024 -16.72 12
      vertex -21.6269 -16.3895 12
    endloop
  endfacet
  facet normal -0 0 1
    outer loop
      vertex -23.103 -15.9455 12
      vertex -21.7274 -16.0706 12
      vertex -21.8283 -15.6152 12
    endloop
  endfacet
  facet normal 0 0 1
    outer loop
      vertex -21.7274 -16.0706 12
      vertex -23.103 -15.9455 12
      vertex -22.9024 -16.72 12
    endloop
  endfacet
  facet normal 0 0 1
    outer loop
      vertex -20.9282 -18 12
      vertex -21.9355 -18.866 12
      vertex -20.784 -18.2263 12
    endloop
  endfacet
  facet normal 0 0 1
    outer loop
      vertex -22.324 -18.1667 12
      vertex -20.9282 -18 12
      vertex -21.174 -17.5278 12
    endloop
  endfacet
  facet normal 0 0 1
    outer loop
      vertex -20.9282 -18 12
      vertex -22.324 -18.1667 12
      vertex -21.9355 -18.866 12
    endloop
  endfacet
  facet normal -0 0 1
    outer loop
      vertex 14 -22 12
      vertex 14.4 -23.3 12
      vertex 14.4 -21.9825 12
    endloop
  endfacet
  facet normal 0 0 1
    outer loop
      vertex 13.6 -23.3 12
      vertex 14 -22 12
      vertex 13.6 -22 12
    endloop
  endfacet
  facet normal 0 0 1
    outer loop
      vertex 14 -22 12
      vertex 13.6 -23.3 12
      vertex 14.4 -23.3 12
    endloop
  endfacet
  facet normal -0 0 1
    outer loop
      vertex 9.54336 -22 12
      vertex 10.3434 -23.3 12
      vertex 10.3434 -22 12
    endloop
  endfacet
  facet normal 0 0 1
    outer loop
      vertex 10.3434 -23.3 12
      vertex 9.54336 -22 12
      vertex 9.54336 -23.3 12
    endloop
  endfacet
  facet normal -0 0 1
    outer loop
      vertex 1.43009 -22 12
      vertex 2.23009 -23.3 12
      vertex 2.23009 -22 12
    endloop
  endfacet
  facet normal 0 0 1
    outer loop
      vertex 2.23009 -23.3 12
      vertex 1.43009 -22 12
      vertex 1.43009 -23.3 12
    endloop
  endfacet
  facet normal -0 0 1
    outer loop
      vertex -14 -22 12
      vertex -14.0612 -23.3084 12
      vertex -13.9963 -22 12
    endloop
  endfacet
  facet normal 0 0 1
    outer loop
      vertex -14.6973 -21.9696 12
      vertex -14.0612 -23.3084 12
      vertex -14 -22 12
    endloop
  endfacet
  facet normal 0 0 1
    outer loop
      vertex -14.8602 -23.2688 12
      vertex -14.6973 -21.9696 12
      vertex -14.7951 -21.9567 12
    endloop
  endfacet
  facet normal 0 0 1
    outer loop
      vertex -14.6973 -21.9696 12
      vertex -14.8602 -23.2688 12
      vertex -14.0612 -23.3084 12
    endloop
  endfacet
  facet normal -0 0 1
    outer loop
      vertex -8.7115 -22 12
      vertex -7.9115 -23.3 12
      vertex -7.9115 -22 12
    endloop
  endfacet
  facet normal 0 0 1
    outer loop
      vertex -7.9115 -23.3 12
      vertex -8.7115 -22 12
      vertex -8.7115 -23.3 12
    endloop
  endfacet
  facet normal -0 0 1
    outer loop
      vertex 11.5717 -22 12
      vertex 12.3717 -23.3 12
      vertex 12.3717 -22 12
    endloop
  endfacet
  facet normal 0 0 1
    outer loop
      vertex 12.3717 -23.3 12
      vertex 11.5717 -22 12
      vertex 11.5717 -23.3 12
    endloop
  endfacet
  facet normal -0 0 1
    outer loop
      vertex -12.7681 -22 12
      vertex -11.9681 -23.3 12
      vertex -11.9681 -22 12
    endloop
  endfacet
  facet normal 0 0 1
    outer loop
      vertex -11.9681 -23.3 12
      vertex -12.7681 -22 12
      vertex -12.7681 -23.3 12
    endloop
  endfacet
  facet normal 0 0 1
    outer loop
      vertex -19.6569 -19.6569 12
      vertex -20.4613 -20.7009 12
      vertex -19.5077 -19.7935 12
    endloop
  endfacet
  facet normal 0 0 1
    outer loop
      vertex -21.0128 -20.1214 12
      vertex -19.6569 -19.6569 12
      vertex -20.0611 -19.2157 12
    endloop
  endfacet
  facet normal 0 0 1
    outer loop
      vertex -19.6569 -19.6569 12
      vertex -21.0128 -20.1214 12
      vertex -20.4613 -20.7009 12
    endloop
  endfacet
  facet normal -0 0 1
    outer loop
      vertex -4.65487 -22 12
      vertex -3.85487 -23.3 12
      vertex -3.85487 -22 12
    endloop
  endfacet
  facet normal 0 0 1
    outer loop
      vertex -3.85487 -23.3 12
      vertex -4.65487 -22 12
      vertex -4.65487 -23.3 12
    endloop
  endfacet
  facet normal -0 0 1
    outer loop
      vertex 7.51504 -22 12
      vertex 8.31504 -23.3 12
      vertex 8.31504 -22 12
    endloop
  endfacet
  facet normal 0 0 1
    outer loop
      vertex 8.31504 -23.3 12
      vertex 7.51504 -22 12
      vertex 7.51504 -23.3 12
    endloop
  endfacet
  facet normal -0 0 1
    outer loop
      vertex -2.62655 -22 12
      vertex -1.82655 -23.3 12
      vertex -1.82655 -22 12
    endloop
  endfacet
  facet normal 0 0 1
    outer loop
      vertex -1.82655 -23.3 12
      vertex -2.62655 -22 12
      vertex -2.62655 -23.3 12
    endloop
  endfacet
  facet normal -0 0 1
    outer loop
      vertex -0.598229 -22 12
      vertex 0.20177 -23.3 12
      vertex 0.20177 -22 12
    endloop
  endfacet
  facet normal 0 0 1
    outer loop
      vertex 0.20177 -23.3 12
      vertex -0.598229 -22 12
      vertex -0.598229 -23.3 12
    endloop
  endfacet
  facet normal -0 0 1
    outer loop
      vertex 5.48673 -22 12
      vertex 6.28673 -23.3 12
      vertex 6.28673 -22 12
    endloop
  endfacet
  facet normal 0 0 1
    outer loop
      vertex 6.28673 -23.3 12
      vertex 5.48673 -22 12
      vertex 5.48673 -23.3 12
    endloop
  endfacet
  facet normal -0 0 1
    outer loop
      vertex -6.68318 -22 12
      vertex -5.88318 -23.3 12
      vertex -5.88318 -22 12
    endloop
  endfacet
  facet normal 0 0 1
    outer loop
      vertex -5.88318 -23.3 12
      vertex -6.68318 -22 12
      vertex -6.68318 -23.3 12
    endloop
  endfacet
  facet normal -0 0 1
    outer loop
      vertex -10.7398 -22 12
      vertex -9.93982 -23.3 12
      vertex -9.93982 -22 12
    endloop
  endfacet
  facet normal 0 0 1
    outer loop
      vertex -9.93982 -23.3 12
      vertex -10.7398 -22 12
      vertex -10.7398 -23.3 12
    endloop
  endfacet
  facet normal 0 0 1
    outer loop
      vertex -16.0706 -21.7274 12
      vertex -16.3941 -22.9955 12
      vertex -16.0022 -21.7425 12
    endloop
  endfacet
  facet normal 0 0 1
    outer loop
      vertex -17.1576 -22.7567 12
      vertex -16.0706 -21.7274 12
      vertex -16.7362 -21.5175 12
    endloop
  endfacet
  facet normal 0 0 1
    outer loop
      vertex -17.1576 -22.7567 12
      vertex -16.7362 -21.5175 12
      vertex -16.7662 -21.5051 12
    endloop
  endfacet
  facet normal 0 0 1
    outer loop
      vertex -16.0706 -21.7274 12
      vertex -17.1576 -22.7567 12
      vertex -16.3941 -22.9955 12
    endloop
  endfacet
  facet normal -0 0 1
    outer loop
      vertex 20.9282 -18 12
      vertex 22.1074 -18.5739 12
      vertex 20.9911 -17.8792 12
    endloop
  endfacet
  facet normal 0 0 1
    outer loop
      vertex 22.1074 -18.5739 12
      vertex 20.9282 -18 12
      vertex 21.6847 -19.2531 12
    endloop
  endfacet
  facet normal 0 0 1
    outer loop
      vertex 21.6847 -19.2531 12
      vertex 20.9282 -18 12
      vertex 20.5713 -18.5603 12
    endloop
  endfacet
  facet normal -0 0 1
    outer loop
      vertex 22 4.25841 12
      vertex 23.3 3.45841 12
      vertex 23.3 4.25841 12
    endloop
  endfacet
  facet normal 0 0 1
    outer loop
      vertex 23.3 3.45841 12
      vertex 22 4.25841 12
      vertex 22 3.45841 12
    endloop
  endfacet
  facet normal -0 0 1
    outer loop
      vertex 16.0706 -21.7274 12
      vertex 16.72 -22.9024 12
      vertex 16.3895 -21.6269 12
    endloop
  endfacet
  facet normal 0 0 1
    outer loop
      vertex 16.0706 -21.7274 12
      vertex 15.9455 -23.103 12
      vertex 16.72 -22.9024 12
    endloop
  endfacet
  facet normal 0 -0 1
    outer loop
      vertex 15.9455 -23.103 12
      vertex 16.0706 -21.7274 12
      vertex 15.6152 -21.8283 12
    endloop
  endfacet
  facet normal -0 0 1
    outer loop
      vertex 18 -20.9282 12
      vertex 18.866 -21.9355 12
      vertex 18.2263 -20.784 12
    endloop
  endfacet
  facet normal 0 0 1
    outer loop
      vertex 18.866 -21.9355 12
      vertex 18 -20.9282 12
      vertex 18.1667 -22.324 12
    endloop
  endfacet
  facet normal 0 0 1
    outer loop
      vertex 18.1667 -22.324 12
      vertex 18 -20.9282 12
      vertex 17.5278 -21.174 12
    endloop
  endfacet
  facet normal 0 0 1
    outer loop
      vertex 23.3 14.4 12
      vertex 22 14 12
      vertex 23.3 13.6 12
    endloop
  endfacet
  facet normal 0 -0 1
    outer loop
      vertex 22 14 12
      vertex 23.3 14.4 12
      vertex 21.9825 14.4 12
    endloop
  endfacet
  facet normal 0 0 1
    outer loop
      vertex 23.3 13.6 12
      vertex 22 14 12
      vertex 22 13.6 12
    endloop
  endfacet
  facet normal -0 0 1
    outer loop
      vertex 22 10.3434 12
      vertex 23.3 9.54336 12
      vertex 23.3 10.3434 12
    endloop
  endfacet
  facet normal 0 0 1
    outer loop
      vertex 23.3 9.54336 12
      vertex 22 10.3434 12
      vertex 22 9.54336 12
    endloop
  endfacet
  facet normal -0 0 1
    outer loop
      vertex 22 2.23009 12
      vertex 23.3 1.43009 12
      vertex 23.3 2.23009 12
    endloop
  endfacet
  facet normal 0 0 1
    outer loop
      vertex 23.3 1.43009 12
      vertex 22 2.23009 12
      vertex 22 1.43009 12
    endloop
  endfacet
  facet normal -0 0 1
    outer loop
      vertex 22 -14 12
      vertex 23.3084 -14.0612 12
      vertex 22 -13.9963 12
    endloop
  endfacet
  facet normal 0 0 1
    outer loop
      vertex 21.9696 -14.6973 12
      vertex 23.3084 -14.0612 12
      vertex 22 -14 12
    endloop
  endfacet
  facet normal 0 0 1
    outer loop
      vertex 23.3084 -14.0612 12
      vertex 21.9696 -14.6973 12
      vertex 23.2688 -14.8602 12
    endloop
  endfacet
  facet normal 0 0 1
    outer loop
      vertex 23.2688 -14.8602 12
      vertex 21.9696 -14.6973 12
      vertex 21.9567 -14.7951 12
    endloop
  endfacet
  facet normal -0 0 1
    outer loop
      vertex 22 -7.9115 12
      vertex 23.3 -8.7115 12
      vertex 23.3 -7.9115 12
    endloop
  endfacet
  facet normal 0 0 1
    outer loop
      vertex 23.3 -8.7115 12
      vertex 22 -7.9115 12
      vertex 22 -8.7115 12
    endloop
  endfacet
  facet normal -0 0 1
    outer loop
      vertex 22 12.3717 12
      vertex 23.3 11.5717 12
      vertex 23.3 12.3717 12
    endloop
  endfacet
  facet normal 0 0 1
    outer loop
      vertex 23.3 11.5717 12
      vertex 22 12.3717 12
      vertex 22 11.5717 12
    endloop
  endfacet
  facet normal -0 0 1
    outer loop
      vertex 22 -11.9681 12
      vertex 23.3 -12.7681 12
      vertex 23.3 -11.9681 12
    endloop
  endfacet
  facet normal 0 0 1
    outer loop
      vertex 23.3 -12.7681 12
      vertex 22 -11.9681 12
      vertex 22 -12.7681 12
    endloop
  endfacet
  facet normal -0 0 1
    outer loop
      vertex 19.6569 -19.6569 12
      vertex 20.7009 -20.4613 12
      vertex 19.7935 -19.5077 12
    endloop
  endfacet
  facet normal 0 0 1
    outer loop
      vertex 20.7009 -20.4613 12
      vertex 19.6569 -19.6569 12
      vertex 20.1214 -21.0128 12
    endloop
  endfacet
  facet normal 0 0 1
    outer loop
      vertex 20.1214 -21.0128 12
      vertex 19.6569 -19.6569 12
      vertex 19.2157 -20.0611 12
    endloop
  endfacet
  facet normal -0 0 1
    outer loop
      vertex 22 -3.85487 12
      vertex 23.3 -4.65487 12
      vertex 23.3 -3.85487 12
    endloop
  endfacet
  facet normal 0 0 1
    outer loop
      vertex 23.3 -4.65487 12
      vertex 22 -3.85487 12
      vertex 22 -4.65487 12
    endloop
  endfacet
  facet normal -0 0 1
    outer loop
      vertex 22 8.31504 12
      vertex 23.3 7.51504 12
      vertex 23.3 8.31504 12
    endloop
  endfacet
  facet normal 0 0 1
    outer loop
      vertex 23.3 7.51504 12
      vertex 22 8.31504 12
      vertex 22 7.51504 12
    endloop
  endfacet
  facet normal -0 0 1
    outer loop
      vertex 22 -1.82655 12
      vertex 23.3 -2.62655 12
      vertex 23.3 -1.82655 12
    endloop
  endfacet
  facet normal 0 0 1
    outer loop
      vertex 23.3 -2.62655 12
      vertex 22 -1.82655 12
      vertex 22 -2.62655 12
    endloop
  endfacet
  facet normal -0 0 1
    outer loop
      vertex 22 0.20177 12
      vertex 23.3 -0.598229 12
      vertex 23.3 0.20177 12
    endloop
  endfacet
  facet normal 0 0 1
    outer loop
      vertex 23.3 -0.598229 12
      vertex 22 0.20177 12
      vertex 22 -0.598229 12
    endloop
  endfacet
  facet normal -0 0 1
    outer loop
      vertex 22 6.28673 12
      vertex 23.3 5.48673 12
      vertex 23.3 6.28673 12
    endloop
  endfacet
  facet normal 0 0 1
    outer loop
      vertex 23.3 5.48673 12
      vertex 22 6.28673 12
      vertex 22 5.48673 12
    endloop
  endfacet
  facet normal -0 0 1
    outer loop
      vertex 22 -5.88318 12
      vertex 23.3 -6.68318 12
      vertex 23.3 -5.88318 12
    endloop
  endfacet
  facet normal 0 0 1
    outer loop
      vertex 23.3 -6.68318 12
      vertex 22 -5.88318 12
      vertex 22 -6.68318 12
    endloop
  endfacet
  facet normal -0 0 1
    outer loop
      vertex 22 -9.93982 12
      vertex 23.3 -10.7398 12
      vertex 23.3 -9.93982 12
    endloop
  endfacet
  facet normal 0 0 1
    outer loop
      vertex 23.3 -10.7398 12
      vertex 22 -9.93982 12
      vertex 22 -10.7398 12
    endloop
  endfacet
  facet normal -0 0 1
    outer loop
      vertex 21.7274 -16.0706 12
      vertex 22.9955 -16.3941 12
      vertex 21.7425 -16.0022 12
    endloop
  endfacet
  facet normal 0 0 1
    outer loop
      vertex 22.9955 -16.3941 12
      vertex 21.7274 -16.0706 12
      vertex 22.7567 -17.1576 12
    endloop
  endfacet
  facet normal -0 0 1
    outer loop
      vertex 21.5175 -16.7362 12
      vertex 22.7567 -17.1576 12
      vertex 21.7274 -16.0706 12
    endloop
  endfacet
  facet normal 0 0 1
    outer loop
      vertex 22.7567 -17.1576 12
      vertex 21.5175 -16.7362 12
      vertex 21.5051 -16.7662 12
    endloop
  endfacet
  facet normal 0 0 1
    outer loop
      vertex -21.6847 19.2531 12
      vertex -20.9282 18 12
      vertex -20.5713 18.5603 12
    endloop
  endfacet
  facet normal -0 0 1
    outer loop
      vertex -22.1074 18.5739 12
      vertex -20.9282 18 12
      vertex -21.6847 19.2531 12
    endloop
  endfacet
  facet normal 0 0 1
    outer loop
      vertex -20.9282 18 12
      vertex -22.1074 18.5739 12
      vertex -20.9911 17.8792 12
    endloop
  endfacet
  facet normal -0 0 1
    outer loop
      vertex -23.3 -3.45841 12
      vertex -22 -4.25841 12
      vertex -22 -3.45841 12
    endloop
  endfacet
  facet normal 0 0 1
    outer loop
      vertex -22 -4.25841 12
      vertex -23.3 -3.45841 12
      vertex -23.3 -4.25841 12
    endloop
  endfacet
  facet normal 0 0 1
    outer loop
      vertex -15.9455 23.103 12
      vertex -16.0706 21.7274 12
      vertex -15.6152 21.8283 12
    endloop
  endfacet
  facet normal -0 0 1
    outer loop
      vertex -16.72 22.9024 12
      vertex -16.0706 21.7274 12
      vertex -15.9455 23.103 12
    endloop
  endfacet
  facet normal 0 0 1
    outer loop
      vertex -16.0706 21.7274 12
      vertex -16.72 22.9024 12
      vertex -16.3895 21.6269 12
    endloop
  endfacet
  facet normal 0 0 1
    outer loop
      vertex -18.1667 22.324 12
      vertex -18 20.9282 12
      vertex -17.5278 21.174 12
    endloop
  endfacet
  facet normal -0 0 1
    outer loop
      vertex -18.866 21.9355 12
      vertex -18 20.9282 12
      vertex -18.1667 22.324 12
    endloop
  endfacet
  facet normal 0 0 1
    outer loop
      vertex -18 20.9282 12
      vertex -18.866 21.9355 12
      vertex -18.2263 20.784 12
    endloop
  endfacet
  facet normal 0 0 1
    outer loop
      vertex -22 -13.6 12
      vertex -23.3 -13.6 12
      vertex -22 -14 12
    endloop
  endfacet
  facet normal 0 0 1
    outer loop
      vertex -23.3 -14.4 12
      vertex -22 -14 12
      vertex -23.3 -13.6 12
    endloop
  endfacet
  facet normal 0 0 1
    outer loop
      vertex -22 -14 12
      vertex -23.3 -14.4 12
      vertex -21.9825 -14.4 12
    endloop
  endfacet
  facet normal -0 0 1
    outer loop
      vertex -23.3 -9.54336 12
      vertex -22 -10.3434 12
      vertex -22 -9.54336 12
    endloop
  endfacet
  facet normal 0 0 1
    outer loop
      vertex -22 -10.3434 12
      vertex -23.3 -9.54336 12
      vertex -23.3 -10.3434 12
    endloop
  endfacet
  facet normal -0 0 1
    outer loop
      vertex -23.3 -1.43009 12
      vertex -22 -2.23009 12
      vertex -22 -1.43009 12
    endloop
  endfacet
  facet normal 0 0 1
    outer loop
      vertex -22 -2.23009 12
      vertex -23.3 -1.43009 12
      vertex -23.3 -2.23009 12
    endloop
  endfacet
  facet normal 0 0 1
    outer loop
      vertex -23.2688 14.8602 12
      vertex -21.9696 14.6973 12
      vertex -21.9567 14.7951 12
    endloop
  endfacet
  facet normal 0 0 1
    outer loop
      vertex -23.3084 14.0612 12
      vertex -21.9696 14.6973 12
      vertex -23.2688 14.8602 12
    endloop
  endfacet
  facet normal 0 0 1
    outer loop
      vertex -21.9696 14.6973 12
      vertex -23.3084 14.0612 12
      vertex -22 14 12
    endloop
  endfacet
  facet normal 0 0 1
    outer loop
      vertex -22 14 12
      vertex -23.3084 14.0612 12
      vertex -22 13.9963 12
    endloop
  endfacet
  facet normal -0 0 1
    outer loop
      vertex -23.3 8.7115 12
      vertex -22 7.9115 12
      vertex -22 8.7115 12
    endloop
  endfacet
  facet normal 0 0 1
    outer loop
      vertex -22 7.9115 12
      vertex -23.3 8.7115 12
      vertex -23.3 7.9115 12
    endloop
  endfacet
  facet normal -0 0 1
    outer loop
      vertex -23.3 -11.5717 12
      vertex -22 -12.3717 12
      vertex -22 -11.5717 12
    endloop
  endfacet
  facet normal 0 0 1
    outer loop
      vertex -22 -12.3717 12
      vertex -23.3 -11.5717 12
      vertex -23.3 -12.3717 12
    endloop
  endfacet
  facet normal -0 0 1
    outer loop
      vertex -23.3 12.7681 12
      vertex -22 11.9681 12
      vertex -22 12.7681 12
    endloop
  endfacet
  facet normal 0 0 1
    outer loop
      vertex -22 11.9681 12
      vertex -23.3 12.7681 12
      vertex -23.3 11.9681 12
    endloop
  endfacet
  facet normal 0 0 1
    outer loop
      vertex -20.1214 21.0128 12
      vertex -19.6569 19.6569 12
      vertex -19.2157 20.0611 12
    endloop
  endfacet
  facet normal -0 0 1
    outer loop
      vertex -20.7009 20.4613 12
      vertex -19.6569 19.6569 12
      vertex -20.1214 21.0128 12
    endloop
  endfacet
  facet normal 0 0 1
    outer loop
      vertex -19.6569 19.6569 12
      vertex -20.7009 20.4613 12
      vertex -19.7935 19.5077 12
    endloop
  endfacet
  facet normal -0 0 1
    outer loop
      vertex -23.3 4.65487 12
      vertex -22 3.85487 12
      vertex -22 4.65487 12
    endloop
  endfacet
  facet normal 0 0 1
    outer loop
      vertex -22 3.85487 12
      vertex -23.3 4.65487 12
      vertex -23.3 3.85487 12
    endloop
  endfacet
  facet normal -0 0 1
    outer loop
      vertex -23.3 -7.51504 12
      vertex -22 -8.31504 12
      vertex -22 -7.51504 12
    endloop
  endfacet
  facet normal 0 0 1
    outer loop
      vertex -22 -8.31504 12
      vertex -23.3 -7.51504 12
      vertex -23.3 -8.31504 12
    endloop
  endfacet
  facet normal -0 0 1
    outer loop
      vertex -23.3 2.62655 12
      vertex -22 1.82655 12
      vertex -22 2.62655 12
    endloop
  endfacet
  facet normal 0 0 1
    outer loop
      vertex -22 1.82655 12
      vertex -23.3 2.62655 12
      vertex -23.3 1.82655 12
    endloop
  endfacet
  facet normal -0 0 1
    outer loop
      vertex -23.3 0.598229 12
      vertex -22 -0.20177 12
      vertex -22 0.598229 12
    endloop
  endfacet
  facet normal 0 0 1
    outer loop
      vertex -22 -0.20177 12
      vertex -23.3 0.598229 12
      vertex -23.3 -0.20177 12
    endloop
  endfacet
  facet normal -0 0 1
    outer loop
      vertex -23.3 -5.48673 12
      vertex -22 -6.28673 12
      vertex -22 -5.48673 12
    endloop
  endfacet
  facet normal 0 0 1
    outer loop
      vertex -22 -6.28673 12
      vertex -23.3 -5.48673 12
      vertex -23.3 -6.28673 12
    endloop
  endfacet
  facet normal -0 0 1
    outer loop
      vertex -23.3 6.68318 12
      vertex -22 5.88318 12
      vertex -22 6.68318 12
    endloop
  endfacet
  facet normal 0 0 1
    outer loop
      vertex -22 5.88318 12
      vertex -23.3 6.68318 12
      vertex -23.3 5.88318 12
    endloop
  endfacet
  facet normal -0 0 1
    outer loop
      vertex -23.3 10.7398 12
      vertex -22 9.93982 12
      vertex -22 10.7398 12
    endloop
  endfacet
  facet normal 0 0 1
    outer loop
      vertex -22 9.93982 12
      vertex -23.3 10.7398 12
      vertex -23.3 9.93982 12
    endloop
  endfacet
  facet normal 0 0 1
    outer loop
      vertex -22.7567 17.1576 12
      vertex -21.5175 16.7362 12
      vertex -21.5051 16.7662 12
    endloop
  endfacet
  facet normal 0 0 1
    outer loop
      vertex -22.7567 17.1576 12
      vertex -21.7274 16.0706 12
      vertex -21.5175 16.7362 12
    endloop
  endfacet
  facet normal -0 0 1
    outer loop
      vertex -22.9955 16.3941 12
      vertex -21.7274 16.0706 12
      vertex -22.7567 17.1576 12
    endloop
  endfacet
  facet normal 0 0 1
    outer loop
      vertex -21.7274 16.0706 12
      vertex -22.9955 16.3941 12
      vertex -21.7425 16.0022 12
    endloop
  endfacet
  facet normal 1 -0 0
    outer loop
      vertex -13.6 22 12
      vertex -13.6 23.3 0
      vertex -13.6 23.3 12
    endloop
  endfacet
  facet normal 1 0 0
    outer loop
      vertex -13.6 23.3 0
      vertex -13.6 22 12
      vertex -13.6 22 0
    endloop
  endfacet
  facet normal -1 0 0
    outer loop
      vertex -14.4 21.9825 0
      vertex -14.4 23.3 12
      vertex -14.4 23.3 0
    endloop
  endfacet
  facet normal -1 -0 0
    outer loop
      vertex -14.4 23.3 12
      vertex -14.4 21.9825 0
      vertex -14.4 21.9825 12
    endloop
  endfacet
  facet normal 0 1 -0
    outer loop
      vertex -11.5717 23.3 0
      vertex -12.3717 23.3 12
      vertex -11.5717 23.3 12
    endloop
  endfacet
  facet normal 0 1 0
    outer loop
      vertex -12.3717 23.3 12
      vertex -11.5717 23.3 0
      vertex -12.3717 23.3 0
    endloop
  endfacet
  facet normal 1 -0 0
    outer loop
      vertex -11.5717 22 12
      vertex -11.5717 23.3 0
      vertex -11.5717 23.3 12
    endloop
  endfacet
  facet normal 1 0 0
    outer loop
      vertex -11.5717 23.3 0
      vertex -11.5717 22 12
      vertex -11.5717 22 0
    endloop
  endfacet
  facet normal -1 0 0
    outer loop
      vertex -12.3717 22 0
      vertex -12.3717 23.3 12
      vertex -12.3717 23.3 0
    endloop
  endfacet
  facet normal -1 -0 0
    outer loop
      vertex -12.3717 23.3 12
      vertex -12.3717 22 0
      vertex -12.3717 22 12
    endloop
  endfacet
  facet normal 0 1 -0
    outer loop
      vertex -9.54336 23.3 0
      vertex -10.3434 23.3 12
      vertex -9.54336 23.3 12
    endloop
  endfacet
  facet normal 0 1 0
    outer loop
      vertex -10.3434 23.3 12
      vertex -9.54336 23.3 0
      vertex -10.3434 23.3 0
    endloop
  endfacet
  facet normal 1 -0 0
    outer loop
      vertex -9.54336 22 12
      vertex -9.54336 23.3 0
      vertex -9.54336 23.3 12
    endloop
  endfacet
  facet normal 1 0 0
    outer loop
      vertex -9.54336 23.3 0
      vertex -9.54336 22 12
      vertex -9.54336 22 0
    endloop
  endfacet
  facet normal -1 0 0
    outer loop
      vertex -10.3434 22 0
      vertex -10.3434 23.3 12
      vertex -10.3434 23.3 0
    endloop
  endfacet
  facet normal -1 -0 0
    outer loop
      vertex -10.3434 23.3 12
      vertex -10.3434 22 0
      vertex -10.3434 22 12
    endloop
  endfacet
  facet normal 0 1 -0
    outer loop
      vertex -7.51504 23.3 0
      vertex -8.31504 23.3 12
      vertex -7.51504 23.3 12
    endloop
  endfacet
  facet normal 0 1 0
    outer loop
      vertex -8.31504 23.3 12
      vertex -7.51504 23.3 0
      vertex -8.31504 23.3 0
    endloop
  endfacet
  facet normal 1 -0 0
    outer loop
      vertex -7.51504 22 12
      vertex -7.51504 23.3 0
      vertex -7.51504 23.3 12
    endloop
  endfacet
  facet normal 1 0 0
    outer loop
      vertex -7.51504 23.3 0
      vertex -7.51504 22 12
      vertex -7.51504 22 0
    endloop
  endfacet
  facet normal -1 0 0
    outer loop
      vertex -8.31504 22 0
      vertex -8.31504 23.3 12
      vertex -8.31504 23.3 0
    endloop
  endfacet
  facet normal -1 -0 0
    outer loop
      vertex -8.31504 23.3 12
      vertex -8.31504 22 0
      vertex -8.31504 22 12
    endloop
  endfacet
  facet normal 0 1 -0
    outer loop
      vertex -5.48673 23.3 0
      vertex -6.28673 23.3 12
      vertex -5.48673 23.3 12
    endloop
  endfacet
  facet normal 0 1 0
    outer loop
      vertex -6.28673 23.3 12
      vertex -5.48673 23.3 0
      vertex -6.28673 23.3 0
    endloop
  endfacet
  facet normal 1 -0 0
    outer loop
      vertex -5.48673 22 12
      vertex -5.48673 23.3 0
      vertex -5.48673 23.3 12
    endloop
  endfacet
  facet normal 1 0 0
    outer loop
      vertex -5.48673 23.3 0
      vertex -5.48673 22 12
      vertex -5.48673 22 0
    endloop
  endfacet
  facet normal -1 0 0
    outer loop
      vertex -6.28673 22 0
      vertex -6.28673 23.3 12
      vertex -6.28673 23.3 0
    endloop
  endfacet
  facet normal -1 -0 0
    outer loop
      vertex -6.28673 23.3 12
      vertex -6.28673 22 0
      vertex -6.28673 22 12
    endloop
  endfacet
  facet normal 0 1 -0
    outer loop
      vertex -3.45841 23.3 0
      vertex -4.25841 23.3 12
      vertex -3.45841 23.3 12
    endloop
  endfacet
  facet normal 0 1 0
    outer loop
      vertex -4.25841 23.3 12
      vertex -3.45841 23.3 0
      vertex -4.25841 23.3 0
    endloop
  endfacet
  facet normal 1 -0 0
    outer loop
      vertex -3.45841 22 12
      vertex -3.45841 23.3 0
      vertex -3.45841 23.3 12
    endloop
  endfacet
  facet normal 1 0 0
    outer loop
      vertex -3.45841 23.3 0
      vertex -3.45841 22 12
      vertex -3.45841 22 0
    endloop
  endfacet
  facet normal -1 0 0
    outer loop
      vertex -4.25841 22 0
      vertex -4.25841 23.3 12
      vertex -4.25841 23.3 0
    endloop
  endfacet
  facet normal -1 -0 0
    outer loop
      vertex -4.25841 23.3 12
      vertex -4.25841 22 0
      vertex -4.25841 22 12
    endloop
  endfacet
  facet normal 0 1 -0
    outer loop
      vertex -1.43009 23.3 0
      vertex -2.23009 23.3 12
      vertex -1.43009 23.3 12
    endloop
  endfacet
  facet normal 0 1 0
    outer loop
      vertex -2.23009 23.3 12
      vertex -1.43009 23.3 0
      vertex -2.23009 23.3 0
    endloop
  endfacet
  facet normal 1 -0 0
    outer loop
      vertex -1.43009 22 12
      vertex -1.43009 23.3 0
      vertex -1.43009 23.3 12
    endloop
  endfacet
  facet normal 1 0 0
    outer loop
      vertex -1.43009 23.3 0
      vertex -1.43009 22 12
      vertex -1.43009 22 0
    endloop
  endfacet
  facet normal -1 0 0
    outer loop
      vertex -2.23009 22 0
      vertex -2.23009 23.3 12
      vertex -2.23009 23.3 0
    endloop
  endfacet
  facet normal -1 -0 0
    outer loop
      vertex -2.23009 23.3 12
      vertex -2.23009 22 0
      vertex -2.23009 22 12
    endloop
  endfacet
  facet normal 0 1 -0
    outer loop
      vertex 0.598229 23.3 0
      vertex -0.20177 23.3 12
      vertex 0.598229 23.3 12
    endloop
  endfacet
  facet normal 0 1 0
    outer loop
      vertex -0.20177 23.3 12
      vertex 0.598229 23.3 0
      vertex -0.20177 23.3 0
    endloop
  endfacet
  facet normal 1 -0 0
    outer loop
      vertex 0.598229 22 12
      vertex 0.598229 23.3 0
      vertex 0.598229 23.3 12
    endloop
  endfacet
  facet normal 1 0 0
    outer loop
      vertex 0.598229 23.3 0
      vertex 0.598229 22 12
      vertex 0.598229 22 0
    endloop
  endfacet
  facet normal -1 0 0
    outer loop
      vertex -0.20177 22 0
      vertex -0.20177 23.3 12
      vertex -0.20177 23.3 0
    endloop
  endfacet
  facet normal -1 -0 0
    outer loop
      vertex -0.20177 23.3 12
      vertex -0.20177 22 0
      vertex -0.20177 22 12
    endloop
  endfacet
  facet normal 0 1 -0
    outer loop
      vertex 2.62655 23.3 0
      vertex 1.82655 23.3 12
      vertex 2.62655 23.3 12
    endloop
  endfacet
  facet normal 0 1 0
    outer loop
      vertex 1.82655 23.3 12
      vertex 2.62655 23.3 0
      vertex 1.82655 23.3 0
    endloop
  endfacet
  facet normal 1 -0 0
    outer loop
      vertex 2.62655 22 12
      vertex 2.62655 23.3 0
      vertex 2.62655 23.3 12
    endloop
  endfacet
  facet normal 1 0 0
    outer loop
      vertex 2.62655 23.3 0
      vertex 2.62655 22 12
      vertex 2.62655 22 0
    endloop
  endfacet
  facet normal -1 0 0
    outer loop
      vertex 1.82655 22 0
      vertex 1.82655 23.3 12
      vertex 1.82655 23.3 0
    endloop
  endfacet
  facet normal -1 -0 0
    outer loop
      vertex 1.82655 23.3 12
      vertex 1.82655 22 0
      vertex 1.82655 22 12
    endloop
  endfacet
  facet normal 0 1 -0
    outer loop
      vertex 4.65487 23.3 0
      vertex 3.85487 23.3 12
      vertex 4.65487 23.3 12
    endloop
  endfacet
  facet normal 0 1 0
    outer loop
      vertex 3.85487 23.3 12
      vertex 4.65487 23.3 0
      vertex 3.85487 23.3 0
    endloop
  endfacet
  facet normal 1 -0 0
    outer loop
      vertex 4.65487 22 12
      vertex 4.65487 23.3 0
      vertex 4.65487 23.3 12
    endloop
  endfacet
  facet normal 1 0 0
    outer loop
      vertex 4.65487 23.3 0
      vertex 4.65487 22 12
      vertex 4.65487 22 0
    endloop
  endfacet
  facet normal -1 0 0
    outer loop
      vertex 3.85487 22 0
      vertex 3.85487 23.3 12
      vertex 3.85487 23.3 0
    endloop
  endfacet
  facet normal -1 -0 0
    outer loop
      vertex 3.85487 23.3 12
      vertex 3.85487 22 0
      vertex 3.85487 22 12
    endloop
  endfacet
  facet normal 0 1 -0
    outer loop
      vertex 6.68318 23.3 0
      vertex 5.88318 23.3 12
      vertex 6.68318 23.3 12
    endloop
  endfacet
  facet normal 0 1 0
    outer loop
      vertex 5.88318 23.3 12
      vertex 6.68318 23.3 0
      vertex 5.88318 23.3 0
    endloop
  endfacet
  facet normal 1 -0 0
    outer loop
      vertex 6.68318 22 12
      vertex 6.68318 23.3 0
      vertex 6.68318 23.3 12
    endloop
  endfacet
  facet normal 1 0 0
    outer loop
      vertex 6.68318 23.3 0
      vertex 6.68318 22 12
      vertex 6.68318 22 0
    endloop
  endfacet
  facet normal -1 0 0
    outer loop
      vertex 5.88318 22 0
      vertex 5.88318 23.3 12
      vertex 5.88318 23.3 0
    endloop
  endfacet
  facet normal -1 -0 0
    outer loop
      vertex 5.88318 23.3 12
      vertex 5.88318 22 0
      vertex 5.88318 22 12
    endloop
  endfacet
  facet normal 0 1 -0
    outer loop
      vertex 8.7115 23.3 0
      vertex 7.9115 23.3 12
      vertex 8.7115 23.3 12
    endloop
  endfacet
  facet normal 0 1 0
    outer loop
      vertex 7.9115 23.3 12
      vertex 8.7115 23.3 0
      vertex 7.9115 23.3 0
    endloop
  endfacet
  facet normal 1 -0 0
    outer loop
      vertex 8.7115 22 12
      vertex 8.7115 23.3 0
      vertex 8.7115 23.3 12
    endloop
  endfacet
  facet normal 1 0 0
    outer loop
      vertex 8.7115 23.3 0
      vertex 8.7115 22 12
      vertex 8.7115 22 0
    endloop
  endfacet
  facet normal -1 0 0
    outer loop
      vertex 7.9115 22 0
      vertex 7.9115 23.3 12
      vertex 7.9115 23.3 0
    endloop
  endfacet
  facet normal -1 -0 0
    outer loop
      vertex 7.9115 23.3 12
      vertex 7.9115 22 0
      vertex 7.9115 22 12
    endloop
  endfacet
  facet normal 0 1 -0
    outer loop
      vertex 10.7398 23.3 0
      vertex 9.93982 23.3 12
      vertex 10.7398 23.3 12
    endloop
  endfacet
  facet normal 0 1 0
    outer loop
      vertex 9.93982 23.3 12
      vertex 10.7398 23.3 0
      vertex 9.93982 23.3 0
    endloop
  endfacet
  facet normal 1 -0 0
    outer loop
      vertex 10.7398 22 12
      vertex 10.7398 23.3 0
      vertex 10.7398 23.3 12
    endloop
  endfacet
  facet normal 1 0 0
    outer loop
      vertex 10.7398 23.3 0
      vertex 10.7398 22 12
      vertex 10.7398 22 0
    endloop
  endfacet
  facet normal -1 0 0
    outer loop
      vertex 9.93982 22 0
      vertex 9.93982 23.3 12
      vertex 9.93982 23.3 0
    endloop
  endfacet
  facet normal -1 -0 0
    outer loop
      vertex 9.93982 23.3 12
      vertex 9.93982 22 0
      vertex 9.93982 22 12
    endloop
  endfacet
  facet normal 0 1 -0
    outer loop
      vertex 12.7681 23.3 0
      vertex 11.9681 23.3 12
      vertex 12.7681 23.3 12
    endloop
  endfacet
  facet normal 0 1 0
    outer loop
      vertex 11.9681 23.3 12
      vertex 12.7681 23.3 0
      vertex 11.9681 23.3 0
    endloop
  endfacet
  facet normal 1 -0 0
    outer loop
      vertex 12.7681 22 12
      vertex 12.7681 23.3 0
      vertex 12.7681 23.3 12
    endloop
  endfacet
  facet normal 1 0 0
    outer loop
      vertex 12.7681 23.3 0
      vertex 12.7681 22 12
      vertex 12.7681 22 0
    endloop
  endfacet
  facet normal -1 0 0
    outer loop
      vertex 11.9681 22 0
      vertex 11.9681 23.3 12
      vertex 11.9681 23.3 0
    endloop
  endfacet
  facet normal -1 -0 0
    outer loop
      vertex 11.9681 23.3 12
      vertex 11.9681 22 0
      vertex 11.9681 22 12
    endloop
  endfacet
  facet normal 0.0495012 0.998774 -0
    outer loop
      vertex 14.8602 23.2688 0
      vertex 14.0612 23.3084 12
      vertex 14.8602 23.2688 12
    endloop
  endfacet
  facet normal 0.0495012 0.998774 0
    outer loop
      vertex 14.0612 23.3084 12
      vertex 14.8602 23.2688 0
      vertex 14.0612 23.3084 0
    endloop
  endfacet
  facet normal 0.998771 -0.0495542 0
    outer loop
      vertex 14.7951 21.9567 12
      vertex 14.8602 23.2688 0
      vertex 14.8602 23.2688 12
    endloop
  endfacet
  facet normal 0.998771 -0.0495542 0
    outer loop
      vertex 14.8602 23.2688 0
      vertex 14.7951 21.9567 12
      vertex 14.7951 21.9567 0
    endloop
  endfacet
  facet normal -0.998772 0.0495417 0
    outer loop
      vertex 13.9963 22 0
      vertex 14.0612 23.3084 12
      vertex 14.0612 23.3084 0
    endloop
  endfacet
  facet normal -0.998772 0.0495417 0
    outer loop
      vertex 14.0612 23.3084 12
      vertex 13.9963 22 0
      vertex 13.9963 22 12
    endloop
  endfacet
  facet normal 0.29851 0.954407 -0
    outer loop
      vertex 17.1576 22.7567 0
      vertex 16.3941 22.9955 12
      vertex 17.1576 22.7567 12
    endloop
  endfacet
  facet normal 0.29851 0.954407 0
    outer loop
      vertex 16.3941 22.9955 12
      vertex 17.1576 22.7567 0
      vertex 16.3941 22.9955 0
    endloop
  endfacet
  facet normal 0.95442 -0.298466 0
    outer loop
      vertex 16.7662 21.5051 12
      vertex 17.1576 22.7567 0
      vertex 17.1576 22.7567 12
    endloop
  endfacet
  facet normal 0.95442 -0.298466 0
    outer loop
      vertex 17.1576 22.7567 0
      vertex 16.7662 21.5051 12
      vertex 16.7662 21.5051 0
    endloop
  endfacet
  facet normal -0.954407 0.298509 0
    outer loop
      vertex 16.0022 21.7425 0
      vertex 16.3941 22.9955 12
      vertex 16.3941 22.9955 0
    endloop
  endfacet
  facet normal -0.954407 0.298509 0
    outer loop
      vertex 16.3941 22.9955 12
      vertex 16.0022 21.7425 0
      vertex 16.0022 21.7425 12
    endloop
  endfacet
  facet normal 0.52838 0.849008 -0
    outer loop
      vertex 19.2531 21.6847 0
      vertex 18.5739 22.1074 12
      vertex 19.2531 21.6847 12
    endloop
  endfacet
  facet normal 0.52838 0.849008 0
    outer loop
      vertex 18.5739 22.1074 12
      vertex 19.2531 21.6847 0
      vertex 18.5739 22.1074 0
    endloop
  endfacet
  facet normal 0.849051 -0.528312 0
    outer loop
      vertex 18.5603 20.5713 12
      vertex 19.2531 21.6847 0
      vertex 19.2531 21.6847 12
    endloop
  endfacet
  facet normal 0.849051 -0.528312 0
    outer loop
      vertex 19.2531 21.6847 0
      vertex 18.5603 20.5713 12
      vertex 18.5603 20.5713 0
    endloop
  endfacet
  facet normal -0.849018 0.528364 0
    outer loop
      vertex 17.8792 20.9911 0
      vertex 18.5739 22.1074 12
      vertex 18.5739 22.1074 0
    endloop
  endfacet
  facet normal -0.849018 0.528364 0
    outer loop
      vertex 18.5739 22.1074 12
      vertex 17.8792 20.9911 0
      vertex 17.8792 20.9911 12
    endloop
  endfacet
  facet normal 0.724391 0.68939 0
    outer loop
      vertex 21.0128 20.1214 12
      vertex 20.4613 20.7009 0
      vertex 20.4613 20.7009 12
    endloop
  endfacet
  facet normal 0.724391 0.68939 0
    outer loop
      vertex 20.4613 20.7009 0
      vertex 21.0128 20.1214 12
      vertex 21.0128 20.1214 0
    endloop
  endfacet
  facet normal 0.689383 -0.724397 0
    outer loop
      vertex 20.0611 19.2157 0
      vertex 21.0128 20.1214 12
      vertex 20.0611 19.2157 12
    endloop
  endfacet
  facet normal 0.689383 -0.724397 0
    outer loop
      vertex 21.0128 20.1214 12
      vertex 20.0611 19.2157 0
      vertex 21.0128 20.1214 0
    endloop
  endfacet
  facet normal -0.68934 0.724438 0
    outer loop
      vertex 20.4613 20.7009 0
      vertex 19.5077 19.7935 12
      vertex 20.4613 20.7009 12
    endloop
  endfacet
  facet normal -0.68934 0.724438 0
    outer loop
      vertex 19.5077 19.7935 12
      vertex 20.4613 20.7009 0
      vertex 19.5077 19.7935 0
    endloop
  endfacet
  facet normal 0.874157 0.485643 0
    outer loop
      vertex 22.324 18.1667 12
      vertex 21.9355 18.866 0
      vertex 21.9355 18.866 12
    endloop
  endfacet
  facet normal 0.874157 0.485643 0
    outer loop
      vertex 21.9355 18.866 0
      vertex 22.324 18.1667 12
      vertex 22.324 18.1667 0
    endloop
  endfacet
  facet normal 0.485649 -0.874154 0
    outer loop
      vertex 21.174 17.5278 0
      vertex 22.324 18.1667 12
      vertex 21.174 17.5278 12
    endloop
  endfacet
  facet normal 0.485649 -0.874154 0
    outer loop
      vertex 22.324 18.1667 12
      vertex 21.174 17.5278 0
      vertex 22.324 18.1667 0
    endloop
  endfacet
  facet normal -0.48563 0.874164 0
    outer loop
      vertex 21.9355 18.866 0
      vertex 20.784 18.2263 12
      vertex 21.9355 18.866 12
    endloop
  endfacet
  facet normal -0.48563 0.874164 0
    outer loop
      vertex 20.784 18.2263 12
      vertex 21.9355 18.866 0
      vertex 20.784 18.2263 0
    endloop
  endfacet
  facet normal 0.968056 0.250732 0
    outer loop
      vertex 23.103 15.9455 12
      vertex 22.9024 16.72 0
      vertex 22.9024 16.72 12
    endloop
  endfacet
  facet normal 0.968056 0.250732 0
    outer loop
      vertex 22.9024 16.72 0
      vertex 23.103 15.9455 12
      vertex 23.103 15.9455 0
    endloop
  endfacet
  facet normal 0.250836 -0.96803 0
    outer loop
      vertex 21.8283 15.6152 0
      vertex 23.103 15.9455 12
      vertex 21.8283 15.6152 12
    endloop
  endfacet
  facet normal 0.250836 -0.96803 0
    outer loop
      vertex 23.103 15.9455 12
      vertex 21.8283 15.6152 0
      vertex 23.103 15.9455 0
    endloop
  endfacet
  facet normal -0.25083 0.968031 0
    outer loop
      vertex 22.9024 16.72 0
      vertex 21.6269 16.3895 12
      vertex 22.9024 16.72 12
    endloop
  endfacet
  facet normal -0.25083 0.968031 0
    outer loop
      vertex 21.6269 16.3895 12
      vertex 22.9024 16.72 0
      vertex 21.6269 16.3895 0
    endloop
  endfacet
  facet normal 1 -0 0
    outer loop
      vertex 23.3 13.6 12
      vertex 23.3 14.4 0
      vertex 23.3 14.4 12
    endloop
  endfacet
  facet normal 1 0 0
    outer loop
      vertex 23.3 14.4 0
      vertex 23.3 13.6 12
      vertex 23.3 13.6 0
    endloop
  endfacet
  facet normal 0 -1 0
    outer loop
      vertex 22 13.6 0
      vertex 23.3 13.6 12
      vertex 22 13.6 12
    endloop
  endfacet
  facet normal 0 -1 -0
    outer loop
      vertex 23.3 13.6 12
      vertex 22 13.6 0
      vertex 23.3 13.6 0
    endloop
  endfacet
  facet normal 0 1 -0
    outer loop
      vertex 23.3 14.4 0
      vertex 21.9825 14.4 12
      vertex 23.3 14.4 12
    endloop
  endfacet
  facet normal 0 1 0
    outer loop
      vertex 21.9825 14.4 12
      vertex 23.3 14.4 0
      vertex 21.9825 14.4 0
    endloop
  endfacet
  facet normal 1 -0 0
    outer loop
      vertex 23.3 11.5717 12
      vertex 23.3 12.3717 0
      vertex 23.3 12.3717 12
    endloop
  endfacet
  facet normal 1 0 0
    outer loop
      vertex 23.3 12.3717 0
      vertex 23.3 11.5717 12
      vertex 23.3 11.5717 0
    endloop
  endfacet
  facet normal 0 -1 0
    outer loop
      vertex 22 11.5717 0
      vertex 23.3 11.5717 12
      vertex 22 11.5717 12
    endloop
  endfacet
  facet normal 0 -1 -0
    outer loop
      vertex 23.3 11.5717 12
      vertex 22 11.5717 0
      vertex 23.3 11.5717 0
    endloop
  endfacet
  facet normal 0 1 -0
    outer loop
      vertex 23.3 12.3717 0
      vertex 22 12.3717 12
      vertex 23.3 12.3717 12
    endloop
  endfacet
  facet normal 0 1 0
    outer loop
      vertex 22 12.3717 12
      vertex 23.3 12.3717 0
      vertex 22 12.3717 0
    endloop
  endfacet
  facet normal 1 -0 0
    outer loop
      vertex 23.3 9.54336 12
      vertex 23.3 10.3434 0
      vertex 23.3 10.3434 12
    endloop
  endfacet
  facet normal 1 0 0
    outer loop
      vertex 23.3 10.3434 0
      vertex 23.3 9.54336 12
      vertex 23.3 9.54336 0
    endloop
  endfacet
  facet normal 0 -1 0
    outer loop
      vertex 22 9.54336 0
      vertex 23.3 9.54336 12
      vertex 22 9.54336 12
    endloop
  endfacet
  facet normal 0 -1 -0
    outer loop
      vertex 23.3 9.54336 12
      vertex 22 9.54336 0
      vertex 23.3 9.54336 0
    endloop
  endfacet
  facet normal 0 1 -0
    outer loop
      vertex 23.3 10.3434 0
      vertex 22 10.3434 12
      vertex 23.3 10.3434 12
    endloop
  endfacet
  facet normal 0 1 0
    outer loop
      vertex 22 10.3434 12
      vertex 23.3 10.3434 0
      vertex 22 10.3434 0
    endloop
  endfacet
  facet normal 1 -0 0
    outer loop
      vertex 23.3 7.51504 12
      vertex 23.3 8.31504 0
      vertex 23.3 8.31504 12
    endloop
  endfacet
  facet normal 1 0 0
    outer loop
      vertex 23.3 8.31504 0
      vertex 23.3 7.51504 12
      vertex 23.3 7.51504 0
    endloop
  endfacet
  facet normal 0 -1 0
    outer loop
      vertex 22 7.51504 0
      vertex 23.3 7.51504 12
      vertex 22 7.51504 12
    endloop
  endfacet
  facet normal 0 -1 -0
    outer loop
      vertex 23.3 7.51504 12
      vertex 22 7.51504 0
      vertex 23.3 7.51504 0
    endloop
  endfacet
  facet normal 0 1 -0
    outer loop
      vertex 23.3 8.31504 0
      vertex 22 8.31504 12
      vertex 23.3 8.31504 12
    endloop
  endfacet
  facet normal 0 1 0
    outer loop
      vertex 22 8.31504 12
      vertex 23.3 8.31504 0
      vertex 22 8.31504 0
    endloop
  endfacet
  facet normal 1 -0 0
    outer loop
      vertex 23.3 5.48673 12
      vertex 23.3 6.28673 0
      vertex 23.3 6.28673 12
    endloop
  endfacet
  facet normal 1 0 0
    outer loop
      vertex 23.3 6.28673 0
      vertex 23.3 5.48673 12
      vertex 23.3 5.48673 0
    endloop
  endfacet
  facet normal 0 -1 0
    outer loop
      vertex 22 5.48673 0
      vertex 23.3 5.48673 12
      vertex 22 5.48673 12
    endloop
  endfacet
  facet normal 0 -1 -0
    outer loop
      vertex 23.3 5.48673 12
      vertex 22 5.48673 0
      vertex 23.3 5.48673 0
    endloop
  endfacet
  facet normal 0 1 -0
    outer loop
      vertex 23.3 6.28673 0
      vertex 22 6.28673 12
      vertex 23.3 6.28673 12
    endloop
  endfacet
  facet normal 0 1 0
    outer loop
      vertex 22 6.28673 12
      vertex 23.3 6.28673 0
      vertex 22 6.28673 0
    endloop
  endfacet
  facet normal 1 -0 0
    outer loop
      vertex 23.3 3.45841 12
      vertex 23.3 4.25841 0
      vertex 23.3 4.25841 12
    endloop
  endfacet
  facet normal 1 0 0
    outer loop
      vertex 23.3 4.25841 0
      vertex 23.3 3.45841 12
      vertex 23.3 3.45841 0
    endloop
  endfacet
  facet normal 0 -1 0
    outer loop
      vertex 22 3.45841 0
      vertex 23.3 3.45841 12
      vertex 22 3.45841 12
    endloop
  endfacet
  facet normal 0 -1 -0
    outer loop
      vertex 23.3 3.45841 12
      vertex 22 3.45841 0
      vertex 23.3 3.45841 0
    endloop
  endfacet
  facet normal 0 1 -0
    outer loop
      vertex 23.3 4.25841 0
      vertex 22 4.25841 12
      vertex 23.3 4.25841 12
    endloop
  endfacet
  facet normal 0 1 0
    outer loop
      vertex 22 4.25841 12
      vertex 23.3 4.25841 0
      vertex 22 4.25841 0
    endloop
  endfacet
  facet normal 1 -0 0
    outer loop
      vertex 23.3 1.43009 12
      vertex 23.3 2.23009 0
      vertex 23.3 2.23009 12
    endloop
  endfacet
  facet normal 1 0 0
    outer loop
      vertex 23.3 2.23009 0
      vertex 23.3 1.43009 12
      vertex 23.3 1.43009 0
    endloop
  endfacet
  facet normal 0 -1 0
    outer loop
      vertex 22 1.43009 0
      vertex 23.3 1.43009 12
      vertex 22 1.43009 12
    endloop
  endfacet
  facet normal 0 -1 -0
    outer loop
      vertex 23.3 1.43009 12
      vertex 22 1.43009 0
      vertex 23.3 1.43009 0
    endloop
  endfacet
  facet normal 0 1 -0
    outer loop
      vertex 23.3 2.23009 0
      vertex 22 2.23009 12
      vertex 23.3 2.23009 12
    endloop
  endfacet
  facet normal 0 1 0
    outer loop
      vertex 22 2.23009 12
      vertex 23.3 2.23009 0
      vertex 22 2.23009 0
    endloop
  endfacet
  facet normal 1 -0 0
    outer loop
      vertex 23.3 -0.598229 12
      vertex 23.3 0.20177 0
      vertex 23.3 0.20177 12
    endloop
  endfacet
  facet normal 1 0 0
    outer loop
      vertex 23.3 0.20177 0
      vertex 23.3 -0.598229 12
      vertex 23.3 -0.598229 0
    endloop
  endfacet
  facet normal 0 -1 0
    outer loop
      vertex 22 -0.598229 0
      vertex 23.3 -0.598229 12
      vertex 22 -0.598229 12
    endloop
  endfacet
  facet normal 0 -1 -0
    outer loop
      vertex 23.3 -0.598229 12
      vertex 22 -0.598229 0
      vertex 23.3 -0.598229 0
    endloop
  endfacet
  facet normal 0 1 -0
    outer loop
      vertex 23.3 0.20177 0
      vertex 22 0.20177 12
      vertex 23.3 0.20177 12
    endloop
  endfacet
  facet normal 0 1 0
    outer loop
      vertex 22 0.20177 12
      vertex 23.3 0.20177 0
      vertex 22 0.20177 0
    endloop
  endfacet
  facet normal 1 -0 0
    outer loop
      vertex 23.3 -2.62655 12
      vertex 23.3 -1.82655 0
      vertex 23.3 -1.82655 12
    endloop
  endfacet
  facet normal 1 0 0
    outer loop
      vertex 23.3 -1.82655 0
      vertex 23.3 -2.62655 12
      vertex 23.3 -2.62655 0
    endloop
  endfacet
  facet normal 0 -1 0
    outer loop
      vertex 22 -2.62655 0
      vertex 23.3 -2.62655 12
      vertex 22 -2.62655 12
    endloop
  endfacet
  facet normal 0 -1 -0
    outer loop
      vertex 23.3 -2.62655 12
      vertex 22 -2.62655 0
      vertex 23.3 -2.62655 0
    endloop
  endfacet
  facet normal 0 1 -0
    outer loop
      vertex 23.3 -1.82655 0
      vertex 22 -1.82655 12
      vertex 23.3 -1.82655 12
    endloop
  endfacet
  facet normal 0 1 0
    outer loop
      vertex 22 -1.82655 12
      vertex 23.3 -1.82655 0
      vertex 22 -1.82655 0
    endloop
  endfacet
  facet normal 1 -0 0
    outer loop
      vertex 23.3 -4.65487 12
      vertex 23.3 -3.85487 0
      vertex 23.3 -3.85487 12
    endloop
  endfacet
  facet normal 1 0 0
    outer loop
      vertex 23.3 -3.85487 0
      vertex 23.3 -4.65487 12
      vertex 23.3 -4.65487 0
    endloop
  endfacet
  facet normal 0 -1 0
    outer loop
      vertex 22 -4.65487 0
      vertex 23.3 -4.65487 12
      vertex 22 -4.65487 12
    endloop
  endfacet
  facet normal 0 -1 -0
    outer loop
      vertex 23.3 -4.65487 12
      vertex 22 -4.65487 0
      vertex 23.3 -4.65487 0
    endloop
  endfacet
  facet normal 0 1 -0
    outer loop
      vertex 23.3 -3.85487 0
      vertex 22 -3.85487 12
      vertex 23.3 -3.85487 12
    endloop
  endfacet
  facet normal 0 1 0
    outer loop
      vertex 22 -3.85487 12
      vertex 23.3 -3.85487 0
      vertex 22 -3.85487 0
    endloop
  endfacet
  facet normal 1 -0 0
    outer loop
      vertex 23.3 -6.68318 12
      vertex 23.3 -5.88318 0
      vertex 23.3 -5.88318 12
    endloop
  endfacet
  facet normal 1 0 0
    outer loop
      vertex 23.3 -5.88318 0
      vertex 23.3 -6.68318 12
      vertex 23.3 -6.68318 0
    endloop
  endfacet
  facet normal 0 -1 0
    outer loop
      vertex 22 -6.68318 0
      vertex 23.3 -6.68318 12
      vertex 22 -6.68318 12
    endloop
  endfacet
  facet normal 0 -1 -0
    outer loop
      vertex 23.3 -6.68318 12
      vertex 22 -6.68318 0
      vertex 23.3 -6.68318 0
    endloop
  endfacet
  facet normal 0 1 -0
    outer loop
      vertex 23.3 -5.88318 0
      vertex 22 -5.88318 12
      vertex 23.3 -5.88318 12
    endloop
  endfacet
  facet normal 0 1 0
    outer loop
      vertex 22 -5.88318 12
      vertex 23.3 -5.88318 0
      vertex 22 -5.88318 0
    endloop
  endfacet
  facet normal 1 -0 0
    outer loop
      vertex 23.3 -8.7115 12
      vertex 23.3 -7.9115 0
      vertex 23.3 -7.9115 12
    endloop
  endfacet
  facet normal 1 0 0
    outer loop
      vertex 23.3 -7.9115 0
      vertex 23.3 -8.7115 12
      vertex 23.3 -8.7115 0
    endloop
  endfacet
  facet normal 0 -1 0
    outer loop
      vertex 22 -8.7115 0
      vertex 23.3 -8.7115 12
      vertex 22 -8.7115 12
    endloop
  endfacet
  facet normal 0 -1 -0
    outer loop
      vertex 23.3 -8.7115 12
      vertex 22 -8.7115 0
      vertex 23.3 -8.7115 0
    endloop
  endfacet
  facet normal 0 1 -0
    outer loop
      vertex 23.3 -7.9115 0
      vertex 22 -7.9115 12
      vertex 23.3 -7.9115 12
    endloop
  endfacet
  facet normal 0 1 0
    outer loop
      vertex 22 -7.9115 12
      vertex 23.3 -7.9115 0
      vertex 22 -7.9115 0
    endloop
  endfacet
  facet normal 1 -0 0
    outer loop
      vertex 23.3 -10.7398 12
      vertex 23.3 -9.93982 0
      vertex 23.3 -9.93982 12
    endloop
  endfacet
  facet normal 1 0 0
    outer loop
      vertex 23.3 -9.93982 0
      vertex 23.3 -10.7398 12
      vertex 23.3 -10.7398 0
    endloop
  endfacet
  facet normal 0 -1 0
    outer loop
      vertex 22 -10.7398 0
      vertex 23.3 -10.7398 12
      vertex 22 -10.7398 12
    endloop
  endfacet
  facet normal 0 -1 -0
    outer loop
      vertex 23.3 -10.7398 12
      vertex 22 -10.7398 0
      vertex 23.3 -10.7398 0
    endloop
  endfacet
  facet normal 0 1 -0
    outer loop
      vertex 23.3 -9.93982 0
      vertex 22 -9.93982 12
      vertex 23.3 -9.93982 12
    endloop
  endfacet
  facet normal 0 1 0
    outer loop
      vertex 22 -9.93982 12
      vertex 23.3 -9.93982 0
      vertex 22 -9.93982 0
    endloop
  endfacet
  facet normal 1 -0 0
    outer loop
      vertex 23.3 -12.7681 12
      vertex 23.3 -11.9681 0
      vertex 23.3 -11.9681 12
    endloop
  endfacet
  facet normal 1 0 0
    outer loop
      vertex 23.3 -11.9681 0
      vertex 23.3 -12.7681 12
      vertex 23.3 -12.7681 0
    endloop
  endfacet
  facet normal 0 -1 0
    outer loop
      vertex 22 -12.7681 0
      vertex 23.3 -12.7681 12
      vertex 22 -12.7681 12
    endloop
  endfacet
  facet normal 0 -1 -0
    outer loop
      vertex 23.3 -12.7681 12
      vertex 22 -12.7681 0
      vertex 23.3 -12.7681 0
    endloop
  endfacet
  facet normal 0 1 -0
    outer loop
      vertex 23.3 -11.9681 0
      vertex 22 -11.9681 12
      vertex 23.3 -11.9681 12
    endloop
  endfacet
  facet normal 0 1 0
    outer loop
      vertex 22 -11.9681 12
      vertex 23.3 -11.9681 0
      vertex 22 -11.9681 0
    endloop
  endfacet
  facet normal 0.998774 -0.0495012 0
    outer loop
      vertex 23.2688 -14.8602 12
      vertex 23.3084 -14.0612 0
      vertex 23.3084 -14.0612 12
    endloop
  endfacet
  facet normal 0.998774 -0.0495012 0
    outer loop
      vertex 23.3084 -14.0612 0
      vertex 23.2688 -14.8602 12
      vertex 23.2688 -14.8602 0
    endloop
  endfacet
  facet normal -0.0495542 -0.998771 0
    outer loop
      vertex 21.9567 -14.7951 0
      vertex 23.2688 -14.8602 12
      vertex 21.9567 -14.7951 12
    endloop
  endfacet
  facet normal -0.0495542 -0.998771 -0
    outer loop
      vertex 23.2688 -14.8602 12
      vertex 21.9567 -14.7951 0
      vertex 23.2688 -14.8602 0
    endloop
  endfacet
  facet normal 0.0495417 0.998772 -0
    outer loop
      vertex 23.3084 -14.0612 0
      vertex 22 -13.9963 12
      vertex 23.3084 -14.0612 12
    endloop
  endfacet
  facet normal 0.0495417 0.998772 0
    outer loop
      vertex 22 -13.9963 12
      vertex 23.3084 -14.0612 0
      vertex 22 -13.9963 0
    endloop
  endfacet
  facet normal 0.954407 -0.29851 0
    outer loop
      vertex 22.7567 -17.1576 12
      vertex 22.9955 -16.3941 0
      vertex 22.9955 -16.3941 12
    endloop
  endfacet
  facet normal 0.954407 -0.29851 0
    outer loop
      vertex 22.9955 -16.3941 0
      vertex 22.7567 -17.1576 12
      vertex 22.7567 -17.1576 0
    endloop
  endfacet
  facet normal -0.298466 -0.95442 0
    outer loop
      vertex 21.5051 -16.7662 0
      vertex 22.7567 -17.1576 12
      vertex 21.5051 -16.7662 12
    endloop
  endfacet
  facet normal -0.298466 -0.95442 -0
    outer loop
      vertex 22.7567 -17.1576 12
      vertex 21.5051 -16.7662 0
      vertex 22.7567 -17.1576 0
    endloop
  endfacet
  facet normal 0.298509 0.954407 -0
    outer loop
      vertex 22.9955 -16.3941 0
      vertex 21.7425 -16.0022 12
      vertex 22.9955 -16.3941 12
    endloop
  endfacet
  facet normal 0.298509 0.954407 0
    outer loop
      vertex 21.7425 -16.0022 12
      vertex 22.9955 -16.3941 0
      vertex 21.7425 -16.0022 0
    endloop
  endfacet
  facet normal 0.849008 -0.52838 0
    outer loop
      vertex 21.6847 -19.2531 12
      vertex 22.1074 -18.5739 0
      vertex 22.1074 -18.5739 12
    endloop
  endfacet
  facet normal 0.849008 -0.52838 0
    outer loop
      vertex 22.1074 -18.5739 0
      vertex 21.6847 -19.2531 12
      vertex 21.6847 -19.2531 0
    endloop
  endfacet
  facet normal -0.528312 -0.849051 0
    outer loop
      vertex 20.5713 -18.5603 0
      vertex 21.6847 -19.2531 12
      vertex 20.5713 -18.5603 12
    endloop
  endfacet
  facet normal -0.528312 -0.849051 -0
    outer loop
      vertex 21.6847 -19.2531 12
      vertex 20.5713 -18.5603 0
      vertex 21.6847 -19.2531 0
    endloop
  endfacet
  facet normal 0.528364 0.849018 -0
    outer loop
      vertex 22.1074 -18.5739 0
      vertex 20.9911 -17.8792 12
      vertex 22.1074 -18.5739 12
    endloop
  endfacet
  facet normal 0.528364 0.849018 0
    outer loop
      vertex 20.9911 -17.8792 12
      vertex 22.1074 -18.5739 0
      vertex 20.9911 -17.8792 0
    endloop
  endfacet
  facet normal 0.68939 -0.724391 0
    outer loop
      vertex 20.1214 -21.0128 0
      vertex 20.7009 -20.4613 12
      vertex 20.1214 -21.0128 12
    endloop
  endfacet
  facet normal 0.68939 -0.724391 0
    outer loop
      vertex 20.7009 -20.4613 12
      vertex 20.1214 -21.0128 0
      vertex 20.7009 -20.4613 0
    endloop
  endfacet
  facet normal -0.724397 -0.689383 0
    outer loop
      vertex 20.1214 -21.0128 0
      vertex 19.2157 -20.0611 12
      vertex 19.2157 -20.0611 0
    endloop
  endfacet
  facet normal -0.724397 -0.689383 0
    outer loop
      vertex 19.2157 -20.0611 12
      vertex 20.1214 -21.0128 0
      vertex 20.1214 -21.0128 12
    endloop
  endfacet
  facet normal 0.724438 0.68934 0
    outer loop
      vertex 20.7009 -20.4613 12
      vertex 19.7935 -19.5077 0
      vertex 19.7935 -19.5077 12
    endloop
  endfacet
  facet normal 0.724438 0.68934 0
    outer loop
      vertex 19.7935 -19.5077 0
      vertex 20.7009 -20.4613 12
      vertex 20.7009 -20.4613 0
    endloop
  endfacet
  facet normal 0.485643 -0.874157 0
    outer loop
      vertex 18.1667 -22.324 0
      vertex 18.866 -21.9355 12
      vertex 18.1667 -22.324 12
    endloop
  endfacet
  facet normal 0.485643 -0.874157 0
    outer loop
      vertex 18.866 -21.9355 12
      vertex 18.1667 -22.324 0
      vertex 18.866 -21.9355 0
    endloop
  endfacet
  facet normal -0.874154 -0.485649 0
    outer loop
      vertex 18.1667 -22.324 0
      vertex 17.5278 -21.174 12
      vertex 17.5278 -21.174 0
    endloop
  endfacet
  facet normal -0.874154 -0.485649 0
    outer loop
      vertex 17.5278 -21.174 12
      vertex 18.1667 -22.324 0
      vertex 18.1667 -22.324 12
    endloop
  endfacet
  facet normal 0.874164 0.48563 0
    outer loop
      vertex 18.866 -21.9355 12
      vertex 18.2263 -20.784 0
      vertex 18.2263 -20.784 12
    endloop
  endfacet
  facet normal 0.874164 0.48563 0
    outer loop
      vertex 18.2263 -20.784 0
      vertex 18.866 -21.9355 12
      vertex 18.866 -21.9355 0
    endloop
  endfacet
  facet normal 0.250732 -0.968056 0
    outer loop
      vertex 15.9455 -23.103 0
      vertex 16.72 -22.9024 12
      vertex 15.9455 -23.103 12
    endloop
  endfacet
  facet normal 0.250732 -0.968056 0
    outer loop
      vertex 16.72 -22.9024 12
      vertex 15.9455 -23.103 0
      vertex 16.72 -22.9024 0
    endloop
  endfacet
  facet normal -0.96803 -0.250836 0
    outer loop
      vertex 15.9455 -23.103 0
      vertex 15.6152 -21.8283 12
      vertex 15.6152 -21.8283 0
    endloop
  endfacet
  facet normal -0.96803 -0.250836 0
    outer loop
      vertex 15.6152 -21.8283 12
      vertex 15.9455 -23.103 0
      vertex 15.9455 -23.103 12
    endloop
  endfacet
  facet normal 0.968031 0.25083 0
    outer loop
      vertex 16.72 -22.9024 12
      vertex 16.3895 -21.6269 0
      vertex 16.3895 -21.6269 12
    endloop
  endfacet
  facet normal 0.968031 0.25083 0
    outer loop
      vertex 16.3895 -21.6269 0
      vertex 16.72 -22.9024 12
      vertex 16.72 -22.9024 0
    endloop
  endfacet
  facet normal 0 -1 0
    outer loop
      vertex 13.6 -23.3 0
      vertex 14.4 -23.3 12
      vertex 13.6 -23.3 12
    endloop
  endfacet
  facet normal 0 -1 -0
    outer loop
      vertex 14.4 -23.3 12
      vertex 13.6 -23.3 0
      vertex 14.4 -23.3 0
    endloop
  endfacet
  facet normal -1 0 0
    outer loop
      vertex 13.6 -23.3 0
      vertex 13.6 -22 12
      vertex 13.6 -22 0
    endloop
  endfacet
  facet normal -1 -0 0
    outer loop
      vertex 13.6 -22 12
      vertex 13.6 -23.3 0
      vertex 13.6 -23.3 12
    endloop
  endfacet
  facet normal 1 -0 0
    outer loop
      vertex 14.4 -23.3 12
      vertex 14.4 -21.9825 0
      vertex 14.4 -21.9825 12
    endloop
  endfacet
  facet normal 1 0 0
    outer loop
      vertex 14.4 -21.9825 0
      vertex 14.4 -23.3 12
      vertex 14.4 -23.3 0
    endloop
  endfacet
  facet normal 0 -1 0
    outer loop
      vertex 11.5717 -23.3 0
      vertex 12.3717 -23.3 12
      vertex 11.5717 -23.3 12
    endloop
  endfacet
  facet normal 0 -1 -0
    outer loop
      vertex 12.3717 -23.3 12
      vertex 11.5717 -23.3 0
      vertex 12.3717 -23.3 0
    endloop
  endfacet
  facet normal -1 0 0
    outer loop
      vertex 11.5717 -23.3 0
      vertex 11.5717 -22 12
      vertex 11.5717 -22 0
    endloop
  endfacet
  facet normal -1 -0 0
    outer loop
      vertex 11.5717 -22 12
      vertex 11.5717 -23.3 0
      vertex 11.5717 -23.3 12
    endloop
  endfacet
  facet normal 1 -0 0
    outer loop
      vertex 12.3717 -23.3 12
      vertex 12.3717 -22 0
      vertex 12.3717 -22 12
    endloop
  endfacet
  facet normal 1 0 0
    outer loop
      vertex 12.3717 -22 0
      vertex 12.3717 -23.3 12
      vertex 12.3717 -23.3 0
    endloop
  endfacet
  facet normal 0 -1 0
    outer loop
      vertex 9.54336 -23.3 0
      vertex 10.3434 -23.3 12
      vertex 9.54336 -23.3 12
    endloop
  endfacet
  facet normal 0 -1 -0
    outer loop
      vertex 10.3434 -23.3 12
      vertex 9.54336 -23.3 0
      vertex 10.3434 -23.3 0
    endloop
  endfacet
  facet normal -1 0 0
    outer loop
      vertex 9.54336 -23.3 0
      vertex 9.54336 -22 12
      vertex 9.54336 -22 0
    endloop
  endfacet
  facet normal -1 -0 0
    outer loop
      vertex 9.54336 -22 12
      vertex 9.54336 -23.3 0
      vertex 9.54336 -23.3 12
    endloop
  endfacet
  facet normal 1 -0 0
    outer loop
      vertex 10.3434 -23.3 12
      vertex 10.3434 -22 0
      vertex 10.3434 -22 12
    endloop
  endfacet
  facet normal 1 0 0
    outer loop
      vertex 10.3434 -22 0
      vertex 10.3434 -23.3 12
      vertex 10.3434 -23.3 0
    endloop
  endfacet
  facet normal 0 -1 0
    outer loop
      vertex 7.51504 -23.3 0
      vertex 8.31504 -23.3 12
      vertex 7.51504 -23.3 12
    endloop
  endfacet
  facet normal 0 -1 -0
    outer loop
      vertex 8.31504 -23.3 12
      vertex 7.51504 -23.3 0
      vertex 8.31504 -23.3 0
    endloop
  endfacet
  facet normal -1 0 0
    outer loop
      vertex 7.51504 -23.3 0
      vertex 7.51504 -22 12
      vertex 7.51504 -22 0
    endloop
  endfacet
  facet normal -1 -0 0
    outer loop
      vertex 7.51504 -22 12
      vertex 7.51504 -23.3 0
      vertex 7.51504 -23.3 12
    endloop
  endfacet
  facet normal 1 -0 0
    outer loop
      vertex 8.31504 -23.3 12
      vertex 8.31504 -22 0
      vertex 8.31504 -22 12
    endloop
  endfacet
  facet normal 1 0 0
    outer loop
      vertex 8.31504 -22 0
      vertex 8.31504 -23.3 12
      vertex 8.31504 -23.3 0
    endloop
  endfacet
  facet normal 0 -1 0
    outer loop
      vertex 5.48673 -23.3 0
      vertex 6.28673 -23.3 12
      vertex 5.48673 -23.3 12
    endloop
  endfacet
  facet normal 0 -1 -0
    outer loop
      vertex 6.28673 -23.3 12
      vertex 5.48673 -23.3 0
      vertex 6.28673 -23.3 0
    endloop
  endfacet
  facet normal -1 0 0
    outer loop
      vertex 5.48673 -23.3 0
      vertex 5.48673 -22 12
      vertex 5.48673 -22 0
    endloop
  endfacet
  facet normal -1 -0 0
    outer loop
      vertex 5.48673 -22 12
      vertex 5.48673 -23.3 0
      vertex 5.48673 -23.3 12
    endloop
  endfacet
  facet normal 1 -0 0
    outer loop
      vertex 6.28673 -23.3 12
      vertex 6.28673 -22 0
      vertex 6.28673 -22 12
    endloop
  endfacet
  facet normal 1 0 0
    outer loop
      vertex 6.28673 -22 0
      vertex 6.28673 -23.3 12
      vertex 6.28673 -23.3 0
    endloop
  endfacet
  facet normal 0 -1 0
    outer loop
      vertex 3.45841 -23.3 0
      vertex 4.25841 -23.3 12
      vertex 3.45841 -23.3 12
    endloop
  endfacet
  facet normal 0 -1 -0
    outer loop
      vertex 4.25841 -23.3 12
      vertex 3.45841 -23.3 0
      vertex 4.25841 -23.3 0
    endloop
  endfacet
  facet normal -1 0 0
    outer loop
      vertex 3.45841 -23.3 0
      vertex 3.45841 -22 12
      vertex 3.45841 -22 0
    endloop
  endfacet
  facet normal -1 -0 0
    outer loop
      vertex 3.45841 -22 12
      vertex 3.45841 -23.3 0
      vertex 3.45841 -23.3 12
    endloop
  endfacet
  facet normal 1 -0 0
    outer loop
      vertex 4.25841 -23.3 12
      vertex 4.25841 -22 0
      vertex 4.25841 -22 12
    endloop
  endfacet
  facet normal 1 0 0
    outer loop
      vertex 4.25841 -22 0
      vertex 4.25841 -23.3 12
      vertex 4.25841 -23.3 0
    endloop
  endfacet
  facet normal 0 -1 0
    outer loop
      vertex 1.43009 -23.3 0
      vertex 2.23009 -23.3 12
      vertex 1.43009 -23.3 12
    endloop
  endfacet
  facet normal 0 -1 -0
    outer loop
      vertex 2.23009 -23.3 12
      vertex 1.43009 -23.3 0
      vertex 2.23009 -23.3 0
    endloop
  endfacet
  facet normal -1 0 0
    outer loop
      vertex 1.43009 -23.3 0
      vertex 1.43009 -22 12
      vertex 1.43009 -22 0
    endloop
  endfacet
  facet normal -1 -0 0
    outer loop
      vertex 1.43009 -22 12
      vertex 1.43009 -23.3 0
      vertex 1.43009 -23.3 12
    endloop
  endfacet
  facet normal 1 -0 0
    outer loop
      vertex 2.23009 -23.3 12
      vertex 2.23009 -22 0
      vertex 2.23009 -22 12
    endloop
  endfacet
  facet normal 1 0 0
    outer loop
      vertex 2.23009 -22 0
      vertex 2.23009 -23.3 12
      vertex 2.23009 -23.3 0
    endloop
  endfacet
  facet normal 0 -1 0
    outer loop
      vertex -0.598229 -23.3 0
      vertex 0.20177 -23.3 12
      vertex -0.598229 -23.3 12
    endloop
  endfacet
  facet normal 0 -1 -0
    outer loop
      vertex 0.20177 -23.3 12
      vertex -0.598229 -23.3 0
      vertex 0.20177 -23.3 0
    endloop
  endfacet
  facet normal -1 0 0
    outer loop
      vertex -0.598229 -23.3 0
      vertex -0.598229 -22 12
      vertex -0.598229 -22 0
    endloop
  endfacet
  facet normal -1 -0 0
    outer loop
      vertex -0.598229 -22 12
      vertex -0.598229 -23.3 0
      vertex -0.598229 -23.3 12
    endloop
  endfacet
  facet normal 1 -0 0
    outer loop
      vertex 0.20177 -23.3 12
      vertex 0.20177 -22 0
      vertex 0.20177 -22 12
    endloop
  endfacet
  facet normal 1 0 0
    outer loop
      vertex 0.20177 -22 0
      vertex 0.20177 -23.3 12
      vertex 0.20177 -23.3 0
    endloop
  endfacet
  facet normal 0 -1 0
    outer loop
      vertex -2.62655 -23.3 0
      vertex -1.82655 -23.3 12
      vertex -2.62655 -23.3 12
    endloop
  endfacet
  facet normal 0 -1 -0
    outer loop
      vertex -1.82655 -23.3 12
      vertex -2.62655 -23.3 0
      vertex -1.82655 -23.3 0
    endloop
  endfacet
  facet normal -1 0 0
    outer loop
      vertex -2.62655 -23.3 0
      vertex -2.62655 -22 12
      vertex -2.62655 -22 0
    endloop
  endfacet
  facet normal -1 -0 0
    outer loop
      vertex -2.62655 -22 12
      vertex -2.62655 -23.3 0
      vertex -2.62655 -23.3 12
    endloop
  endfacet
  facet normal 1 -0 0
    outer loop
      vertex -1.82655 -23.3 12
      vertex -1.82655 -22 0
      vertex -1.82655 -22 12
    endloop
  endfacet
  facet normal 1 0 0
    outer loop
      vertex -1.82655 -22 0
      vertex -1.82655 -23.3 12
      vertex -1.82655 -23.3 0
    endloop
  endfacet
  facet normal 0 -1 0
    outer loop
      vertex -4.65487 -23.3 0
      vertex -3.85487 -23.3 12
      vertex -4.65487 -23.3 12
    endloop
  endfacet
  facet normal 0 -1 -0
    outer loop
      vertex -3.85487 -23.3 12
      vertex -4.65487 -23.3 0
      vertex -3.85487 -23.3 0
    endloop
  endfacet
  facet normal -1 0 0
    outer loop
      vertex -4.65487 -23.3 0
      vertex -4.65487 -22 12
      vertex -4.65487 -22 0
    endloop
  endfacet
  facet normal -1 -0 0
    outer loop
      vertex -4.65487 -22 12
      vertex -4.65487 -23.3 0
      vertex -4.65487 -23.3 12
    endloop
  endfacet
  facet normal 1 -0 0
    outer loop
      vertex -3.85487 -23.3 12
      vertex -3.85487 -22 0
      vertex -3.85487 -22 12
    endloop
  endfacet
  facet normal 1 0 0
    outer loop
      vertex -3.85487 -22 0
      vertex -3.85487 -23.3 12
      vertex -3.85487 -23.3 0
    endloop
  endfacet
  facet normal 0 -1 0
    outer loop
      vertex -6.68318 -23.3 0
      vertex -5.88318 -23.3 12
      vertex -6.68318 -23.3 12
    endloop
  endfacet
  facet normal 0 -1 -0
    outer loop
      vertex -5.88318 -23.3 12
      vertex -6.68318 -23.3 0
      vertex -5.88318 -23.3 0
    endloop
  endfacet
  facet normal -1 0 0
    outer loop
      vertex -6.68318 -23.3 0
      vertex -6.68318 -22 12
      vertex -6.68318 -22 0
    endloop
  endfacet
  facet normal -1 -0 0
    outer loop
      vertex -6.68318 -22 12
      vertex -6.68318 -23.3 0
      vertex -6.68318 -23.3 12
    endloop
  endfacet
  facet normal 1 -0 0
    outer loop
      vertex -5.88318 -23.3 12
      vertex -5.88318 -22 0
      vertex -5.88318 -22 12
    endloop
  endfacet
  facet normal 1 0 0
    outer loop
      vertex -5.88318 -22 0
      vertex -5.88318 -23.3 12
      vertex -5.88318 -23.3 0
    endloop
  endfacet
  facet normal 0 -1 0
    outer loop
      vertex -8.7115 -23.3 0
      vertex -7.9115 -23.3 12
      vertex -8.7115 -23.3 12
    endloop
  endfacet
  facet normal 0 -1 -0
    outer loop
      vertex -7.9115 -23.3 12
      vertex -8.7115 -23.3 0
      vertex -7.9115 -23.3 0
    endloop
  endfacet
  facet normal -1 0 0
    outer loop
      vertex -8.7115 -23.3 0
      vertex -8.7115 -22 12
      vertex -8.7115 -22 0
    endloop
  endfacet
  facet normal -1 -0 0
    outer loop
      vertex -8.7115 -22 12
      vertex -8.7115 -23.3 0
      vertex -8.7115 -23.3 12
    endloop
  endfacet
  facet normal 1 -0 0
    outer loop
      vertex -7.9115 -23.3 12
      vertex -7.9115 -22 0
      vertex -7.9115 -22 12
    endloop
  endfacet
  facet normal 1 0 0
    outer loop
      vertex -7.9115 -22 0
      vertex -7.9115 -23.3 12
      vertex -7.9115 -23.3 0
    endloop
  endfacet
  facet normal 0 -1 0
    outer loop
      vertex -10.7398 -23.3 0
      vertex -9.93982 -23.3 12
      vertex -10.7398 -23.3 12
    endloop
  endfacet
  facet normal 0 -1 -0
    outer loop
      vertex -9.93982 -23.3 12
      vertex -10.7398 -23.3 0
      vertex -9.93982 -23.3 0
    endloop
  endfacet
  facet normal -1 0 0
    outer loop
      vertex -10.7398 -23.3 0
      vertex -10.7398 -22 12
      vertex -10.7398 -22 0
    endloop
  endfacet
  facet normal -1 -0 0
    outer loop
      vertex -10.7398 -22 12
      vertex -10.7398 -23.3 0
      vertex -10.7398 -23.3 12
    endloop
  endfacet
  facet normal 1 -0 0
    outer loop
      vertex -9.93982 -23.3 12
      vertex -9.93982 -22 0
      vertex -9.93982 -22 12
    endloop
  endfacet
  facet normal 1 0 0
    outer loop
      vertex -9.93982 -22 0
      vertex -9.93982 -23.3 12
      vertex -9.93982 -23.3 0
    endloop
  endfacet
  facet normal 0 -1 0
    outer loop
      vertex -12.7681 -23.3 0
      vertex -11.9681 -23.3 12
      vertex -12.7681 -23.3 12
    endloop
  endfacet
  facet normal 0 -1 -0
    outer loop
      vertex -11.9681 -23.3 12
      vertex -12.7681 -23.3 0
      vertex -11.9681 -23.3 0
    endloop
  endfacet
  facet normal -1 0 0
    outer loop
      vertex -12.7681 -23.3 0
      vertex -12.7681 -22 12
      vertex -12.7681 -22 0
    endloop
  endfacet
  facet normal -1 -0 0
    outer loop
      vertex -12.7681 -22 12
      vertex -12.7681 -23.3 0
      vertex -12.7681 -23.3 12
    endloop
  endfacet
  facet normal 1 -0 0
    outer loop
      vertex -11.9681 -23.3 12
      vertex -11.9681 -22 0
      vertex -11.9681 -22 12
    endloop
  endfacet
  facet normal 1 0 0
    outer loop
      vertex -11.9681 -22 0
      vertex -11.9681 -23.3 12
      vertex -11.9681 -23.3 0
    endloop
  endfacet
  facet normal -0.0495012 -0.998774 0
    outer loop
      vertex -14.8602 -23.2688 0
      vertex -14.0612 -23.3084 12
      vertex -14.8602 -23.2688 12
    endloop
  endfacet
  facet normal -0.0495012 -0.998774 -0
    outer loop
      vertex -14.0612 -23.3084 12
      vertex -14.8602 -23.2688 0
      vertex -14.0612 -23.3084 0
    endloop
  endfacet
  facet normal -0.998771 0.0495542 0
    outer loop
      vertex -14.8602 -23.2688 0
      vertex -14.7951 -21.9567 12
      vertex -14.7951 -21.9567 0
    endloop
  endfacet
  facet normal -0.998771 0.0495542 0
    outer loop
      vertex -14.7951 -21.9567 12
      vertex -14.8602 -23.2688 0
      vertex -14.8602 -23.2688 12
    endloop
  endfacet
  facet normal 0.998772 -0.0495417 0
    outer loop
      vertex -14.0612 -23.3084 12
      vertex -13.9963 -22 0
      vertex -13.9963 -22 12
    endloop
  endfacet
  facet normal 0.998772 -0.0495417 0
    outer loop
      vertex -13.9963 -22 0
      vertex -14.0612 -23.3084 12
      vertex -14.0612 -23.3084 0
    endloop
  endfacet
  facet normal -0.29851 -0.954407 0
    outer loop
      vertex -17.1576 -22.7567 0
      vertex -16.3941 -22.9955 12
      vertex -17.1576 -22.7567 12
    endloop
  endfacet
  facet normal -0.29851 -0.954407 -0
    outer loop
      vertex -16.3941 -22.9955 12
      vertex -17.1576 -22.7567 0
      vertex -16.3941 -22.9955 0
    endloop
  endfacet
  facet normal -0.95442 0.298466 0
    outer loop
      vertex -17.1576 -22.7567 0
      vertex -16.7662 -21.5051 12
      vertex -16.7662 -21.5051 0
    endloop
  endfacet
  facet normal -0.95442 0.298466 0
    outer loop
      vertex -16.7662 -21.5051 12
      vertex -17.1576 -22.7567 0
      vertex -17.1576 -22.7567 12
    endloop
  endfacet
  facet normal 0.954407 -0.298509 0
    outer loop
      vertex -16.3941 -22.9955 12
      vertex -16.0022 -21.7425 0
      vertex -16.0022 -21.7425 12
    endloop
  endfacet
  facet normal 0.954407 -0.298509 0
    outer loop
      vertex -16.0022 -21.7425 0
      vertex -16.3941 -22.9955 12
      vertex -16.3941 -22.9955 0
    endloop
  endfacet
  facet normal -0.52838 -0.849008 0
    outer loop
      vertex -19.2531 -21.6847 0
      vertex -18.5739 -22.1074 12
      vertex -19.2531 -21.6847 12
    endloop
  endfacet
  facet normal -0.52838 -0.849008 -0
    outer loop
      vertex -18.5739 -22.1074 12
      vertex -19.2531 -21.6847 0
      vertex -18.5739 -22.1074 0
    endloop
  endfacet
  facet normal -0.849051 0.528312 0
    outer loop
      vertex -19.2531 -21.6847 0
      vertex -18.5603 -20.5713 12
      vertex -18.5603 -20.5713 0
    endloop
  endfacet
  facet normal -0.849051 0.528312 0
    outer loop
      vertex -18.5603 -20.5713 12
      vertex -19.2531 -21.6847 0
      vertex -19.2531 -21.6847 12
    endloop
  endfacet
  facet normal 0.849018 -0.528364 0
    outer loop
      vertex -18.5739 -22.1074 12
      vertex -17.8792 -20.9911 0
      vertex -17.8792 -20.9911 12
    endloop
  endfacet
  facet normal 0.849018 -0.528364 0
    outer loop
      vertex -17.8792 -20.9911 0
      vertex -18.5739 -22.1074 12
      vertex -18.5739 -22.1074 0
    endloop
  endfacet
  facet normal -0.724391 -0.68939 0
    outer loop
      vertex -20.4613 -20.7009 0
      vertex -21.0128 -20.1214 12
      vertex -21.0128 -20.1214 0
    endloop
  endfacet
  facet normal -0.724391 -0.68939 0
    outer loop
      vertex -21.0128 -20.1214 12
      vertex -20.4613 -20.7009 0
      vertex -20.4613 -20.7009 12
    endloop
  endfacet
  facet normal -0.689383 0.724397 0
    outer loop
      vertex -20.0611 -19.2157 0
      vertex -21.0128 -20.1214 12
      vertex -20.0611 -19.2157 12
    endloop
  endfacet
  facet normal -0.689383 0.724397 0
    outer loop
      vertex -21.0128 -20.1214 12
      vertex -20.0611 -19.2157 0
      vertex -21.0128 -20.1214 0
    endloop
  endfacet
  facet normal 0.68934 -0.724438 0
    outer loop
      vertex -20.4613 -20.7009 0
      vertex -19.5077 -19.7935 12
      vertex -20.4613 -20.7009 12
    endloop
  endfacet
  facet normal 0.68934 -0.724438 0
    outer loop
      vertex -19.5077 -19.7935 12
      vertex -20.4613 -20.7009 0
      vertex -19.5077 -19.7935 0
    endloop
  endfacet
  facet normal -0.874157 -0.485643 0
    outer loop
      vertex -21.9355 -18.866 0
      vertex -22.324 -18.1667 12
      vertex -22.324 -18.1667 0
    endloop
  endfacet
  facet normal -0.874157 -0.485643 0
    outer loop
      vertex -22.324 -18.1667 12
      vertex -21.9355 -18.866 0
      vertex -21.9355 -18.866 12
    endloop
  endfacet
  facet normal -0.485649 0.874154 0
    outer loop
      vertex -21.174 -17.5278 0
      vertex -22.324 -18.1667 12
      vertex -21.174 -17.5278 12
    endloop
  endfacet
  facet normal -0.485649 0.874154 0
    outer loop
      vertex -22.324 -18.1667 12
      vertex -21.174 -17.5278 0
      vertex -22.324 -18.1667 0
    endloop
  endfacet
  facet normal 0.48563 -0.874164 0
    outer loop
      vertex -21.9355 -18.866 0
      vertex -20.784 -18.2263 12
      vertex -21.9355 -18.866 12
    endloop
  endfacet
  facet normal 0.48563 -0.874164 0
    outer loop
      vertex -20.784 -18.2263 12
      vertex -21.9355 -18.866 0
      vertex -20.784 -18.2263 0
    endloop
  endfacet
  facet normal -0.968056 -0.250732 0
    outer loop
      vertex -22.9024 -16.72 0
      vertex -23.103 -15.9455 12
      vertex -23.103 -15.9455 0
    endloop
  endfacet
  facet normal -0.968056 -0.250732 0
    outer loop
      vertex -23.103 -15.9455 12
      vertex -22.9024 -16.72 0
      vertex -22.9024 -16.72 12
    endloop
  endfacet
  facet normal -0.250836 0.96803 0
    outer loop
      vertex -21.8283 -15.6152 0
      vertex -23.103 -15.9455 12
      vertex -21.8283 -15.6152 12
    endloop
  endfacet
  facet normal -0.250836 0.96803 0
    outer loop
      vertex -23.103 -15.9455 12
      vertex -21.8283 -15.6152 0
      vertex -23.103 -15.9455 0
    endloop
  endfacet
  facet normal 0.25083 -0.968031 0
    outer loop
      vertex -22.9024 -16.72 0
      vertex -21.6269 -16.3895 12
      vertex -22.9024 -16.72 12
    endloop
  endfacet
  facet normal 0.25083 -0.968031 0
    outer loop
      vertex -21.6269 -16.3895 12
      vertex -22.9024 -16.72 0
      vertex -21.6269 -16.3895 0
    endloop
  endfacet
  facet normal -1 0 0
    outer loop
      vertex -23.3 -14.4 0
      vertex -23.3 -13.6 12
      vertex -23.3 -13.6 0
    endloop
  endfacet
  facet normal -1 -0 0
    outer loop
      vertex -23.3 -13.6 12
      vertex -23.3 -14.4 0
      vertex -23.3 -14.4 12
    endloop
  endfacet
  facet normal 0 1 -0
    outer loop
      vertex -22 -13.6 0
      vertex -23.3 -13.6 12
      vertex -22 -13.6 12
    endloop
  endfacet
  facet normal 0 1 0
    outer loop
      vertex -23.3 -13.6 12
      vertex -22 -13.6 0
      vertex -23.3 -13.6 0
    endloop
  endfacet
  facet normal 0 -1 0
    outer loop
      vertex -23.3 -14.4 0
      vertex -21.9825 -14.4 12
      vertex -23.3 -14.4 12
    endloop
  endfacet
  facet normal 0 -1 -0
    outer loop
      vertex -21.9825 -14.4 12
      vertex -23.3 -14.4 0
      vertex -21.9825 -14.4 0
    endloop
  endfacet
  facet normal -1 0 0
    outer loop
      vertex -23.3 -12.3717 0
      vertex -23.3 -11.5717 12
      vertex -23.3 -11.5717 0
    endloop
  endfacet
  facet normal -1 -0 0
    outer loop
      vertex -23.3 -11.5717 12
      vertex -23.3 -12.3717 0
      vertex -23.3 -12.3717 12
    endloop
  endfacet
  facet normal 0 1 -0
    outer loop
      vertex -22 -11.5717 0
      vertex -23.3 -11.5717 12
      vertex -22 -11.5717 12
    endloop
  endfacet
  facet normal 0 1 0
    outer loop
      vertex -23.3 -11.5717 12
      vertex -22 -11.5717 0
      vertex -23.3 -11.5717 0
    endloop
  endfacet
  facet normal 0 -1 0
    outer loop
      vertex -23.3 -12.3717 0
      vertex -22 -12.3717 12
      vertex -23.3 -12.3717 12
    endloop
  endfacet
  facet normal 0 -1 -0
    outer loop
      vertex -22 -12.3717 12
      vertex -23.3 -12.3717 0
      vertex -22 -12.3717 0
    endloop
  endfacet
  facet normal -1 0 0
    outer loop
      vertex -23.3 -10.3434 0
      vertex -23.3 -9.54336 12
      vertex -23.3 -9.54336 0
    endloop
  endfacet
  facet normal -1 -0 0
    outer loop
      vertex -23.3 -9.54336 12
      vertex -23.3 -10.3434 0
      vertex -23.3 -10.3434 12
    endloop
  endfacet
  facet normal 0 1 -0
    outer loop
      vertex -22 -9.54336 0
      vertex -23.3 -9.54336 12
      vertex -22 -9.54336 12
    endloop
  endfacet
  facet normal 0 1 0
    outer loop
      vertex -23.3 -9.54336 12
      vertex -22 -9.54336 0
      vertex -23.3 -9.54336 0
    endloop
  endfacet
  facet normal 0 -1 0
    outer loop
      vertex -23.3 -10.3434 0
      vertex -22 -10.3434 12
      vertex -23.3 -10.3434 12
    endloop
  endfacet
  facet normal 0 -1 -0
    outer loop
      vertex -22 -10.3434 12
      vertex -23.3 -10.3434 0
      vertex -22 -10.3434 0
    endloop
  endfacet
  facet normal -1 0 0
    outer loop
      vertex -23.3 -8.31504 0
      vertex -23.3 -7.51504 12
      vertex -23.3 -7.51504 0
    endloop
  endfacet
  facet normal -1 -0 0
    outer loop
      vertex -23.3 -7.51504 12
      vertex -23.3 -8.31504 0
      vertex -23.3 -8.31504 12
    endloop
  endfacet
  facet normal 0 1 -0
    outer loop
      vertex -22 -7.51504 0
      vertex -23.3 -7.51504 12
      vertex -22 -7.51504 12
    endloop
  endfacet
  facet normal 0 1 0
    outer loop
      vertex -23.3 -7.51504 12
      vertex -22 -7.51504 0
      vertex -23.3 -7.51504 0
    endloop
  endfacet
  facet normal 0 -1 0
    outer loop
      vertex -23.3 -8.31504 0
      vertex -22 -8.31504 12
      vertex -23.3 -8.31504 12
    endloop
  endfacet
  facet normal 0 -1 -0
    outer loop
      vertex -22 -8.31504 12
      vertex -23.3 -8.31504 0
      vertex -22 -8.31504 0
    endloop
  endfacet
  facet normal -1 0 0
    outer loop
      vertex -23.3 -6.28673 0
      vertex -23.3 -5.48673 12
      vertex -23.3 -5.48673 0
    endloop
  endfacet
  facet normal -1 -0 0
    outer loop
      vertex -23.3 -5.48673 12
      vertex -23.3 -6.28673 0
      vertex -23.3 -6.28673 12
    endloop
  endfacet
  facet normal 0 1 -0
    outer loop
      vertex -22 -5.48673 0
      vertex -23.3 -5.48673 12
      vertex -22 -5.48673 12
    endloop
  endfacet
  facet normal 0 1 0
    outer loop
      vertex -23.3 -5.48673 12
      vertex -22 -5.48673 0
      vertex -23.3 -5.48673 0
    endloop
  endfacet
  facet normal 0 -1 0
    outer loop
      vertex -23.3 -6.28673 0
      vertex -22 -6.28673 12
      vertex -23.3 -6.28673 12
    endloop
  endfacet
  facet normal 0 -1 -0
    outer loop
      vertex -22 -6.28673 12
      vertex -23.3 -6.28673 0
      vertex -22 -6.28673 0
    endloop
  endfacet
  facet normal -1 0 0
    outer loop
      vertex -23.3 -4.25841 0
      vertex -23.3 -3.45841 12
      vertex -23.3 -3.45841 0
    endloop
  endfacet
  facet normal -1 -0 0
    outer loop
      vertex -23.3 -3.45841 12
      vertex -23.3 -4.25841 0
      vertex -23.3 -4.25841 12
    endloop
  endfacet
  facet normal 0 1 -0
    outer loop
      vertex -22 -3.45841 0
      vertex -23.3 -3.45841 12
      vertex -22 -3.45841 12
    endloop
  endfacet
  facet normal 0 1 0
    outer loop
      vertex -23.3 -3.45841 12
      vertex -22 -3.45841 0
      vertex -23.3 -3.45841 0
    endloop
  endfacet
  facet normal 0 -1 0
    outer loop
      vertex -23.3 -4.25841 0
      vertex -22 -4.25841 12
      vertex -23.3 -4.25841 12
    endloop
  endfacet
  facet normal 0 -1 -0
    outer loop
      vertex -22 -4.25841 12
      vertex -23.3 -4.25841 0
      vertex -22 -4.25841 0
    endloop
  endfacet
  facet normal -1 0 0
    outer loop
      vertex -23.3 -2.23009 0
      vertex -23.3 -1.43009 12
      vertex -23.3 -1.43009 0
    endloop
  endfacet
  facet normal -1 -0 0
    outer loop
      vertex -23.3 -1.43009 12
      vertex -23.3 -2.23009 0
      vertex -23.3 -2.23009 12
    endloop
  endfacet
  facet normal 0 1 -0
    outer loop
      vertex -22 -1.43009 0
      vertex -23.3 -1.43009 12
      vertex -22 -1.43009 12
    endloop
  endfacet
  facet normal 0 1 0
    outer loop
      vertex -23.3 -1.43009 12
      vertex -22 -1.43009 0
      vertex -23.3 -1.43009 0
    endloop
  endfacet
  facet normal 0 -1 0
    outer loop
      vertex -23.3 -2.23009 0
      vertex -22 -2.23009 12
      vertex -23.3 -2.23009 12
    endloop
  endfacet
  facet normal 0 -1 -0
    outer loop
      vertex -22 -2.23009 12
      vertex -23.3 -2.23009 0
      vertex -22 -2.23009 0
    endloop
  endfacet
  facet normal -1 0 0
    outer loop
      vertex -23.3 -0.20177 0
      vertex -23.3 0.598229 12
      vertex -23.3 0.598229 0
    endloop
  endfacet
  facet normal -1 -0 0
    outer loop
      vertex -23.3 0.598229 12
      vertex -23.3 -0.20177 0
      vertex -23.3 -0.20177 12
    endloop
  endfacet
  facet normal 0 1 -0
    outer loop
      vertex -22 0.598229 0
      vertex -23.3 0.598229 12
      vertex -22 0.598229 12
    endloop
  endfacet
  facet normal 0 1 0
    outer loop
      vertex -23.3 0.598229 12
      vertex -22 0.598229 0
      vertex -23.3 0.598229 0
    endloop
  endfacet
  facet normal 0 -1 0
    outer loop
      vertex -23.3 -0.20177 0
      vertex -22 -0.20177 12
      vertex -23.3 -0.20177 12
    endloop
  endfacet
  facet normal 0 -1 -0
    outer loop
      vertex -22 -0.20177 12
      vertex -23.3 -0.20177 0
      vertex -22 -0.20177 0
    endloop
  endfacet
  facet normal -1 0 0
    outer loop
      vertex -23.3 1.82655 0
      vertex -23.3 2.62655 12
      vertex -23.3 2.62655 0
    endloop
  endfacet
  facet normal -1 -0 0
    outer loop
      vertex -23.3 2.62655 12
      vertex -23.3 1.82655 0
      vertex -23.3 1.82655 12
    endloop
  endfacet
  facet normal 0 1 -0
    outer loop
      vertex -22 2.62655 0
      vertex -23.3 2.62655 12
      vertex -22 2.62655 12
    endloop
  endfacet
  facet normal 0 1 0
    outer loop
      vertex -23.3 2.62655 12
      vertex -22 2.62655 0
      vertex -23.3 2.62655 0
    endloop
  endfacet
  facet normal 0 -1 0
    outer loop
      vertex -23.3 1.82655 0
      vertex -22 1.82655 12
      vertex -23.3 1.82655 12
    endloop
  endfacet
  facet normal 0 -1 -0
    outer loop
      vertex -22 1.82655 12
      vertex -23.3 1.82655 0
      vertex -22 1.82655 0
    endloop
  endfacet
  facet normal -1 0 0
    outer loop
      vertex -23.3 3.85487 0
      vertex -23.3 4.65487 12
      vertex -23.3 4.65487 0
    endloop
  endfacet
  facet normal -1 -0 0
    outer loop
      vertex -23.3 4.65487 12
      vertex -23.3 3.85487 0
      vertex -23.3 3.85487 12
    endloop
  endfacet
  facet normal 0 1 -0
    outer loop
      vertex -22 4.65487 0
      vertex -23.3 4.65487 12
      vertex -22 4.65487 12
    endloop
  endfacet
  facet normal 0 1 0
    outer loop
      vertex -23.3 4.65487 12
      vertex -22 4.65487 0
      vertex -23.3 4.65487 0
    endloop
  endfacet
  facet normal 0 -1 0
    outer loop
      vertex -23.3 3.85487 0
      vertex -22 3.85487 12
      vertex -23.3 3.85487 12
    endloop
  endfacet
  facet normal 0 -1 -0
    outer loop
      vertex -22 3.85487 12
      vertex -23.3 3.85487 0
      vertex -22 3.85487 0
    endloop
  endfacet
  facet normal -1 0 0
    outer loop
      vertex -23.3 5.88318 0
      vertex -23.3 6.68318 12
      vertex -23.3 6.68318 0
    endloop
  endfacet
  facet normal -1 -0 0
    outer loop
      vertex -23.3 6.68318 12
      vertex -23.3 5.88318 0
      vertex -23.3 5.88318 12
    endloop
  endfacet
  facet normal 0 1 -0
    outer loop
      vertex -22 6.68318 0
      vertex -23.3 6.68318 12
      vertex -22 6.68318 12
    endloop
  endfacet
  facet normal 0 1 0
    outer loop
      vertex -23.3 6.68318 12
      vertex -22 6.68318 0
      vertex -23.3 6.68318 0
    endloop
  endfacet
  facet normal 0 -1 0
    outer loop
      vertex -23.3 5.88318 0
      vertex -22 5.88318 12
      vertex -23.3 5.88318 12
    endloop
  endfacet
  facet normal 0 -1 -0
    outer loop
      vertex -22 5.88318 12
      vertex -23.3 5.88318 0
      vertex -22 5.88318 0
    endloop
  endfacet
  facet normal -1 0 0
    outer loop
      vertex -23.3 7.9115 0
      vertex -23.3 8.7115 12
      vertex -23.3 8.7115 0
    endloop
  endfacet
  facet normal -1 -0 0
    outer loop
      vertex -23.3 8.7115 12
      vertex -23.3 7.9115 0
      vertex -23.3 7.9115 12
    endloop
  endfacet
  facet normal 0 1 -0
    outer loop
      vertex -22 8.7115 0
      vertex -23.3 8.7115 12
      vertex -22 8.7115 12
    endloop
  endfacet
  facet normal 0 1 0
    outer loop
      vertex -23.3 8.7115 12
      vertex -22 8.7115 0
      vertex -23.3 8.7115 0
    endloop
  endfacet
  facet normal 0 -1 0
    outer loop
      vertex -23.3 7.9115 0
      vertex -22 7.9115 12
      vertex -23.3 7.9115 12
    endloop
  endfacet
  facet normal 0 -1 -0
    outer loop
      vertex -22 7.9115 12
      vertex -23.3 7.9115 0
      vertex -22 7.9115 0
    endloop
  endfacet
  facet normal -1 0 0
    outer loop
      vertex -23.3 9.93982 0
      vertex -23.3 10.7398 12
      vertex -23.3 10.7398 0
    endloop
  endfacet
  facet normal -1 -0 0
    outer loop
      vertex -23.3 10.7398 12
      vertex -23.3 9.93982 0
      vertex -23.3 9.93982 12
    endloop
  endfacet
  facet normal 0 1 -0
    outer loop
      vertex -22 10.7398 0
      vertex -23.3 10.7398 12
      vertex -22 10.7398 12
    endloop
  endfacet
  facet normal 0 1 0
    outer loop
      vertex -23.3 10.7398 12
      vertex -22 10.7398 0
      vertex -23.3 10.7398 0
    endloop
  endfacet
  facet normal 0 -1 0
    outer loop
      vertex -23.3 9.93982 0
      vertex -22 9.93982 12
      vertex -23.3 9.93982 12
    endloop
  endfacet
  facet normal 0 -1 -0
    outer loop
      vertex -22 9.93982 12
      vertex -23.3 9.93982 0
      vertex -22 9.93982 0
    endloop
  endfacet
  facet normal -1 0 0
    outer loop
      vertex -23.3 11.9681 0
      vertex -23.3 12.7681 12
      vertex -23.3 12.7681 0
    endloop
  endfacet
  facet normal -1 -0 0
    outer loop
      vertex -23.3 12.7681 12
      vertex -23.3 11.9681 0
      vertex -23.3 11.9681 12
    endloop
  endfacet
  facet normal 0 1 -0
    outer loop
      vertex -22 12.7681 0
      vertex -23.3 12.7681 12
      vertex -22 12.7681 12
    endloop
  endfacet
  facet normal 0 1 0
    outer loop
      vertex -23.3 12.7681 12
      vertex -22 12.7681 0
      vertex -23.3 12.7681 0
    endloop
  endfacet
  facet normal 0 -1 0
    outer loop
      vertex -23.3 11.9681 0
      vertex -22 11.9681 12
      vertex -23.3 11.9681 12
    endloop
  endfacet
  facet normal 0 -1 -0
    outer loop
      vertex -22 11.9681 12
      vertex -23.3 11.9681 0
      vertex -22 11.9681 0
    endloop
  endfacet
  facet normal -0.998774 0.0495012 0
    outer loop
      vertex -23.3084 14.0612 0
      vertex -23.2688 14.8602 12
      vertex -23.2688 14.8602 0
    endloop
  endfacet
  facet normal -0.998774 0.0495012 0
    outer loop
      vertex -23.2688 14.8602 12
      vertex -23.3084 14.0612 0
      vertex -23.3084 14.0612 12
    endloop
  endfacet
  facet normal 0.0495542 0.998771 -0
    outer loop
      vertex -21.9567 14.7951 0
      vertex -23.2688 14.8602 12
      vertex -21.9567 14.7951 12
    endloop
  endfacet
  facet normal 0.0495542 0.998771 0
    outer loop
      vertex -23.2688 14.8602 12
      vertex -21.9567 14.7951 0
      vertex -23.2688 14.8602 0
    endloop
  endfacet
  facet normal -0.0495417 -0.998772 0
    outer loop
      vertex -23.3084 14.0612 0
      vertex -22 13.9963 12
      vertex -23.3084 14.0612 12
    endloop
  endfacet
  facet normal -0.0495417 -0.998772 -0
    outer loop
      vertex -22 13.9963 12
      vertex -23.3084 14.0612 0
      vertex -22 13.9963 0
    endloop
  endfacet
  facet normal -0.954407 0.29851 0
    outer loop
      vertex -22.9955 16.3941 0
      vertex -22.7567 17.1576 12
      vertex -22.7567 17.1576 0
    endloop
  endfacet
  facet normal -0.954407 0.29851 0
    outer loop
      vertex -22.7567 17.1576 12
      vertex -22.9955 16.3941 0
      vertex -22.9955 16.3941 12
    endloop
  endfacet
  facet normal 0.298466 0.95442 -0
    outer loop
      vertex -21.5051 16.7662 0
      vertex -22.7567 17.1576 12
      vertex -21.5051 16.7662 12
    endloop
  endfacet
  facet normal 0.298466 0.95442 0
    outer loop
      vertex -22.7567 17.1576 12
      vertex -21.5051 16.7662 0
      vertex -22.7567 17.1576 0
    endloop
  endfacet
  facet normal -0.298509 -0.954407 0
    outer loop
      vertex -22.9955 16.3941 0
      vertex -21.7425 16.0022 12
      vertex -22.9955 16.3941 12
    endloop
  endfacet
  facet normal -0.298509 -0.954407 -0
    outer loop
      vertex -21.7425 16.0022 12
      vertex -22.9955 16.3941 0
      vertex -21.7425 16.0022 0
    endloop
  endfacet
  facet normal -0.849008 0.52838 0
    outer loop
      vertex -22.1074 18.5739 0
      vertex -21.6847 19.2531 12
      vertex -21.6847 19.2531 0
    endloop
  endfacet
  facet normal -0.849008 0.52838 0
    outer loop
      vertex -21.6847 19.2531 12
      vertex -22.1074 18.5739 0
      vertex -22.1074 18.5739 12
    endloop
  endfacet
  facet normal 0.528312 0.849051 -0
    outer loop
      vertex -20.5713 18.5603 0
      vertex -21.6847 19.2531 12
      vertex -20.5713 18.5603 12
    endloop
  endfacet
  facet normal 0.528312 0.849051 0
    outer loop
      vertex -21.6847 19.2531 12
      vertex -20.5713 18.5603 0
      vertex -21.6847 19.2531 0
    endloop
  endfacet
  facet normal -0.528364 -0.849018 0
    outer loop
      vertex -22.1074 18.5739 0
      vertex -20.9911 17.8792 12
      vertex -22.1074 18.5739 12
    endloop
  endfacet
  facet normal -0.528364 -0.849018 -0
    outer loop
      vertex -20.9911 17.8792 12
      vertex -22.1074 18.5739 0
      vertex -20.9911 17.8792 0
    endloop
  endfacet
  facet normal -0.68939 0.724391 0
    outer loop
      vertex -20.1214 21.0128 0
      vertex -20.7009 20.4613 12
      vertex -20.1214 21.0128 12
    endloop
  endfacet
  facet normal -0.68939 0.724391 0
    outer loop
      vertex -20.7009 20.4613 12
      vertex -20.1214 21.0128 0
      vertex -20.7009 20.4613 0
    endloop
  endfacet
  facet normal 0.724397 0.689383 0
    outer loop
      vertex -19.2157 20.0611 12
      vertex -20.1214 21.0128 0
      vertex -20.1214 21.0128 12
    endloop
  endfacet
  facet normal 0.724397 0.689383 0
    outer loop
      vertex -20.1214 21.0128 0
      vertex -19.2157 20.0611 12
      vertex -19.2157 20.0611 0
    endloop
  endfacet
  facet normal -0.724438 -0.68934 0
    outer loop
      vertex -19.7935 19.5077 0
      vertex -20.7009 20.4613 12
      vertex -20.7009 20.4613 0
    endloop
  endfacet
  facet normal -0.724438 -0.68934 0
    outer loop
      vertex -20.7009 20.4613 12
      vertex -19.7935 19.5077 0
      vertex -19.7935 19.5077 12
    endloop
  endfacet
  facet normal -0.485643 0.874157 0
    outer loop
      vertex -18.1667 22.324 0
      vertex -18.866 21.9355 12
      vertex -18.1667 22.324 12
    endloop
  endfacet
  facet normal -0.485643 0.874157 0
    outer loop
      vertex -18.866 21.9355 12
      vertex -18.1667 22.324 0
      vertex -18.866 21.9355 0
    endloop
  endfacet
  facet normal 0.874154 0.485649 0
    outer loop
      vertex -17.5278 21.174 12
      vertex -18.1667 22.324 0
      vertex -18.1667 22.324 12
    endloop
  endfacet
  facet normal 0.874154 0.485649 0
    outer loop
      vertex -18.1667 22.324 0
      vertex -17.5278 21.174 12
      vertex -17.5278 21.174 0
    endloop
  endfacet
  facet normal -0.874164 -0.48563 0
    outer loop
      vertex -18.2263 20.784 0
      vertex -18.866 21.9355 12
      vertex -18.866 21.9355 0
    endloop
  endfacet
  facet normal -0.874164 -0.48563 0
    outer loop
      vertex -18.866 21.9355 12
      vertex -18.2263 20.784 0
      vertex -18.2263 20.784 12
    endloop
  endfacet
  facet normal -0.250732 0.968056 0
    outer loop
      vertex -15.9455 23.103 0
      vertex -16.72 22.9024 12
      vertex -15.9455 23.103 12
    endloop
  endfacet
  facet normal -0.250732 0.968056 0
    outer loop
      vertex -16.72 22.9024 12
      vertex -15.9455 23.103 0
      vertex -16.72 22.9024 0
    endloop
  endfacet
  facet normal 0.96803 0.250836 0
    outer loop
      vertex -15.6152 21.8283 12
      vertex -15.9455 23.103 0
      vertex -15.9455 23.103 12
    endloop
  endfacet
  facet normal 0.96803 0.250836 0
    outer loop
      vertex -15.9455 23.103 0
      vertex -15.6152 21.8283 12
      vertex -15.6152 21.8283 0
    endloop
  endfacet
  facet normal -0.968031 -0.25083 0
    outer loop
      vertex -16.3895 21.6269 0
      vertex -16.72 22.9024 12
      vertex -16.72 22.9024 0
    endloop
  endfacet
  facet normal -0.968031 -0.25083 0
    outer loop
      vertex -16.72 22.9024 12
      vertex -16.3895 21.6269 0
      vertex -16.3895 21.6269 12
    endloop
  endfacet
  facet normal 0 0 1
    outer loop
      vertex 14 20.8 1
      vertex 20.8 14 1
      vertex 20.7741 14.5927 1
    endloop
  endfacet
  facet normal 0 0 1
    outer loop
      vertex 20.8 14 1
      vertex 14 20.8 1
      vertex 20.8 -14 1
    endloop
  endfacet
  facet normal 0 0 1
    outer loop
      vertex 14 20.8 1
      vertex 20.7741 14.5927 1
      vertex 20.6967 15.1808 1
    endloop
  endfacet
  facet normal 0 0 1
    outer loop
      vertex 14 -20.8 1
      vertex 20.8 -14 1
      vertex 14 20.8 1
    endloop
  endfacet
  facet normal 0 0 1
    outer loop
      vertex 14 20.8 1
      vertex 20.6967 15.1808 1
      vertex 20.5683 15.76 1
    endloop
  endfacet
  facet normal 0 0 1
    outer loop
      vertex 20.8 -14 1
      vertex 14 -20.8 1
      vertex 20.7741 -14.5927 1
    endloop
  endfacet
  facet normal 0 0 1
    outer loop
      vertex 14 20.8 1
      vertex 20.5683 15.76 1
      vertex 20.3899 16.3257 1
    endloop
  endfacet
  facet normal 0 0 1
    outer loop
      vertex 20.7741 -14.5927 1
      vertex 14 -20.8 1
      vertex 20.6967 -15.1808 1
    endloop
  endfacet
  facet normal 0 0 1
    outer loop
      vertex 14 20.8 1
      vertex 20.3899 16.3257 1
      vertex 20.1629 16.8738 1
    endloop
  endfacet
  facet normal 0 0 1
    outer loop
      vertex 20.6967 -15.1808 1
      vertex 14 -20.8 1
      vertex 20.5683 -15.76 1
    endloop
  endfacet
  facet normal 0 0 1
    outer loop
      vertex 14 20.8 1
      vertex 20.1629 16.8738 1
      vertex 19.889 17.4 1
    endloop
  endfacet
  facet normal 0 0 1
    outer loop
      vertex 20.5683 -15.76 1
      vertex 14 -20.8 1
      vertex 20.3899 -16.3257 1
    endloop
  endfacet
  facet normal 0 0 1
    outer loop
      vertex 14 20.8 1
      vertex 19.889 17.4 1
      vertex 19.5702 17.9003 1
    endloop
  endfacet
  facet normal 0 0 1
    outer loop
      vertex 20.3899 -16.3257 1
      vertex 14 -20.8 1
      vertex 20.1629 -16.8738 1
    endloop
  endfacet
  facet normal 0 0 1
    outer loop
      vertex 14 20.8 1
      vertex 19.5702 17.9003 1
      vertex 19.2091 18.371 1
    endloop
  endfacet
  facet normal 0 0 1
    outer loop
      vertex 20.1629 -16.8738 1
      vertex 14 -20.8 1
      vertex 19.889 -17.4 1
    endloop
  endfacet
  facet normal 0 0 1
    outer loop
      vertex 14 20.8 1
      vertex 19.2091 18.371 1
      vertex 18.8083 18.8083 1
    endloop
  endfacet
  facet normal 0 0 1
    outer loop
      vertex 19.889 -17.4 1
      vertex 14 -20.8 1
      vertex 19.5702 -17.9003 1
    endloop
  endfacet
  facet normal 0 0 1
    outer loop
      vertex 14 20.8 1
      vertex 18.8083 18.8083 1
      vertex 18.371 19.2091 1
    endloop
  endfacet
  facet normal 0 0 1
    outer loop
      vertex 19.5702 -17.9003 1
      vertex 14 -20.8 1
      vertex 19.2091 -18.371 1
    endloop
  endfacet
  facet normal 0 0 1
    outer loop
      vertex 14 20.8 1
      vertex 18.371 19.2091 1
      vertex 17.9003 19.5702 1
    endloop
  endfacet
  facet normal 0 0 1
    outer loop
      vertex 19.2091 -18.371 1
      vertex 14 -20.8 1
      vertex 18.8083 -18.8083 1
    endloop
  endfacet
  facet normal 0 0 1
    outer loop
      vertex 14 20.8 1
      vertex 17.9003 19.5702 1
      vertex 17.4 19.889 1
    endloop
  endfacet
  facet normal 0 0 1
    outer loop
      vertex 18.8083 -18.8083 1
      vertex 14 -20.8 1
      vertex 18.371 -19.2091 1
    endloop
  endfacet
  facet normal 0 0 1
    outer loop
      vertex 14 20.8 1
      vertex 17.4 19.889 1
      vertex 16.8738 20.1629 1
    endloop
  endfacet
  facet normal 0 0 1
    outer loop
      vertex 18.371 -19.2091 1
      vertex 14 -20.8 1
      vertex 17.9003 -19.5702 1
    endloop
  endfacet
  facet normal 0 0 1
    outer loop
      vertex 14 20.8 1
      vertex 16.8738 20.1629 1
      vertex 16.3257 20.3899 1
    endloop
  endfacet
  facet normal 0 0 1
    outer loop
      vertex 17.9003 -19.5702 1
      vertex 14 -20.8 1
      vertex 17.4 -19.889 1
    endloop
  endfacet
  facet normal 0 0 1
    outer loop
      vertex 14 20.8 1
      vertex 16.3257 20.3899 1
      vertex 15.76 20.5683 1
    endloop
  endfacet
  facet normal 0 0 1
    outer loop
      vertex 17.4 -19.889 1
      vertex 14 -20.8 1
      vertex 16.8738 -20.1629 1
    endloop
  endfacet
  facet normal 0 0 1
    outer loop
      vertex 14 20.8 1
      vertex 15.76 20.5683 1
      vertex 15.1808 20.6967 1
    endloop
  endfacet
  facet normal 0 0 1
    outer loop
      vertex 16.8738 -20.1629 1
      vertex 14 -20.8 1
      vertex 16.3257 -20.3899 1
    endloop
  endfacet
  facet normal 0 0 1
    outer loop
      vertex 14 20.8 1
      vertex 15.1808 20.6967 1
      vertex 14.5927 20.7741 1
    endloop
  endfacet
  facet normal 0 0 1
    outer loop
      vertex 16.3257 -20.3899 1
      vertex 14 -20.8 1
      vertex 15.76 -20.5683 1
    endloop
  endfacet
  facet normal 0 0 1
    outer loop
      vertex 15.76 -20.5683 1
      vertex 14 -20.8 1
      vertex 15.1808 -20.6967 1
    endloop
  endfacet
  facet normal 0 0 1
    outer loop
      vertex 15.1808 -20.6967 1
      vertex 14 -20.8 1
      vertex 14.5927 -20.7741 1
    endloop
  endfacet
  facet normal -0 0 1
    outer loop
      vertex -14 20.8 1
      vertex 14 -20.8 1
      vertex 14 20.8 1
    endloop
  endfacet
  facet normal 0 0 1
    outer loop
      vertex -14 20.8 1
      vertex -14 -20.8 1
      vertex 14 -20.8 1
    endloop
  endfacet
  facet normal 0 0 1
    outer loop
      vertex -20.8 14 1
      vertex -14 20.8 1
      vertex -14.5927 20.7741 1
    endloop
  endfacet
  facet normal 0 0 1
    outer loop
      vertex -14 20.8 1
      vertex -20.8 14 1
      vertex -14 -20.8 1
    endloop
  endfacet
  facet normal 0 0 1
    outer loop
      vertex -20.8 14 1
      vertex -14.5927 20.7741 1
      vertex -15.1808 20.6967 1
    endloop
  endfacet
  facet normal -0 0 1
    outer loop
      vertex -20.8 -14 1
      vertex -14 -20.8 1
      vertex -20.8 14 1
    endloop
  endfacet
  facet normal 0 0 1
    outer loop
      vertex -20.8 14 1
      vertex -15.1808 20.6967 1
      vertex -15.76 20.5683 1
    endloop
  endfacet
  facet normal 0 0 1
    outer loop
      vertex -14 -20.8 1
      vertex -20.8 -14 1
      vertex -14.5927 -20.7741 1
    endloop
  endfacet
  facet normal 0 0 1
    outer loop
      vertex -20.8 14 1
      vertex -15.76 20.5683 1
      vertex -16.3257 20.3899 1
    endloop
  endfacet
  facet normal 0 0 1
    outer loop
      vertex -14.5927 -20.7741 1
      vertex -20.8 -14 1
      vertex -15.1808 -20.6967 1
    endloop
  endfacet
  facet normal 0 0 1
    outer loop
      vertex -20.8 14 1
      vertex -16.3257 20.3899 1
      vertex -16.8738 20.1629 1
    endloop
  endfacet
  facet normal 0 0 1
    outer loop
      vertex -15.1808 -20.6967 1
      vertex -20.8 -14 1
      vertex -15.76 -20.5683 1
    endloop
  endfacet
  facet normal 0 0 1
    outer loop
      vertex -20.8 14 1
      vertex -16.8738 20.1629 1
      vertex -17.4 19.889 1
    endloop
  endfacet
  facet normal 0 0 1
    outer loop
      vertex -15.76 -20.5683 1
      vertex -20.8 -14 1
      vertex -16.3257 -20.3899 1
    endloop
  endfacet
  facet normal 0 0 1
    outer loop
      vertex -20.8 14 1
      vertex -17.4 19.889 1
      vertex -17.9003 19.5702 1
    endloop
  endfacet
  facet normal 0 0 1
    outer loop
      vertex -16.3257 -20.3899 1
      vertex -20.8 -14 1
      vertex -16.8738 -20.1629 1
    endloop
  endfacet
  facet normal 0 0 1
    outer loop
      vertex -20.8 14 1
      vertex -17.9003 19.5702 1
      vertex -18.371 19.2091 1
    endloop
  endfacet
  facet normal 0 0 1
    outer loop
      vertex -16.8738 -20.1629 1
      vertex -20.8 -14 1
      vertex -17.4 -19.889 1
    endloop
  endfacet
  facet normal 0 0 1
    outer loop
      vertex -20.8 14 1
      vertex -18.371 19.2091 1
      vertex -18.8083 18.8083 1
    endloop
  endfacet
  facet normal 0 0 1
    outer loop
      vertex -17.4 -19.889 1
      vertex -20.8 -14 1
      vertex -17.9003 -19.5702 1
    endloop
  endfacet
  facet normal 0 0 1
    outer loop
      vertex -20.8 14 1
      vertex -18.8083 18.8083 1
      vertex -19.2091 18.371 1
    endloop
  endfacet
  facet normal 0 0 1
    outer loop
      vertex -17.9003 -19.5702 1
      vertex -20.8 -14 1
      vertex -18.371 -19.2091 1
    endloop
  endfacet
  facet normal 0 0 1
    outer loop
      vertex -20.8 14 1
      vertex -19.2091 18.371 1
      vertex -19.5702 17.9003 1
    endloop
  endfacet
  facet normal 0 0 1
    outer loop
      vertex -18.371 -19.2091 1
      vertex -20.8 -14 1
      vertex -18.8083 -18.8083 1
    endloop
  endfacet
  facet normal 0 0 1
    outer loop
      vertex -20.8 14 1
      vertex -19.5702 17.9003 1
      vertex -19.889 17.4 1
    endloop
  endfacet
  facet normal 0 0 1
    outer loop
      vertex -18.8083 -18.8083 1
      vertex -20.8 -14 1
      vertex -19.2091 -18.371 1
    endloop
  endfacet
  facet normal 0 0 1
    outer loop
      vertex -20.8 14 1
      vertex -19.889 17.4 1
      vertex -20.1629 16.8738 1
    endloop
  endfacet
  facet normal 0 0 1
    outer loop
      vertex -19.2091 -18.371 1
      vertex -20.8 -14 1
      vertex -19.5702 -17.9003 1
    endloop
  endfacet
  facet normal 0 0 1
    outer loop
      vertex -20.8 14 1
      vertex -20.1629 16.8738 1
      vertex -20.3899 16.3257 1
    endloop
  endfacet
  facet normal 0 0 1
    outer loop
      vertex -19.5702 -17.9003 1
      vertex -20.8 -14 1
      vertex -19.889 -17.4 1
    endloop
  endfacet
  facet normal 0 0 1
    outer loop
      vertex -20.8 14 1
      vertex -20.3899 16.3257 1
      vertex -20.5683 15.76 1
    endloop
  endfacet
  facet normal 0 0 1
    outer loop
      vertex -19.889 -17.4 1
      vertex -20.8 -14 1
      vertex -20.1629 -16.8738 1
    endloop
  endfacet
  facet normal 0 0 1
    outer loop
      vertex -20.8 14 1
      vertex -20.5683 15.76 1
      vertex -20.6967 15.1808 1
    endloop
  endfacet
  facet normal 0 0 1
    outer loop
      vertex -20.1629 -16.8738 1
      vertex -20.8 -14 1
      vertex -20.3899 -16.3257 1
    endloop
  endfacet
  facet normal 0 0 1
    outer loop
      vertex -20.8 14 1
      vertex -20.6967 15.1808 1
      vertex -20.7741 14.5927 1
    endloop
  endfacet
  facet normal 0 0 1
    outer loop
      vertex -20.3899 -16.3257 1
      vertex -20.8 -14 1
      vertex -20.5683 -15.76 1
    endloop
  endfacet
  facet normal 0 0 1
    outer loop
      vertex -20.5683 -15.76 1
      vertex -20.8 -14 1
      vertex -20.6967 -15.1808 1
    endloop
  endfacet
  facet normal 0 0 1
    outer loop
      vertex -20.6967 -15.1808 1
      vertex -20.8 -14 1
      vertex -20.7741 -14.5927 1
    endloop
  endfacet
  facet normal 0.130539 0.99144 -0.00228265
    outer loop
      vertex 15.3892 21.8785 12.01
      vertex 14.7951 21.9567 12
      vertex 14.6973 21.9696 12.01
    endloop
  endfacet
  facet normal 0.130502 0.991448 -0
    outer loop
      vertex 15.3892 21.8785 0
      vertex 14.7951 21.9567 12
      vertex 15.3892 21.8785 12.01
    endloop
  endfacet
  facet normal 0.130502 0.991448 0
    outer loop
      vertex 14.7951 21.9567 12
      vertex 15.3892 21.8785 0
      vertex 14.7951 21.9567 0
    endloop
  endfacet
  facet normal 0.130769 0.991413 0
    outer loop
      vertex 14.6973 21.9696 12.01
      vertex 14.7951 21.9567 12
      vertex 14.6973 21.9696 12
    endloop
  endfacet
  facet normal 0.21557 0.976488 0
    outer loop
      vertex 16.0022 21.7425 12
      vertex 16.0706 21.7274 12.01
      vertex 16.0706 21.7274 12
    endloop
  endfacet
  facet normal 0.216486 0.976263 -0.00660489
    outer loop
      vertex 16.0706 21.7274 12.01
      vertex 16.0022 21.7425 12
      vertex 15.3892 21.8785 12.01
    endloop
  endfacet
  facet normal 0.216593 0.976262 0
    outer loop
      vertex 15.3892 21.8785 0
      vertex 16.0022 21.7425 12
      vertex 16.0022 21.7425 0
    endloop
  endfacet
  facet normal 0.216593 0.976262 0
    outer loop
      vertex 16.0022 21.7425 12
      vertex 15.3892 21.8785 0
      vertex 15.3892 21.8785 12.01
    endloop
  endfacet
  facet normal 0.382579 0.923921 0.00207481
    outer loop
      vertex 17.381 21.2505 12.01
      vertex 16.7662 21.5051 12
      vertex 16.7362 21.5175 12.01
    endloop
  endfacet
  facet normal 0.382608 0.923911 -0
    outer loop
      vertex 17.381 21.2505 0
      vertex 16.7662 21.5051 12
      vertex 17.381 21.2505 12.01
    endloop
  endfacet
  facet normal 0.382608 0.923911 0
    outer loop
      vertex 16.7662 21.5051 12
      vertex 17.381 21.2505 0
      vertex 16.7662 21.5051 0
    endloop
  endfacet
  facet normal 0.381989 0.924167 0
    outer loop
      vertex 16.7362 21.5175 12.01
      vertex 16.7662 21.5051 12
      vertex 16.7362 21.5175 12
    endloop
  endfacet
  facet normal 0.461838 0.886964 0
    outer loop
      vertex 17.8792 20.9911 12
      vertex 18 20.9282 12.01
      vertex 18 20.9282 12
    endloop
  endfacet
  facet normal 0.461826 0.88697 0.000180546
    outer loop
      vertex 18 20.9282 12.01
      vertex 17.8792 20.9911 12
      vertex 17.381 21.2505 12.01
    endloop
  endfacet
  facet normal 0.461824 0.886972 0
    outer loop
      vertex 17.381 21.2505 0
      vertex 17.8792 20.9911 12
      vertex 17.8792 20.9911 0
    endloop
  endfacet
  facet normal 0.461824 0.886972 0
    outer loop
      vertex 17.8792 20.9911 12
      vertex 17.381 21.2505 0
      vertex 17.381 21.2505 12.01
    endloop
  endfacet
  facet normal 0.537311 0.843364 0.00589753
    outer loop
      vertex 18.5886 20.5532 12.01
      vertex 18.5603 20.5713 12
      vertex 18 20.9282 12.01
    endloop
  endfacet
  facet normal 0.5388 0.842434 -0
    outer loop
      vertex 18.5886 20.5532 0
      vertex 18.5603 20.5713 12
      vertex 18.5886 20.5532 12.01
    endloop
  endfacet
  facet normal 0.5388 0.842434 0
    outer loop
      vertex 18.5603 20.5713 12
      vertex 18.5886 20.5532 0
      vertex 18.5603 20.5713 0
    endloop
  endfacet
  facet normal 0.537246 0.843426 0
    outer loop
      vertex 18 20.9282 12.01
      vertex 18.5603 20.5713 12
      vertex 18 20.9282 12
    endloop
  endfacet
  facet normal 0.608699 0.793401 -0
    outer loop
      vertex 19.1423 20.1284 0
      vertex 18.5886 20.5532 12.01
      vertex 19.1423 20.1284 12.01
    endloop
  endfacet
  facet normal 0.608699 0.793401 0
    outer loop
      vertex 18.5886 20.5532 12.01
      vertex 19.1423 20.1284 0
      vertex 18.5886 20.5532 0
    endloop
  endfacet
  facet normal 0.675277 0.737564 0
    outer loop
      vertex 19.5077 19.7935 12
      vertex 19.6569 19.6569 12.01
      vertex 19.6569 19.6569 12
    endloop
  endfacet
  facet normal 0.675536 0.737287 -0.00765655
    outer loop
      vertex 19.6569 19.6569 12.01
      vertex 19.5077 19.7935 12
      vertex 19.1423 20.1284 12.01
    endloop
  endfacet
  facet normal 0.67567 0.737204 0
    outer loop
      vertex 19.1423 20.1284 0
      vertex 19.5077 19.7935 12
      vertex 19.5077 19.7935 0
    endloop
  endfacet
  facet normal 0.67567 0.737204 0
    outer loop
      vertex 19.5077 19.7935 12
      vertex 19.1423 20.1284 0
      vertex 19.1423 20.1284 12.01
    endloop
  endfacet
  facet normal 0.737348 0.675513 0
    outer loop
      vertex 19.6569 19.6569 12.01
      vertex 20.0611 19.2157 12
      vertex 19.6569 19.6569 12
    endloop
  endfacet
  facet normal 0.737304 0.675552 -0.00350742
    outer loop
      vertex 20.1284 19.1423 12.01
      vertex 20.0611 19.2157 12
      vertex 19.6569 19.6569 12.01
    endloop
  endfacet
  facet normal 0.737071 0.675816 -0
    outer loop
      vertex 20.1284 19.1423 0
      vertex 20.0611 19.2157 12
      vertex 20.1284 19.1423 12.01
    endloop
  endfacet
  facet normal 0.737071 0.675816 0
    outer loop
      vertex 20.0611 19.2157 12
      vertex 20.1284 19.1423 0
      vertex 20.0611 19.2157 0
    endloop
  endfacet
  facet normal 0.793401 0.608699 0
    outer loop
      vertex 20.5532 18.5886 12.01
      vertex 20.1284 19.1423 0
      vertex 20.1284 19.1423 12.01
    endloop
  endfacet
  facet normal 0.793401 0.608699 0
    outer loop
      vertex 20.1284 19.1423 0
      vertex 20.5532 18.5886 12.01
      vertex 20.5532 18.5886 0
    endloop
  endfacet
  facet normal 0.843403 0.537282 0
    outer loop
      vertex 20.5532 18.5886 12.01
      vertex 20.784 18.2263 12
      vertex 20.5532 18.5886 0
    endloop
  endfacet
  facet normal 0.843377 0.537319 -0.00195154
    outer loop
      vertex 20.9282 18 12.01
      vertex 20.784 18.2263 12
      vertex 20.5532 18.5886 12.01
    endloop
  endfacet
  facet normal 0.843339 0.537382 0
    outer loop
      vertex 20.784 18.2263 12
      vertex 20.9282 18 12.01
      vertex 20.9282 18 12
    endloop
  endfacet
  facet normal 0.843403 0.537282 0
    outer loop
      vertex 20.5532 18.5886 0
      vertex 20.784 18.2263 12
      vertex 20.784 18.2263 0
    endloop
  endfacet
  facet normal 0.88702 0.461731 0
    outer loop
      vertex 20.9282 18 12.01
      vertex 21.174 17.5278 12
      vertex 20.9282 18 12
    endloop
  endfacet
  facet normal 0.886956 0.461819 -0.00571148
    outer loop
      vertex 21.2505 17.381 12.01
      vertex 21.174 17.5278 12
      vertex 20.9282 18 12.01
    endloop
  endfacet
  facet normal 0.886811 0.462132 -0
    outer loop
      vertex 21.2505 17.381 0
      vertex 21.174 17.5278 12
      vertex 21.2505 17.381 12.01
    endloop
  endfacet
  facet normal 0.886811 0.462132 0
    outer loop
      vertex 21.174 17.5278 12
      vertex 21.2505 17.381 0
      vertex 21.174 17.5278 0
    endloop
  endfacet
  facet normal 0.923923 0.38258 0
    outer loop
      vertex 21.5175 16.7362 12.01
      vertex 21.2505 17.381 0
      vertex 21.2505 17.381 12.01
    endloop
  endfacet
  facet normal 0.923923 0.38258 0
    outer loop
      vertex 21.2505 17.381 0
      vertex 21.5175 16.7362 12.01
      vertex 21.5175 16.7362 0
    endloop
  endfacet
  facet normal 0.953649 0.300921 0
    outer loop
      vertex 21.5175 16.7362 12.01
      vertex 21.6269 16.3895 12
      vertex 21.5175 16.7362 0
    endloop
  endfacet
  facet normal 0.953682 0.300748 0.00634881
    outer loop
      vertex 21.7274 16.0706 12.01
      vertex 21.6269 16.3895 12
      vertex 21.5175 16.7362 12.01
    endloop
  endfacet
  facet normal 0.953759 0.300573 0
    outer loop
      vertex 21.6269 16.3895 12
      vertex 21.7274 16.0706 12.01
      vertex 21.7274 16.0706 12
    endloop
  endfacet
  facet normal 0.953649 0.300921 0
    outer loop
      vertex 21.5175 16.7362 0
      vertex 21.6269 16.3895 12
      vertex 21.6269 16.3895 0
    endloop
  endfacet
  facet normal 0.976323 0.216318 0
    outer loop
      vertex 21.7274 16.0706 12.01
      vertex 21.8283 15.6152 12
      vertex 21.7274 16.0706 12
    endloop
  endfacet
  facet normal 0.976251 0.216483 -0.00826389
    outer loop
      vertex 21.8785 15.3892 12.01
      vertex 21.8283 15.6152 12
      vertex 21.7274 16.0706 12.01
    endloop
  endfacet
  facet normal 0.976207 0.216839 -0
    outer loop
      vertex 21.8785 15.3892 0
      vertex 21.8283 15.6152 12
      vertex 21.8785 15.3892 12.01
    endloop
  endfacet
  facet normal 0.976207 0.216839 0
    outer loop
      vertex 21.8283 15.6152 12
      vertex 21.8785 15.3892 0
      vertex 21.8283 15.6152 0
    endloop
  endfacet
  facet normal 0.991443 0.13054 0
    outer loop
      vertex 21.9696 14.6973 12.01
      vertex 21.8785 15.3892 0
      vertex 21.8785 15.3892 12.01
    endloop
  endfacet
  facet normal 0.991443 0.13054 0
    outer loop
      vertex 21.8785 15.3892 0
      vertex 21.9696 14.6973 12.01
      vertex 21.9696 14.6973 0
    endloop
  endfacet
  facet normal 0.99906 0.0433497 0
    outer loop
      vertex 21.9696 14.6973 12.01
      vertex 21.9825 14.4 12
      vertex 21.9696 14.6973 0
    endloop
  endfacet
  facet normal 0.999032 0.0435545 -0.00612486
    outer loop
      vertex 22 14 12.01
      vertex 21.9825 14.4 12
      vertex 21.9696 14.6973 12.01
    endloop
  endfacet
  facet normal 0.999044 0.0437082 0
    outer loop
      vertex 21.9825 14.4 12
      vertex 22 14 12.01
      vertex 22 14 12
    endloop
  endfacet
  facet normal 0.99906 0.0433497 0
    outer loop
      vertex 21.9696 14.6973 0
      vertex 21.9825 14.4 12
      vertex 21.9825 14.4 0
    endloop
  endfacet
  facet normal 1 0 0
    outer loop
      vertex 22 14 12.01
      vertex 22 13.6 12
      vertex 22 14 12
    endloop
  endfacet
  facet normal 1 0 0
    outer loop
      vertex 22 13.6 12
      vertex 22 12.3717 12
      vertex 22 13.6 0
    endloop
  endfacet
  facet normal 1 0 0
    outer loop
      vertex 22 14 12.01
      vertex 22 12.3717 12
      vertex 22 13.6 12
    endloop
  endfacet
  facet normal 1 0 0
    outer loop
      vertex 22 14 12.01
      vertex 22 11.5717 12
      vertex 22 12.3717 12
    endloop
  endfacet
  facet normal 1 0 0
    outer loop
      vertex 22 11.5717 12
      vertex 22 10.3434 12
      vertex 22 11.5717 0
    endloop
  endfacet
  facet normal 1 0 0
    outer loop
      vertex 22 14 12.01
      vertex 22 10.3434 12
      vertex 22 11.5717 12
    endloop
  endfacet
  facet normal 1 0 0
    outer loop
      vertex 22 14 12.01
      vertex 22 9.54336 12
      vertex 22 10.3434 12
    endloop
  endfacet
  facet normal 1 0 0
    outer loop
      vertex 22 9.54336 12
      vertex 22 8.31504 12
      vertex 22 9.54336 0
    endloop
  endfacet
  facet normal 1 0 0
    outer loop
      vertex 22 14 12.01
      vertex 22 8.31504 12
      vertex 22 9.54336 12
    endloop
  endfacet
  facet normal 1 0 0
    outer loop
      vertex 22 14 12.01
      vertex 22 7.51504 12
      vertex 22 8.31504 12
    endloop
  endfacet
  facet normal 1 0 0
    outer loop
      vertex 22 7.51504 12
      vertex 22 6.28673 12
      vertex 22 7.51504 0
    endloop
  endfacet
  facet normal 1 0 0
    outer loop
      vertex 22 14 12.01
      vertex 22 6.28673 12
      vertex 22 7.51504 12
    endloop
  endfacet
  facet normal 1 0 0
    outer loop
      vertex 22 14 12.01
      vertex 22 5.48673 12
      vertex 22 6.28673 12
    endloop
  endfacet
  facet normal 1 0 0
    outer loop
      vertex 22 5.48673 12
      vertex 22 4.25841 12
      vertex 22 5.48673 0
    endloop
  endfacet
  facet normal 1 0 0
    outer loop
      vertex 22 14 12.01
      vertex 22 4.25841 12
      vertex 22 5.48673 12
    endloop
  endfacet
  facet normal 1 0 0
    outer loop
      vertex 22 14 12.01
      vertex 22 3.45841 12
      vertex 22 4.25841 12
    endloop
  endfacet
  facet normal 1 0 0
    outer loop
      vertex 22 3.45841 12
      vertex 22 2.23009 12
      vertex 22 3.45841 0
    endloop
  endfacet
  facet normal 1 0 0
    outer loop
      vertex 22 14 12.01
      vertex 22 2.23009 12
      vertex 22 3.45841 12
    endloop
  endfacet
  facet normal 1 0 0
    outer loop
      vertex 22 14 12.01
      vertex 22 1.43009 12
      vertex 22 2.23009 12
    endloop
  endfacet
  facet normal 1 0 0
    outer loop
      vertex 22 1.43009 12
      vertex 22 0.20177 12
      vertex 22 1.43009 0
    endloop
  endfacet
  facet normal 1 0 0
    outer loop
      vertex 22 14 12.01
      vertex 22 0.20177 12
      vertex 22 1.43009 12
    endloop
  endfacet
  facet normal 1 0 0
    outer loop
      vertex 22 14 12.01
      vertex 22 -0.598229 12
      vertex 22 0.20177 12
    endloop
  endfacet
  facet normal 1 0 0
    outer loop
      vertex 22 -0.598229 12
      vertex 22 -1.82655 12
      vertex 22 -0.598229 0
    endloop
  endfacet
  facet normal 1 0 0
    outer loop
      vertex 22 14 12.01
      vertex 22 -1.82655 12
      vertex 22 -0.598229 12
    endloop
  endfacet
  facet normal 1 0 0
    outer loop
      vertex 22 14 12.01
      vertex 22 -2.62655 12
      vertex 22 -1.82655 12
    endloop
  endfacet
  facet normal 1 0 0
    outer loop
      vertex 22 -2.62655 12
      vertex 22 -3.85487 12
      vertex 22 -2.62655 0
    endloop
  endfacet
  facet normal 1 0 0
    outer loop
      vertex 22 14 12.01
      vertex 22 -3.85487 12
      vertex 22 -2.62655 12
    endloop
  endfacet
  facet normal 1 0 0
    outer loop
      vertex 22 14 12.01
      vertex 22 -4.65487 12
      vertex 22 -3.85487 12
    endloop
  endfacet
  facet normal 1 0 0
    outer loop
      vertex 22 -4.65487 12
      vertex 22 -5.88318 12
      vertex 22 -4.65487 0
    endloop
  endfacet
  facet normal 1 0 0
    outer loop
      vertex 22 14 12.01
      vertex 22 -5.88318 12
      vertex 22 -4.65487 12
    endloop
  endfacet
  facet normal 1 0 0
    outer loop
      vertex 22 14 12.01
      vertex 22 -6.68318 12
      vertex 22 -5.88318 12
    endloop
  endfacet
  facet normal 1 0 0
    outer loop
      vertex 22 -6.68318 12
      vertex 22 -7.9115 12
      vertex 22 -6.68318 0
    endloop
  endfacet
  facet normal 1 0 0
    outer loop
      vertex 22 14 12.01
      vertex 22 -7.9115 12
      vertex 22 -6.68318 12
    endloop
  endfacet
  facet normal 1 0 0
    outer loop
      vertex 22 14 12.01
      vertex 22 -8.7115 12
      vertex 22 -7.9115 12
    endloop
  endfacet
  facet normal 1 0 0
    outer loop
      vertex 22 -8.7115 12
      vertex 22 -9.93982 12
      vertex 22 -8.7115 0
    endloop
  endfacet
  facet normal 1 0 0
    outer loop
      vertex 22 14 12.01
      vertex 22 -9.93982 12
      vertex 22 -8.7115 12
    endloop
  endfacet
  facet normal 1 0 0
    outer loop
      vertex 22 14 12.01
      vertex 22 -10.7398 12
      vertex 22 -9.93982 12
    endloop
  endfacet
  facet normal 1 0 0
    outer loop
      vertex 22 -10.7398 12
      vertex 22 -11.9681 12
      vertex 22 -10.7398 0
    endloop
  endfacet
  facet normal 1 0 0
    outer loop
      vertex 22 14 12.01
      vertex 22 -11.9681 12
      vertex 22 -10.7398 12
    endloop
  endfacet
  facet normal 1 0 0
    outer loop
      vertex 22 14 12.01
      vertex 22 -12.7681 12
      vertex 22 -11.9681 12
    endloop
  endfacet
  facet normal 1 0 0
    outer loop
      vertex 22 -12.7681 12
      vertex 22 -13.9963 12
      vertex 22 -12.7681 0
    endloop
  endfacet
  facet normal 1 -0 0
    outer loop
      vertex 22 -14 12.01
      vertex 22 -12.7681 12
      vertex 22 14 12.01
    endloop
  endfacet
  facet normal 1 0 0
    outer loop
      vertex 22 -12.7681 12
      vertex 22 -14 12.01
      vertex 22 -13.9963 12
    endloop
  endfacet
  facet normal 1 0 0
    outer loop
      vertex 22 -13.9963 12
      vertex 22 -14 12.01
      vertex 22 -14 12
    endloop
  endfacet
  facet normal 1 0 0
    outer loop
      vertex 22 13.6 0
      vertex 22 12.3717 12
      vertex 22 12.3717 0
    endloop
  endfacet
  facet normal 1 0 0
    outer loop
      vertex 22 11.5717 0
      vertex 22 10.3434 12
      vertex 22 10.3434 0
    endloop
  endfacet
  facet normal 1 0 0
    outer loop
      vertex 22 9.54336 0
      vertex 22 8.31504 12
      vertex 22 8.31504 0
    endloop
  endfacet
  facet normal 1 0 0
    outer loop
      vertex 22 7.51504 0
      vertex 22 6.28673 12
      vertex 22 6.28673 0
    endloop
  endfacet
  facet normal 1 0 0
    outer loop
      vertex 22 5.48673 0
      vertex 22 4.25841 12
      vertex 22 4.25841 0
    endloop
  endfacet
  facet normal 1 0 0
    outer loop
      vertex 22 3.45841 0
      vertex 22 2.23009 12
      vertex 22 2.23009 0
    endloop
  endfacet
  facet normal 1 0 0
    outer loop
      vertex 22 1.43009 0
      vertex 22 0.20177 12
      vertex 22 0.20177 0
    endloop
  endfacet
  facet normal 1 0 0
    outer loop
      vertex 22 -0.598229 0
      vertex 22 -1.82655 12
      vertex 22 -1.82655 0
    endloop
  endfacet
  facet normal 1 0 0
    outer loop
      vertex 22 -2.62655 0
      vertex 22 -3.85487 12
      vertex 22 -3.85487 0
    endloop
  endfacet
  facet normal 1 0 0
    outer loop
      vertex 22 -4.65487 0
      vertex 22 -5.88318 12
      vertex 22 -5.88318 0
    endloop
  endfacet
  facet normal 1 0 0
    outer loop
      vertex 22 -6.68318 0
      vertex 22 -7.9115 12
      vertex 22 -7.9115 0
    endloop
  endfacet
  facet normal 1 0 0
    outer loop
      vertex 22 -8.7115 0
      vertex 22 -9.93982 12
      vertex 22 -9.93982 0
    endloop
  endfacet
  facet normal 1 0 0
    outer loop
      vertex 22 -10.7398 0
      vertex 22 -11.9681 12
      vertex 22 -11.9681 0
    endloop
  endfacet
  facet normal 1 0 0
    outer loop
      vertex 22 -12.7681 0
      vertex 22 -13.9963 12
      vertex 22 -13.9963 0
    endloop
  endfacet
  facet normal 0.991413 -0.130769 0
    outer loop
      vertex 21.9696 -14.6973 12.01
      vertex 21.9567 -14.7951 12
      vertex 21.9696 -14.6973 12
    endloop
  endfacet
  facet normal 0.99144 -0.130539 -0.00228265
    outer loop
      vertex 21.8785 -15.3892 12.01
      vertex 21.9567 -14.7951 12
      vertex 21.9696 -14.6973 12.01
    endloop
  endfacet
  facet normal 0.991448 -0.130502 0
    outer loop
      vertex 21.8785 -15.3892 0
      vertex 21.9567 -14.7951 12
      vertex 21.8785 -15.3892 12.01
    endloop
  endfacet
  facet normal 0.991448 -0.130502 0
    outer loop
      vertex 21.9567 -14.7951 12
      vertex 21.8785 -15.3892 0
      vertex 21.9567 -14.7951 0
    endloop
  endfacet
  facet normal 0.976262 -0.216593 0
    outer loop
      vertex 21.8785 -15.3892 12.01
      vertex 21.7425 -16.0022 12
      vertex 21.8785 -15.3892 0
    endloop
  endfacet
  facet normal 0.976263 -0.216486 -0.00660489
    outer loop
      vertex 21.7274 -16.0706 12.01
      vertex 21.7425 -16.0022 12
      vertex 21.8785 -15.3892 12.01
    endloop
  endfacet
  facet normal 0.976488 -0.21557 0
    outer loop
      vertex 21.7425 -16.0022 12
      vertex 21.7274 -16.0706 12.01
      vertex 21.7274 -16.0706 12
    endloop
  endfacet
  facet normal 0.976262 -0.216593 0
    outer loop
      vertex 21.8785 -15.3892 0
      vertex 21.7425 -16.0022 12
      vertex 21.7425 -16.0022 0
    endloop
  endfacet
  facet normal 0.924167 -0.381989 0
    outer loop
      vertex 21.5175 -16.7362 12.01
      vertex 21.5051 -16.7662 12
      vertex 21.5175 -16.7362 12
    endloop
  endfacet
  facet normal 0.923921 -0.382579 0.00207481
    outer loop
      vertex 21.2505 -17.381 12.01
      vertex 21.5051 -16.7662 12
      vertex 21.5175 -16.7362 12.01
    endloop
  endfacet
  facet normal 0.923911 -0.382608 0
    outer loop
      vertex 21.2505 -17.381 0
      vertex 21.5051 -16.7662 12
      vertex 21.2505 -17.381 12.01
    endloop
  endfacet
  facet normal 0.923911 -0.382608 0
    outer loop
      vertex 21.5051 -16.7662 12
      vertex 21.2505 -17.381 0
      vertex 21.5051 -16.7662 0
    endloop
  endfacet
  facet normal 0.886972 -0.461824 0
    outer loop
      vertex 21.2505 -17.381 12.01
      vertex 20.9911 -17.8792 12
      vertex 21.2505 -17.381 0
    endloop
  endfacet
  facet normal 0.88697 -0.461826 0.000180546
    outer loop
      vertex 20.9282 -18 12.01
      vertex 20.9911 -17.8792 12
      vertex 21.2505 -17.381 12.01
    endloop
  endfacet
  facet normal 0.886964 -0.461838 0
    outer loop
      vertex 20.9911 -17.8792 12
      vertex 20.9282 -18 12.01
      vertex 20.9282 -18 12
    endloop
  endfacet
  facet normal 0.886972 -0.461824 0
    outer loop
      vertex 21.2505 -17.381 0
      vertex 20.9911 -17.8792 12
      vertex 20.9911 -17.8792 0
    endloop
  endfacet
  facet normal 0.843426 -0.537246 0
    outer loop
      vertex 20.9282 -18 12.01
      vertex 20.5713 -18.5603 12
      vertex 20.9282 -18 12
    endloop
  endfacet
  facet normal 0.843364 -0.537311 0.00589753
    outer loop
      vertex 20.5532 -18.5886 12.01
      vertex 20.5713 -18.5603 12
      vertex 20.9282 -18 12.01
    endloop
  endfacet
  facet normal 0.842434 -0.5388 0
    outer loop
      vertex 20.5532 -18.5886 0
      vertex 20.5713 -18.5603 12
      vertex 20.5532 -18.5886 12.01
    endloop
  endfacet
  facet normal 0.842434 -0.5388 0
    outer loop
      vertex 20.5713 -18.5603 12
      vertex 20.5532 -18.5886 0
      vertex 20.5713 -18.5603 0
    endloop
  endfacet
  facet normal 0.793401 -0.608699 0
    outer loop
      vertex 20.1284 -19.1423 12.01
      vertex 20.5532 -18.5886 0
      vertex 20.5532 -18.5886 12.01
    endloop
  endfacet
  facet normal 0.793401 -0.608699 0
    outer loop
      vertex 20.5532 -18.5886 0
      vertex 20.1284 -19.1423 12.01
      vertex 20.1284 -19.1423 0
    endloop
  endfacet
  facet normal 0.737204 -0.67567 0
    outer loop
      vertex 20.1284 -19.1423 12.01
      vertex 19.7935 -19.5077 12
      vertex 20.1284 -19.1423 0
    endloop
  endfacet
  facet normal 0.737287 -0.675536 -0.00765655
    outer loop
      vertex 19.6569 -19.6569 12.01
      vertex 19.7935 -19.5077 12
      vertex 20.1284 -19.1423 12.01
    endloop
  endfacet
  facet normal 0.737564 -0.675277 0
    outer loop
      vertex 19.7935 -19.5077 12
      vertex 19.6569 -19.6569 12.01
      vertex 19.6569 -19.6569 12
    endloop
  endfacet
  facet normal 0.737204 -0.67567 0
    outer loop
      vertex 20.1284 -19.1423 0
      vertex 19.7935 -19.5077 12
      vertex 19.7935 -19.5077 0
    endloop
  endfacet
  facet normal 0.675552 -0.737304 -0.00350742
    outer loop
      vertex 19.1423 -20.1284 12.01
      vertex 19.2157 -20.0611 12
      vertex 19.6569 -19.6569 12.01
    endloop
  endfacet
  facet normal 0.675816 -0.737071 0
    outer loop
      vertex 19.1423 -20.1284 0
      vertex 19.2157 -20.0611 12
      vertex 19.1423 -20.1284 12.01
    endloop
  endfacet
  facet normal 0.675816 -0.737071 0
    outer loop
      vertex 19.2157 -20.0611 12
      vertex 19.1423 -20.1284 0
      vertex 19.2157 -20.0611 0
    endloop
  endfacet
  facet normal 0.675513 -0.737348 0
    outer loop
      vertex 19.6569 -19.6569 12.01
      vertex 19.2157 -20.0611 12
      vertex 19.6569 -19.6569 12
    endloop
  endfacet
  facet normal 0.608699 -0.793401 0
    outer loop
      vertex 18.5886 -20.5532 0
      vertex 19.1423 -20.1284 12.01
      vertex 18.5886 -20.5532 12.01
    endloop
  endfacet
  facet normal 0.608699 -0.793401 0
    outer loop
      vertex 19.1423 -20.1284 12.01
      vertex 18.5886 -20.5532 0
      vertex 19.1423 -20.1284 0
    endloop
  endfacet
  facet normal 0.537382 -0.843339 0
    outer loop
      vertex 18.2263 -20.784 12
      vertex 18 -20.9282 12.01
      vertex 18 -20.9282 12
    endloop
  endfacet
  facet normal 0.537319 -0.843377 -0.00195154
    outer loop
      vertex 18 -20.9282 12.01
      vertex 18.2263 -20.784 12
      vertex 18.5886 -20.5532 12.01
    endloop
  endfacet
  facet normal 0.537282 -0.843403 0
    outer loop
      vertex 18.5886 -20.5532 0
      vertex 18.2263 -20.784 12
      vertex 18.2263 -20.784 0
    endloop
  endfacet
  facet normal 0.537282 -0.843403 0
    outer loop
      vertex 18.2263 -20.784 12
      vertex 18.5886 -20.5532 0
      vertex 18.5886 -20.5532 12.01
    endloop
  endfacet
  facet normal 0.461819 -0.886956 -0.00571148
    outer loop
      vertex 17.381 -21.2505 12.01
      vertex 17.5278 -21.174 12
      vertex 18 -20.9282 12.01
    endloop
  endfacet
  facet normal 0.462132 -0.886811 0
    outer loop
      vertex 17.381 -21.2505 0
      vertex 17.5278 -21.174 12
      vertex 17.381 -21.2505 12.01
    endloop
  endfacet
  facet normal 0.462132 -0.886811 0
    outer loop
      vertex 17.5278 -21.174 12
      vertex 17.381 -21.2505 0
      vertex 17.5278 -21.174 0
    endloop
  endfacet
  facet normal 0.461731 -0.88702 0
    outer loop
      vertex 18 -20.9282 12.01
      vertex 17.5278 -21.174 12
      vertex 18 -20.9282 12
    endloop
  endfacet
  facet normal 0.38258 -0.923923 0
    outer loop
      vertex 16.7362 -21.5175 0
      vertex 17.381 -21.2505 12.01
      vertex 16.7362 -21.5175 12.01
    endloop
  endfacet
  facet normal 0.38258 -0.923923 0
    outer loop
      vertex 17.381 -21.2505 12.01
      vertex 16.7362 -21.5175 0
      vertex 17.381 -21.2505 0
    endloop
  endfacet
  facet normal 0.300573 -0.953759 0
    outer loop
      vertex 16.3895 -21.6269 12
      vertex 16.0706 -21.7274 12.01
      vertex 16.0706 -21.7274 12
    endloop
  endfacet
  facet normal 0.300748 -0.953682 0.00634881
    outer loop
      vertex 16.0706 -21.7274 12.01
      vertex 16.3895 -21.6269 12
      vertex 16.7362 -21.5175 12.01
    endloop
  endfacet
  facet normal 0.300921 -0.953649 0
    outer loop
      vertex 16.7362 -21.5175 0
      vertex 16.3895 -21.6269 12
      vertex 16.3895 -21.6269 0
    endloop
  endfacet
  facet normal 0.300921 -0.953649 0
    outer loop
      vertex 16.3895 -21.6269 12
      vertex 16.7362 -21.5175 0
      vertex 16.7362 -21.5175 12.01
    endloop
  endfacet
  facet normal 0.216483 -0.976251 -0.00826389
    outer loop
      vertex 15.3892 -21.8785 12.01
      vertex 15.6152 -21.8283 12
      vertex 16.0706 -21.7274 12.01
    endloop
  endfacet
  facet normal 0.216839 -0.976207 0
    outer loop
      vertex 15.3892 -21.8785 0
      vertex 15.6152 -21.8283 12
      vertex 15.3892 -21.8785 12.01
    endloop
  endfacet
  facet normal 0.216839 -0.976207 0
    outer loop
      vertex 15.6152 -21.8283 12
      vertex 15.3892 -21.8785 0
      vertex 15.6152 -21.8283 0
    endloop
  endfacet
  facet normal 0.216318 -0.976323 0
    outer loop
      vertex 16.0706 -21.7274 12.01
      vertex 15.6152 -21.8283 12
      vertex 16.0706 -21.7274 12
    endloop
  endfacet
  facet normal 0.13054 -0.991443 0
    outer loop
      vertex 14.6973 -21.9696 0
      vertex 15.3892 -21.8785 12.01
      vertex 14.6973 -21.9696 12.01
    endloop
  endfacet
  facet normal 0.13054 -0.991443 0
    outer loop
      vertex 15.3892 -21.8785 12.01
      vertex 14.6973 -21.9696 0
      vertex 15.3892 -21.8785 0
    endloop
  endfacet
  facet normal 0.0437082 -0.999044 0
    outer loop
      vertex 14.4 -21.9825 12
      vertex 14 -22 12.01
      vertex 14 -22 12
    endloop
  endfacet
  facet normal 0.0435545 -0.999032 -0.00612486
    outer loop
      vertex 14 -22 12.01
      vertex 14.4 -21.9825 12
      vertex 14.6973 -21.9696 12.01
    endloop
  endfacet
  facet normal 0.0433497 -0.99906 0
    outer loop
      vertex 14.6973 -21.9696 0
      vertex 14.4 -21.9825 12
      vertex 14.4 -21.9825 0
    endloop
  endfacet
  facet normal 0.0433497 -0.99906 0
    outer loop
      vertex 14.4 -21.9825 12
      vertex 14.6973 -21.9696 0
      vertex 14.6973 -21.9696 12.01
    endloop
  endfacet
  facet normal 0 -1 0
    outer loop
      vertex 12.3717 -22 0
      vertex 13.6 -22 12
      vertex 12.3717 -22 12
    endloop
  endfacet
  facet normal 0 -1 -0
    outer loop
      vertex 13.6 -22 12
      vertex 12.3717 -22 0
      vertex 13.6 -22 0
    endloop
  endfacet
  facet normal 0 -1 0
    outer loop
      vertex 10.3434 -22 0
      vertex 11.5717 -22 12
      vertex 10.3434 -22 12
    endloop
  endfacet
  facet normal 0 -1 -0
    outer loop
      vertex 11.5717 -22 12
      vertex 10.3434 -22 0
      vertex 11.5717 -22 0
    endloop
  endfacet
  facet normal 0 -1 0
    outer loop
      vertex 8.31504 -22 0
      vertex 9.54336 -22 12
      vertex 8.31504 -22 12
    endloop
  endfacet
  facet normal 0 -1 -0
    outer loop
      vertex 9.54336 -22 12
      vertex 8.31504 -22 0
      vertex 9.54336 -22 0
    endloop
  endfacet
  facet normal 0 -1 0
    outer loop
      vertex 6.28673 -22 0
      vertex 7.51504 -22 12
      vertex 6.28673 -22 12
    endloop
  endfacet
  facet normal 0 -1 -0
    outer loop
      vertex 7.51504 -22 12
      vertex 6.28673 -22 0
      vertex 7.51504 -22 0
    endloop
  endfacet
  facet normal 0 -1 0
    outer loop
      vertex 4.25841 -22 0
      vertex 5.48673 -22 12
      vertex 4.25841 -22 12
    endloop
  endfacet
  facet normal 0 -1 -0
    outer loop
      vertex 5.48673 -22 12
      vertex 4.25841 -22 0
      vertex 5.48673 -22 0
    endloop
  endfacet
  facet normal 0 -1 0
    outer loop
      vertex 2.23009 -22 0
      vertex 3.45841 -22 12
      vertex 2.23009 -22 12
    endloop
  endfacet
  facet normal 0 -1 -0
    outer loop
      vertex 3.45841 -22 12
      vertex 2.23009 -22 0
      vertex 3.45841 -22 0
    endloop
  endfacet
  facet normal 0 -1 0
    outer loop
      vertex 0.20177 -22 0
      vertex 1.43009 -22 12
      vertex 0.20177 -22 12
    endloop
  endfacet
  facet normal 0 -1 -0
    outer loop
      vertex 1.43009 -22 12
      vertex 0.20177 -22 0
      vertex 1.43009 -22 0
    endloop
  endfacet
  facet normal 0 -1 0
    outer loop
      vertex -1.82655 -22 0
      vertex -0.598229 -22 12
      vertex -1.82655 -22 12
    endloop
  endfacet
  facet normal 0 -1 -0
    outer loop
      vertex -0.598229 -22 12
      vertex -1.82655 -22 0
      vertex -0.598229 -22 0
    endloop
  endfacet
  facet normal 0 -1 0
    outer loop
      vertex -3.85487 -22 0
      vertex -2.62655 -22 12
      vertex -3.85487 -22 12
    endloop
  endfacet
  facet normal 0 -1 -0
    outer loop
      vertex -2.62655 -22 12
      vertex -3.85487 -22 0
      vertex -2.62655 -22 0
    endloop
  endfacet
  facet normal 0 -1 0
    outer loop
      vertex -5.88318 -22 0
      vertex -4.65487 -22 12
      vertex -5.88318 -22 12
    endloop
  endfacet
  facet normal 0 -1 -0
    outer loop
      vertex -4.65487 -22 12
      vertex -5.88318 -22 0
      vertex -4.65487 -22 0
    endloop
  endfacet
  facet normal 0 -1 0
    outer loop
      vertex -7.9115 -22 0
      vertex -6.68318 -22 12
      vertex -7.9115 -22 12
    endloop
  endfacet
  facet normal 0 -1 -0
    outer loop
      vertex -6.68318 -22 12
      vertex -7.9115 -22 0
      vertex -6.68318 -22 0
    endloop
  endfacet
  facet normal 0 -1 0
    outer loop
      vertex -9.93982 -22 0
      vertex -8.7115 -22 12
      vertex -9.93982 -22 12
    endloop
  endfacet
  facet normal 0 -1 -0
    outer loop
      vertex -8.7115 -22 12
      vertex -9.93982 -22 0
      vertex -8.7115 -22 0
    endloop
  endfacet
  facet normal 0 -1 0
    outer loop
      vertex -11.9681 -22 0
      vertex -10.7398 -22 12
      vertex -11.9681 -22 12
    endloop
  endfacet
  facet normal 0 -1 -0
    outer loop
      vertex -10.7398 -22 12
      vertex -11.9681 -22 0
      vertex -10.7398 -22 0
    endloop
  endfacet
  facet normal 0 -1 0
    outer loop
      vertex -13.9963 -22 0
      vertex -12.7681 -22 12
      vertex -13.9963 -22 12
    endloop
  endfacet
  facet normal 0 -1 -0
    outer loop
      vertex -12.7681 -22 12
      vertex -13.9963 -22 0
      vertex -12.7681 -22 0
    endloop
  endfacet
  facet normal 0 -1 0
    outer loop
      vertex -13.9963 -22 12
      vertex -14 -22 12.01
      vertex -14 -22 12
    endloop
  endfacet
  facet normal 0 -1 0
    outer loop
      vertex -12.7681 -22 12
      vertex -14 -22 12.01
      vertex -13.9963 -22 12
    endloop
  endfacet
  facet normal 0 -1 0
    outer loop
      vertex -14 -22 12.01
      vertex -12.7681 -22 12
      vertex 14 -22 12.01
    endloop
  endfacet
  facet normal 0 -1 0
    outer loop
      vertex -11.9681 -22 12
      vertex 14 -22 12.01
      vertex -12.7681 -22 12
    endloop
  endfacet
  facet normal 0 -1 0
    outer loop
      vertex -10.7398 -22 12
      vertex 14 -22 12.01
      vertex -11.9681 -22 12
    endloop
  endfacet
  facet normal 0 -1 0
    outer loop
      vertex -9.93982 -22 12
      vertex 14 -22 12.01
      vertex -10.7398 -22 12
    endloop
  endfacet
  facet normal 0 -1 0
    outer loop
      vertex -8.7115 -22 12
      vertex 14 -22 12.01
      vertex -9.93982 -22 12
    endloop
  endfacet
  facet normal 0 -1 0
    outer loop
      vertex -7.9115 -22 12
      vertex 14 -22 12.01
      vertex -8.7115 -22 12
    endloop
  endfacet
  facet normal 0 -1 0
    outer loop
      vertex -6.68318 -22 12
      vertex 14 -22 12.01
      vertex -7.9115 -22 12
    endloop
  endfacet
  facet normal 0 -1 0
    outer loop
      vertex -5.88318 -22 12
      vertex 14 -22 12.01
      vertex -6.68318 -22 12
    endloop
  endfacet
  facet normal 0 -1 0
    outer loop
      vertex -4.65487 -22 12
      vertex 14 -22 12.01
      vertex -5.88318 -22 12
    endloop
  endfacet
  facet normal 0 -1 0
    outer loop
      vertex -3.85487 -22 12
      vertex 14 -22 12.01
      vertex -4.65487 -22 12
    endloop
  endfacet
  facet normal 0 -1 0
    outer loop
      vertex -2.62655 -22 12
      vertex 14 -22 12.01
      vertex -3.85487 -22 12
    endloop
  endfacet
  facet normal 0 -1 0
    outer loop
      vertex -1.82655 -22 12
      vertex 14 -22 12.01
      vertex -2.62655 -22 12
    endloop
  endfacet
  facet normal 0 -1 0
    outer loop
      vertex -0.598229 -22 12
      vertex 14 -22 12.01
      vertex -1.82655 -22 12
    endloop
  endfacet
  facet normal 0 -1 0
    outer loop
      vertex 0.20177 -22 12
      vertex 14 -22 12.01
      vertex -0.598229 -22 12
    endloop
  endfacet
  facet normal 0 -1 0
    outer loop
      vertex 1.43009 -22 12
      vertex 14 -22 12.01
      vertex 0.20177 -22 12
    endloop
  endfacet
  facet normal 0 -1 0
    outer loop
      vertex 2.23009 -22 12
      vertex 14 -22 12.01
      vertex 1.43009 -22 12
    endloop
  endfacet
  facet normal 0 -1 0
    outer loop
      vertex 3.45841 -22 12
      vertex 14 -22 12.01
      vertex 2.23009 -22 12
    endloop
  endfacet
  facet normal 0 -1 0
    outer loop
      vertex 4.25841 -22 12
      vertex 14 -22 12.01
      vertex 3.45841 -22 12
    endloop
  endfacet
  facet normal 0 -1 0
    outer loop
      vertex 5.48673 -22 12
      vertex 14 -22 12.01
      vertex 4.25841 -22 12
    endloop
  endfacet
  facet normal 0 -1 0
    outer loop
      vertex 6.28673 -22 12
      vertex 14 -22 12.01
      vertex 5.48673 -22 12
    endloop
  endfacet
  facet normal 0 -1 0
    outer loop
      vertex 7.51504 -22 12
      vertex 14 -22 12.01
      vertex 6.28673 -22 12
    endloop
  endfacet
  facet normal 0 -1 0
    outer loop
      vertex 8.31504 -22 12
      vertex 14 -22 12.01
      vertex 7.51504 -22 12
    endloop
  endfacet
  facet normal 0 -1 0
    outer loop
      vertex 9.54336 -22 12
      vertex 14 -22 12.01
      vertex 8.31504 -22 12
    endloop
  endfacet
  facet normal 0 -1 0
    outer loop
      vertex 10.3434 -22 12
      vertex 14 -22 12.01
      vertex 9.54336 -22 12
    endloop
  endfacet
  facet normal 0 -1 0
    outer loop
      vertex 11.5717 -22 12
      vertex 14 -22 12.01
      vertex 10.3434 -22 12
    endloop
  endfacet
  facet normal 0 -1 0
    outer loop
      vertex 12.3717 -22 12
      vertex 14 -22 12.01
      vertex 11.5717 -22 12
    endloop
  endfacet
  facet normal 0 -1 0
    outer loop
      vertex 13.6 -22 12
      vertex 14 -22 12.01
      vertex 12.3717 -22 12
    endloop
  endfacet
  facet normal 0 -1 -0
    outer loop
      vertex 14 -22 12.01
      vertex 13.6 -22 12
      vertex 14 -22 12
    endloop
  endfacet
  facet normal -0.130539 -0.99144 -0.00228265
    outer loop
      vertex -15.3892 -21.8785 12.01
      vertex -14.7951 -21.9567 12
      vertex -14.6973 -21.9696 12.01
    endloop
  endfacet
  facet normal -0.130502 -0.991448 0
    outer loop
      vertex -15.3892 -21.8785 0
      vertex -14.7951 -21.9567 12
      vertex -15.3892 -21.8785 12.01
    endloop
  endfacet
  facet normal -0.130502 -0.991448 -0
    outer loop
      vertex -14.7951 -21.9567 12
      vertex -15.3892 -21.8785 0
      vertex -14.7951 -21.9567 0
    endloop
  endfacet
  facet normal -0.130769 -0.991413 -0
    outer loop
      vertex -14.6973 -21.9696 12.01
      vertex -14.7951 -21.9567 12
      vertex -14.6973 -21.9696 12
    endloop
  endfacet
  facet normal -0.21557 -0.976488 0
    outer loop
      vertex -16.0022 -21.7425 12
      vertex -16.0706 -21.7274 12.01
      vertex -16.0706 -21.7274 12
    endloop
  endfacet
  facet normal -0.216486 -0.976263 -0.00660489
    outer loop
      vertex -16.0706 -21.7274 12.01
      vertex -16.0022 -21.7425 12
      vertex -15.3892 -21.8785 12.01
    endloop
  endfacet
  facet normal -0.216593 -0.976262 0
    outer loop
      vertex -15.3892 -21.8785 0
      vertex -16.0022 -21.7425 12
      vertex -16.0022 -21.7425 0
    endloop
  endfacet
  facet normal -0.216593 -0.976262 0
    outer loop
      vertex -16.0022 -21.7425 12
      vertex -15.3892 -21.8785 0
      vertex -15.3892 -21.8785 12.01
    endloop
  endfacet
  facet normal -0.382579 -0.923921 0.00207481
    outer loop
      vertex -17.381 -21.2505 12.01
      vertex -16.7662 -21.5051 12
      vertex -16.7362 -21.5175 12.01
    endloop
  endfacet
  facet normal -0.382608 -0.923911 0
    outer loop
      vertex -17.381 -21.2505 0
      vertex -16.7662 -21.5051 12
      vertex -17.381 -21.2505 12.01
    endloop
  endfacet
  facet normal -0.382608 -0.923911 -0
    outer loop
      vertex -16.7662 -21.5051 12
      vertex -17.381 -21.2505 0
      vertex -16.7662 -21.5051 0
    endloop
  endfacet
  facet normal -0.381989 -0.924167 -0
    outer loop
      vertex -16.7362 -21.5175 12.01
      vertex -16.7662 -21.5051 12
      vertex -16.7362 -21.5175 12
    endloop
  endfacet
  facet normal -0.461838 -0.886964 0
    outer loop
      vertex -17.8792 -20.9911 12
      vertex -18 -20.9282 12.01
      vertex -18 -20.9282 12
    endloop
  endfacet
  facet normal -0.461826 -0.88697 0.000180546
    outer loop
      vertex -18 -20.9282 12.01
      vertex -17.8792 -20.9911 12
      vertex -17.381 -21.2505 12.01
    endloop
  endfacet
  facet normal -0.461824 -0.886972 0
    outer loop
      vertex -17.381 -21.2505 0
      vertex -17.8792 -20.9911 12
      vertex -17.8792 -20.9911 0
    endloop
  endfacet
  facet normal -0.461824 -0.886972 0
    outer loop
      vertex -17.8792 -20.9911 12
      vertex -17.381 -21.2505 0
      vertex -17.381 -21.2505 12.01
    endloop
  endfacet
  facet normal -0.537311 -0.843364 0.00589753
    outer loop
      vertex -18.5886 -20.5532 12.01
      vertex -18.5603 -20.5713 12
      vertex -18 -20.9282 12.01
    endloop
  endfacet
  facet normal -0.5388 -0.842434 0
    outer loop
      vertex -18.5886 -20.5532 0
      vertex -18.5603 -20.5713 12
      vertex -18.5886 -20.5532 12.01
    endloop
  endfacet
  facet normal -0.5388 -0.842434 -0
    outer loop
      vertex -18.5603 -20.5713 12
      vertex -18.5886 -20.5532 0
      vertex -18.5603 -20.5713 0
    endloop
  endfacet
  facet normal -0.537246 -0.843426 -0
    outer loop
      vertex -18 -20.9282 12.01
      vertex -18.5603 -20.5713 12
      vertex -18 -20.9282 12
    endloop
  endfacet
  facet normal -0.608699 -0.793401 0
    outer loop
      vertex -19.1423 -20.1284 0
      vertex -18.5886 -20.5532 12.01
      vertex -19.1423 -20.1284 12.01
    endloop
  endfacet
  facet normal -0.608699 -0.793401 -0
    outer loop
      vertex -18.5886 -20.5532 12.01
      vertex -19.1423 -20.1284 0
      vertex -18.5886 -20.5532 0
    endloop
  endfacet
  facet normal -0.675277 -0.737564 0
    outer loop
      vertex -19.5077 -19.7935 12
      vertex -19.6569 -19.6569 12.01
      vertex -19.6569 -19.6569 12
    endloop
  endfacet
  facet normal -0.675536 -0.737287 -0.00765655
    outer loop
      vertex -19.6569 -19.6569 12.01
      vertex -19.5077 -19.7935 12
      vertex -19.1423 -20.1284 12.01
    endloop
  endfacet
  facet normal -0.67567 -0.737204 0
    outer loop
      vertex -19.1423 -20.1284 0
      vertex -19.5077 -19.7935 12
      vertex -19.5077 -19.7935 0
    endloop
  endfacet
  facet normal -0.67567 -0.737204 0
    outer loop
      vertex -19.5077 -19.7935 12
      vertex -19.1423 -20.1284 0
      vertex -19.1423 -20.1284 12.01
    endloop
  endfacet
  facet normal -0.737071 -0.675816 -0
    outer loop
      vertex -20.0611 -19.2157 12
      vertex -20.1284 -19.1423 0
      vertex -20.0611 -19.2157 0
    endloop
  endfacet
  facet normal -0.737071 -0.675816 0
    outer loop
      vertex -20.1284 -19.1423 0
      vertex -20.0611 -19.2157 12
      vertex -20.1284 -19.1423 12.01
    endloop
  endfacet
  facet normal -0.737348 -0.675513 -0
    outer loop
      vertex -19.6569 -19.6569 12.01
      vertex -20.0611 -19.2157 12
      vertex -19.6569 -19.6569 12
    endloop
  endfacet
  facet normal -0.737304 -0.675552 -0.00350742
    outer loop
      vertex -20.0611 -19.2157 12
      vertex -19.6569 -19.6569 12.01
      vertex -20.1284 -19.1423 12.01
    endloop
  endfacet
  facet normal -0.793401 -0.608699 0
    outer loop
      vertex -20.1284 -19.1423 0
      vertex -20.5532 -18.5886 12.01
      vertex -20.5532 -18.5886 0
    endloop
  endfacet
  facet normal -0.793401 -0.608699 0
    outer loop
      vertex -20.5532 -18.5886 12.01
      vertex -20.1284 -19.1423 0
      vertex -20.1284 -19.1423 12.01
    endloop
  endfacet
  facet normal -0.843403 -0.537282 0
    outer loop
      vertex -20.784 -18.2263 0
      vertex -20.5532 -18.5886 0
      vertex -20.784 -18.2263 12
    endloop
  endfacet
  facet normal -0.843339 -0.537382 0
    outer loop
      vertex -20.784 -18.2263 12
      vertex -20.9282 -18 12.01
      vertex -20.9282 -18 12
    endloop
  endfacet
  facet normal -0.843377 -0.537319 -0.00195154
    outer loop
      vertex -20.784 -18.2263 12
      vertex -20.5532 -18.5886 12.01
      vertex -20.9282 -18 12.01
    endloop
  endfacet
  facet normal -0.843403 -0.537282 -0
    outer loop
      vertex -20.5532 -18.5886 12.01
      vertex -20.784 -18.2263 12
      vertex -20.5532 -18.5886 0
    endloop
  endfacet
  facet normal -0.886811 -0.462132 -0
    outer loop
      vertex -21.174 -17.5278 12
      vertex -21.2505 -17.381 0
      vertex -21.174 -17.5278 0
    endloop
  endfacet
  facet normal -0.886811 -0.462132 0
    outer loop
      vertex -21.2505 -17.381 0
      vertex -21.174 -17.5278 12
      vertex -21.2505 -17.381 12.01
    endloop
  endfacet
  facet normal -0.88702 -0.461731 -0
    outer loop
      vertex -20.9282 -18 12.01
      vertex -21.174 -17.5278 12
      vertex -20.9282 -18 12
    endloop
  endfacet
  facet normal -0.886956 -0.461819 -0.00571148
    outer loop
      vertex -21.174 -17.5278 12
      vertex -20.9282 -18 12.01
      vertex -21.2505 -17.381 12.01
    endloop
  endfacet
  facet normal -0.923923 -0.38258 0
    outer loop
      vertex -21.2505 -17.381 0
      vertex -21.5175 -16.7362 12.01
      vertex -21.5175 -16.7362 0
    endloop
  endfacet
  facet normal -0.923923 -0.38258 0
    outer loop
      vertex -21.5175 -16.7362 12.01
      vertex -21.2505 -17.381 0
      vertex -21.2505 -17.381 12.01
    endloop
  endfacet
  facet normal -0.953649 -0.300921 0
    outer loop
      vertex -21.6269 -16.3895 0
      vertex -21.5175 -16.7362 0
      vertex -21.6269 -16.3895 12
    endloop
  endfacet
  facet normal -0.953759 -0.300573 0
    outer loop
      vertex -21.6269 -16.3895 12
      vertex -21.7274 -16.0706 12.01
      vertex -21.7274 -16.0706 12
    endloop
  endfacet
  facet normal -0.953682 -0.300748 0.00634881
    outer loop
      vertex -21.6269 -16.3895 12
      vertex -21.5175 -16.7362 12.01
      vertex -21.7274 -16.0706 12.01
    endloop
  endfacet
  facet normal -0.953649 -0.300921 -0
    outer loop
      vertex -21.5175 -16.7362 12.01
      vertex -21.6269 -16.3895 12
      vertex -21.5175 -16.7362 0
    endloop
  endfacet
  facet normal -0.976207 -0.216839 -0
    outer loop
      vertex -21.8283 -15.6152 12
      vertex -21.8785 -15.3892 0
      vertex -21.8283 -15.6152 0
    endloop
  endfacet
  facet normal -0.976207 -0.216839 0
    outer loop
      vertex -21.8785 -15.3892 0
      vertex -21.8283 -15.6152 12
      vertex -21.8785 -15.3892 12.01
    endloop
  endfacet
  facet normal -0.976323 -0.216318 -0
    outer loop
      vertex -21.7274 -16.0706 12.01
      vertex -21.8283 -15.6152 12
      vertex -21.7274 -16.0706 12
    endloop
  endfacet
  facet normal -0.976251 -0.216483 -0.00826389
    outer loop
      vertex -21.8283 -15.6152 12
      vertex -21.7274 -16.0706 12.01
      vertex -21.8785 -15.3892 12.01
    endloop
  endfacet
  facet normal -0.991443 -0.13054 0
    outer loop
      vertex -21.8785 -15.3892 0
      vertex -21.9696 -14.6973 12.01
      vertex -21.9696 -14.6973 0
    endloop
  endfacet
  facet normal -0.991443 -0.13054 0
    outer loop
      vertex -21.9696 -14.6973 12.01
      vertex -21.8785 -15.3892 0
      vertex -21.8785 -15.3892 12.01
    endloop
  endfacet
  facet normal -0.99906 -0.0433497 0
    outer loop
      vertex -21.9825 -14.4 0
      vertex -21.9696 -14.6973 0
      vertex -21.9825 -14.4 12
    endloop
  endfacet
  facet normal -0.999044 -0.0437082 0
    outer loop
      vertex -21.9825 -14.4 12
      vertex -22 -14 12.01
      vertex -22 -14 12
    endloop
  endfacet
  facet normal -0.999032 -0.0435545 -0.00612486
    outer loop
      vertex -21.9825 -14.4 12
      vertex -21.9696 -14.6973 12.01
      vertex -22 -14 12.01
    endloop
  endfacet
  facet normal -0.99906 -0.0433497 -0
    outer loop
      vertex -21.9696 -14.6973 12.01
      vertex -21.9825 -14.4 12
      vertex -21.9696 -14.6973 0
    endloop
  endfacet
  facet normal -1 0 0
    outer loop
      vertex -22 -12.3717 0
      vertex -22 -13.6 0
      vertex -22 -12.3717 12
    endloop
  endfacet
  facet normal -1 0 0
    outer loop
      vertex -22 -10.3434 0
      vertex -22 -11.5717 0
      vertex -22 -10.3434 12
    endloop
  endfacet
  facet normal -1 0 0
    outer loop
      vertex -22 -8.31504 0
      vertex -22 -9.54336 0
      vertex -22 -8.31504 12
    endloop
  endfacet
  facet normal -1 0 0
    outer loop
      vertex -22 -6.28673 0
      vertex -22 -7.51504 0
      vertex -22 -6.28673 12
    endloop
  endfacet
  facet normal -1 0 0
    outer loop
      vertex -22 -4.25841 0
      vertex -22 -5.48673 0
      vertex -22 -4.25841 12
    endloop
  endfacet
  facet normal -1 0 0
    outer loop
      vertex -22 -2.23009 0
      vertex -22 -3.45841 0
      vertex -22 -2.23009 12
    endloop
  endfacet
  facet normal -1 0 0
    outer loop
      vertex -22 -0.20177 0
      vertex -22 -1.43009 0
      vertex -22 -0.20177 12
    endloop
  endfacet
  facet normal -1 0 0
    outer loop
      vertex -22 1.82655 0
      vertex -22 0.598229 0
      vertex -22 1.82655 12
    endloop
  endfacet
  facet normal -1 0 0
    outer loop
      vertex -22 3.85487 0
      vertex -22 2.62655 0
      vertex -22 3.85487 12
    endloop
  endfacet
  facet normal -1 0 0
    outer loop
      vertex -22 5.88318 0
      vertex -22 4.65487 0
      vertex -22 5.88318 12
    endloop
  endfacet
  facet normal -1 0 0
    outer loop
      vertex -22 7.9115 0
      vertex -22 6.68318 0
      vertex -22 7.9115 12
    endloop
  endfacet
  facet normal -1 0 0
    outer loop
      vertex -22 9.93982 0
      vertex -22 8.7115 0
      vertex -22 9.93982 12
    endloop
  endfacet
  facet normal -1 0 0
    outer loop
      vertex -22 11.9681 0
      vertex -22 10.7398 0
      vertex -22 11.9681 12
    endloop
  endfacet
  facet normal -1 0 0
    outer loop
      vertex -22 13.9963 0
      vertex -22 12.7681 0
      vertex -22 13.9963 12
    endloop
  endfacet
  facet normal -1 0 0
    outer loop
      vertex -22 13.9963 12
      vertex -22 14 12.01
      vertex -22 14 12
    endloop
  endfacet
  facet normal -1 0 0
    outer loop
      vertex -22 12.7681 12
      vertex -22 13.9963 12
      vertex -22 12.7681 0
    endloop
  endfacet
  facet normal -1 0 0
    outer loop
      vertex -22 12.7681 12
      vertex -22 14 12.01
      vertex -22 13.9963 12
    endloop
  endfacet
  facet normal -1 0 0
    outer loop
      vertex -22 11.9681 12
      vertex -22 14 12.01
      vertex -22 12.7681 12
    endloop
  endfacet
  facet normal -1 0 0
    outer loop
      vertex -22 10.7398 12
      vertex -22 11.9681 12
      vertex -22 10.7398 0
    endloop
  endfacet
  facet normal -1 0 0
    outer loop
      vertex -22 10.7398 12
      vertex -22 14 12.01
      vertex -22 11.9681 12
    endloop
  endfacet
  facet normal -1 0 0
    outer loop
      vertex -22 9.93982 12
      vertex -22 14 12.01
      vertex -22 10.7398 12
    endloop
  endfacet
  facet normal -1 0 0
    outer loop
      vertex -22 8.7115 12
      vertex -22 9.93982 12
      vertex -22 8.7115 0
    endloop
  endfacet
  facet normal -1 0 0
    outer loop
      vertex -22 8.7115 12
      vertex -22 14 12.01
      vertex -22 9.93982 12
    endloop
  endfacet
  facet normal -1 0 0
    outer loop
      vertex -22 7.9115 12
      vertex -22 14 12.01
      vertex -22 8.7115 12
    endloop
  endfacet
  facet normal -1 0 0
    outer loop
      vertex -22 6.68318 12
      vertex -22 7.9115 12
      vertex -22 6.68318 0
    endloop
  endfacet
  facet normal -1 0 0
    outer loop
      vertex -22 6.68318 12
      vertex -22 14 12.01
      vertex -22 7.9115 12
    endloop
  endfacet
  facet normal -1 0 0
    outer loop
      vertex -22 5.88318 12
      vertex -22 14 12.01
      vertex -22 6.68318 12
    endloop
  endfacet
  facet normal -1 0 0
    outer loop
      vertex -22 4.65487 12
      vertex -22 5.88318 12
      vertex -22 4.65487 0
    endloop
  endfacet
  facet normal -1 0 0
    outer loop
      vertex -22 4.65487 12
      vertex -22 14 12.01
      vertex -22 5.88318 12
    endloop
  endfacet
  facet normal -1 0 0
    outer loop
      vertex -22 3.85487 12
      vertex -22 14 12.01
      vertex -22 4.65487 12
    endloop
  endfacet
  facet normal -1 0 0
    outer loop
      vertex -22 2.62655 12
      vertex -22 3.85487 12
      vertex -22 2.62655 0
    endloop
  endfacet
  facet normal -1 0 0
    outer loop
      vertex -22 2.62655 12
      vertex -22 14 12.01
      vertex -22 3.85487 12
    endloop
  endfacet
  facet normal -1 0 0
    outer loop
      vertex -22 1.82655 12
      vertex -22 14 12.01
      vertex -22 2.62655 12
    endloop
  endfacet
  facet normal -1 0 0
    outer loop
      vertex -22 0.598229 12
      vertex -22 1.82655 12
      vertex -22 0.598229 0
    endloop
  endfacet
  facet normal -1 0 0
    outer loop
      vertex -22 0.598229 12
      vertex -22 14 12.01
      vertex -22 1.82655 12
    endloop
  endfacet
  facet normal -1 0 0
    outer loop
      vertex -22 -0.20177 12
      vertex -22 14 12.01
      vertex -22 0.598229 12
    endloop
  endfacet
  facet normal -1 0 0
    outer loop
      vertex -22 -1.43009 12
      vertex -22 -0.20177 12
      vertex -22 -1.43009 0
    endloop
  endfacet
  facet normal -1 0 0
    outer loop
      vertex -22 -1.43009 12
      vertex -22 14 12.01
      vertex -22 -0.20177 12
    endloop
  endfacet
  facet normal -1 0 0
    outer loop
      vertex -22 -2.23009 12
      vertex -22 14 12.01
      vertex -22 -1.43009 12
    endloop
  endfacet
  facet normal -1 0 0
    outer loop
      vertex -22 -3.45841 12
      vertex -22 -2.23009 12
      vertex -22 -3.45841 0
    endloop
  endfacet
  facet normal -1 0 0
    outer loop
      vertex -22 -3.45841 12
      vertex -22 14 12.01
      vertex -22 -2.23009 12
    endloop
  endfacet
  facet normal -1 0 0
    outer loop
      vertex -22 -4.25841 12
      vertex -22 14 12.01
      vertex -22 -3.45841 12
    endloop
  endfacet
  facet normal -1 0 0
    outer loop
      vertex -22 -5.48673 12
      vertex -22 -4.25841 12
      vertex -22 -5.48673 0
    endloop
  endfacet
  facet normal -1 0 0
    outer loop
      vertex -22 -5.48673 12
      vertex -22 14 12.01
      vertex -22 -4.25841 12
    endloop
  endfacet
  facet normal -1 0 0
    outer loop
      vertex -22 -6.28673 12
      vertex -22 14 12.01
      vertex -22 -5.48673 12
    endloop
  endfacet
  facet normal -1 0 0
    outer loop
      vertex -22 -7.51504 12
      vertex -22 -6.28673 12
      vertex -22 -7.51504 0
    endloop
  endfacet
  facet normal -1 0 0
    outer loop
      vertex -22 -7.51504 12
      vertex -22 14 12.01
      vertex -22 -6.28673 12
    endloop
  endfacet
  facet normal -1 0 0
    outer loop
      vertex -22 -8.31504 12
      vertex -22 14 12.01
      vertex -22 -7.51504 12
    endloop
  endfacet
  facet normal -1 0 0
    outer loop
      vertex -22 -9.54336 12
      vertex -22 -8.31504 12
      vertex -22 -9.54336 0
    endloop
  endfacet
  facet normal -1 0 0
    outer loop
      vertex -22 -9.54336 12
      vertex -22 14 12.01
      vertex -22 -8.31504 12
    endloop
  endfacet
  facet normal -1 0 0
    outer loop
      vertex -22 -10.3434 12
      vertex -22 14 12.01
      vertex -22 -9.54336 12
    endloop
  endfacet
  facet normal -1 0 0
    outer loop
      vertex -22 -11.5717 12
      vertex -22 -10.3434 12
      vertex -22 -11.5717 0
    endloop
  endfacet
  facet normal -1 0 0
    outer loop
      vertex -22 -11.5717 12
      vertex -22 14 12.01
      vertex -22 -10.3434 12
    endloop
  endfacet
  facet normal -1 0 0
    outer loop
      vertex -22 -12.3717 12
      vertex -22 14 12.01
      vertex -22 -11.5717 12
    endloop
  endfacet
  facet normal -1 0 0
    outer loop
      vertex -22 -13.6 12
      vertex -22 -12.3717 12
      vertex -22 -13.6 0
    endloop
  endfacet
  facet normal -1 0 0
    outer loop
      vertex -22 -14 12.01
      vertex -22 -12.3717 12
      vertex -22 -13.6 12
    endloop
  endfacet
  facet normal -1 0 0
    outer loop
      vertex -22 -14 12.01
      vertex -22 -13.6 12
      vertex -22 -14 12
    endloop
  endfacet
  facet normal -1 0 0
    outer loop
      vertex -22 -12.3717 12
      vertex -22 -14 12.01
      vertex -22 14 12.01
    endloop
  endfacet
  facet normal -0.991448 0.130502 0
    outer loop
      vertex -21.9567 14.7951 12
      vertex -21.8785 15.3892 0
      vertex -21.9567 14.7951 0
    endloop
  endfacet
  facet normal -0.991448 0.130502 0
    outer loop
      vertex -21.8785 15.3892 0
      vertex -21.9567 14.7951 12
      vertex -21.8785 15.3892 12.01
    endloop
  endfacet
  facet normal -0.991413 0.130769 0
    outer loop
      vertex -21.9696 14.6973 12.01
      vertex -21.9567 14.7951 12
      vertex -21.9696 14.6973 12
    endloop
  endfacet
  facet normal -0.99144 0.130539 -0.00228265
    outer loop
      vertex -21.9567 14.7951 12
      vertex -21.9696 14.6973 12.01
      vertex -21.8785 15.3892 12.01
    endloop
  endfacet
  facet normal -0.976262 0.216593 0
    outer loop
      vertex -21.7425 16.0022 0
      vertex -21.8785 15.3892 0
      vertex -21.7425 16.0022 12
    endloop
  endfacet
  facet normal -0.976488 0.21557 0
    outer loop
      vertex -21.7425 16.0022 12
      vertex -21.7274 16.0706 12.01
      vertex -21.7274 16.0706 12
    endloop
  endfacet
  facet normal -0.976263 0.216486 -0.00660489
    outer loop
      vertex -21.7425 16.0022 12
      vertex -21.8785 15.3892 12.01
      vertex -21.7274 16.0706 12.01
    endloop
  endfacet
  facet normal -0.976262 0.216593 0
    outer loop
      vertex -21.8785 15.3892 12.01
      vertex -21.7425 16.0022 12
      vertex -21.8785 15.3892 0
    endloop
  endfacet
  facet normal -0.923911 0.382608 0
    outer loop
      vertex -21.5051 16.7662 12
      vertex -21.2505 17.381 0
      vertex -21.5051 16.7662 0
    endloop
  endfacet
  facet normal -0.923911 0.382608 0
    outer loop
      vertex -21.2505 17.381 0
      vertex -21.5051 16.7662 12
      vertex -21.2505 17.381 12.01
    endloop
  endfacet
  facet normal -0.924167 0.381989 0
    outer loop
      vertex -21.5175 16.7362 12.01
      vertex -21.5051 16.7662 12
      vertex -21.5175 16.7362 12
    endloop
  endfacet
  facet normal -0.923921 0.382579 0.00207481
    outer loop
      vertex -21.5051 16.7662 12
      vertex -21.5175 16.7362 12.01
      vertex -21.2505 17.381 12.01
    endloop
  endfacet
  facet normal -0.886972 0.461824 0
    outer loop
      vertex -20.9911 17.8792 0
      vertex -21.2505 17.381 0
      vertex -20.9911 17.8792 12
    endloop
  endfacet
  facet normal -0.886964 0.461838 0
    outer loop
      vertex -20.9911 17.8792 12
      vertex -20.9282 18 12.01
      vertex -20.9282 18 12
    endloop
  endfacet
  facet normal -0.88697 0.461826 0.000180546
    outer loop
      vertex -20.9911 17.8792 12
      vertex -21.2505 17.381 12.01
      vertex -20.9282 18 12.01
    endloop
  endfacet
  facet normal -0.886972 0.461824 0
    outer loop
      vertex -21.2505 17.381 12.01
      vertex -20.9911 17.8792 12
      vertex -21.2505 17.381 0
    endloop
  endfacet
  facet normal -0.842434 0.5388 0
    outer loop
      vertex -20.5713 18.5603 12
      vertex -20.5532 18.5886 0
      vertex -20.5713 18.5603 0
    endloop
  endfacet
  facet normal -0.842434 0.5388 0
    outer loop
      vertex -20.5532 18.5886 0
      vertex -20.5713 18.5603 12
      vertex -20.5532 18.5886 12.01
    endloop
  endfacet
  facet normal -0.843426 0.537246 0
    outer loop
      vertex -20.9282 18 12.01
      vertex -20.5713 18.5603 12
      vertex -20.9282 18 12
    endloop
  endfacet
  facet normal -0.843364 0.537311 0.00589753
    outer loop
      vertex -20.5713 18.5603 12
      vertex -20.9282 18 12.01
      vertex -20.5532 18.5886 12.01
    endloop
  endfacet
  facet normal -0.793401 0.608699 0
    outer loop
      vertex -20.5532 18.5886 0
      vertex -20.1284 19.1423 12.01
      vertex -20.1284 19.1423 0
    endloop
  endfacet
  facet normal -0.793401 0.608699 0
    outer loop
      vertex -20.1284 19.1423 12.01
      vertex -20.5532 18.5886 0
      vertex -20.5532 18.5886 12.01
    endloop
  endfacet
  facet normal -0.737204 0.67567 0
    outer loop
      vertex -19.7935 19.5077 0
      vertex -20.1284 19.1423 0
      vertex -19.7935 19.5077 12
    endloop
  endfacet
  facet normal -0.737564 0.675277 0
    outer loop
      vertex -19.7935 19.5077 12
      vertex -19.6569 19.6569 12.01
      vertex -19.6569 19.6569 12
    endloop
  endfacet
  facet normal -0.737287 0.675536 -0.00765655
    outer loop
      vertex -19.7935 19.5077 12
      vertex -20.1284 19.1423 12.01
      vertex -19.6569 19.6569 12.01
    endloop
  endfacet
  facet normal -0.737204 0.67567 0
    outer loop
      vertex -20.1284 19.1423 12.01
      vertex -19.7935 19.5077 12
      vertex -20.1284 19.1423 0
    endloop
  endfacet
  facet normal -0.675552 0.737304 -0.00350742
    outer loop
      vertex -19.1423 20.1284 12.01
      vertex -19.2157 20.0611 12
      vertex -19.6569 19.6569 12.01
    endloop
  endfacet
  facet normal -0.675816 0.737071 0
    outer loop
      vertex -19.1423 20.1284 0
      vertex -19.2157 20.0611 12
      vertex -19.1423 20.1284 12.01
    endloop
  endfacet
  facet normal -0.675816 0.737071 0
    outer loop
      vertex -19.2157 20.0611 12
      vertex -19.1423 20.1284 0
      vertex -19.2157 20.0611 0
    endloop
  endfacet
  facet normal -0.675513 0.737348 0
    outer loop
      vertex -19.6569 19.6569 12.01
      vertex -19.2157 20.0611 12
      vertex -19.6569 19.6569 12
    endloop
  endfacet
  facet normal -0.608699 0.793401 0
    outer loop
      vertex -18.5886 20.5532 0
      vertex -19.1423 20.1284 12.01
      vertex -18.5886 20.5532 12.01
    endloop
  endfacet
  facet normal -0.608699 0.793401 0
    outer loop
      vertex -19.1423 20.1284 12.01
      vertex -18.5886 20.5532 0
      vertex -19.1423 20.1284 0
    endloop
  endfacet
  facet normal -0.537382 0.843339 0
    outer loop
      vertex -18.2263 20.784 12
      vertex -18 20.9282 12.01
      vertex -18 20.9282 12
    endloop
  endfacet
  facet normal -0.537319 0.843377 -0.00195154
    outer loop
      vertex -18 20.9282 12.01
      vertex -18.2263 20.784 12
      vertex -18.5886 20.5532 12.01
    endloop
  endfacet
  facet normal -0.537282 0.843403 0
    outer loop
      vertex -18.5886 20.5532 0
      vertex -18.2263 20.784 12
      vertex -18.2263 20.784 0
    endloop
  endfacet
  facet normal -0.537282 0.843403 0
    outer loop
      vertex -18.2263 20.784 12
      vertex -18.5886 20.5532 0
      vertex -18.5886 20.5532 12.01
    endloop
  endfacet
  facet normal -0.461819 0.886956 -0.00571148
    outer loop
      vertex -17.381 21.2505 12.01
      vertex -17.5278 21.174 12
      vertex -18 20.9282 12.01
    endloop
  endfacet
  facet normal -0.462132 0.886811 0
    outer loop
      vertex -17.381 21.2505 0
      vertex -17.5278 21.174 12
      vertex -17.381 21.2505 12.01
    endloop
  endfacet
  facet normal -0.462132 0.886811 0
    outer loop
      vertex -17.5278 21.174 12
      vertex -17.381 21.2505 0
      vertex -17.5278 21.174 0
    endloop
  endfacet
  facet normal -0.461731 0.88702 0
    outer loop
      vertex -18 20.9282 12.01
      vertex -17.5278 21.174 12
      vertex -18 20.9282 12
    endloop
  endfacet
  facet normal -0.38258 0.923923 0
    outer loop
      vertex -16.7362 21.5175 0
      vertex -17.381 21.2505 12.01
      vertex -16.7362 21.5175 12.01
    endloop
  endfacet
  facet normal -0.38258 0.923923 0
    outer loop
      vertex -17.381 21.2505 12.01
      vertex -16.7362 21.5175 0
      vertex -17.381 21.2505 0
    endloop
  endfacet
  facet normal -0.300573 0.953759 0
    outer loop
      vertex -16.3895 21.6269 12
      vertex -16.0706 21.7274 12.01
      vertex -16.0706 21.7274 12
    endloop
  endfacet
  facet normal -0.300748 0.953682 0.00634881
    outer loop
      vertex -16.0706 21.7274 12.01
      vertex -16.3895 21.6269 12
      vertex -16.7362 21.5175 12.01
    endloop
  endfacet
  facet normal -0.300921 0.953649 0
    outer loop
      vertex -16.7362 21.5175 0
      vertex -16.3895 21.6269 12
      vertex -16.3895 21.6269 0
    endloop
  endfacet
  facet normal -0.300921 0.953649 0
    outer loop
      vertex -16.3895 21.6269 12
      vertex -16.7362 21.5175 0
      vertex -16.7362 21.5175 12.01
    endloop
  endfacet
  facet normal -0.216483 0.976251 -0.00826389
    outer loop
      vertex -15.3892 21.8785 12.01
      vertex -15.6152 21.8283 12
      vertex -16.0706 21.7274 12.01
    endloop
  endfacet
  facet normal -0.216839 0.976207 0
    outer loop
      vertex -15.3892 21.8785 0
      vertex -15.6152 21.8283 12
      vertex -15.3892 21.8785 12.01
    endloop
  endfacet
  facet normal -0.216839 0.976207 0
    outer loop
      vertex -15.6152 21.8283 12
      vertex -15.3892 21.8785 0
      vertex -15.6152 21.8283 0
    endloop
  endfacet
  facet normal -0.216318 0.976323 0
    outer loop
      vertex -16.0706 21.7274 12.01
      vertex -15.6152 21.8283 12
      vertex -16.0706 21.7274 12
    endloop
  endfacet
  facet normal -0.13054 0.991443 0
    outer loop
      vertex -14.6973 21.9696 0
      vertex -15.3892 21.8785 12.01
      vertex -14.6973 21.9696 12.01
    endloop
  endfacet
  facet normal -0.13054 0.991443 0
    outer loop
      vertex -15.3892 21.8785 12.01
      vertex -14.6973 21.9696 0
      vertex -15.3892 21.8785 0
    endloop
  endfacet
  facet normal -0.0437082 0.999044 0
    outer loop
      vertex -14.4 21.9825 12
      vertex -14 22 12.01
      vertex -14 22 12
    endloop
  endfacet
  facet normal -0.0435545 0.999032 -0.00612486
    outer loop
      vertex -14 22 12.01
      vertex -14.4 21.9825 12
      vertex -14.6973 21.9696 12.01
    endloop
  endfacet
  facet normal -0.0433497 0.99906 0
    outer loop
      vertex -14.6973 21.9696 0
      vertex -14.4 21.9825 12
      vertex -14.4 21.9825 0
    endloop
  endfacet
  facet normal -0.0433497 0.99906 0
    outer loop
      vertex -14.4 21.9825 12
      vertex -14.6973 21.9696 0
      vertex -14.6973 21.9696 12.01
    endloop
  endfacet
  facet normal 0 1 -0
    outer loop
      vertex -12.3717 22 0
      vertex -13.6 22 12
      vertex -12.3717 22 12
    endloop
  endfacet
  facet normal 0 1 0
    outer loop
      vertex -13.6 22 12
      vertex -12.3717 22 0
      vertex -13.6 22 0
    endloop
  endfacet
  facet normal 0 1 -0
    outer loop
      vertex -10.3434 22 0
      vertex -11.5717 22 12
      vertex -10.3434 22 12
    endloop
  endfacet
  facet normal 0 1 0
    outer loop
      vertex -11.5717 22 12
      vertex -10.3434 22 0
      vertex -11.5717 22 0
    endloop
  endfacet
  facet normal 0 1 -0
    outer loop
      vertex -8.31504 22 0
      vertex -9.54336 22 12
      vertex -8.31504 22 12
    endloop
  endfacet
  facet normal 0 1 0
    outer loop
      vertex -9.54336 22 12
      vertex -8.31504 22 0
      vertex -9.54336 22 0
    endloop
  endfacet
  facet normal 0 1 -0
    outer loop
      vertex -6.28673 22 0
      vertex -7.51504 22 12
      vertex -6.28673 22 12
    endloop
  endfacet
  facet normal 0 1 0
    outer loop
      vertex -7.51504 22 12
      vertex -6.28673 22 0
      vertex -7.51504 22 0
    endloop
  endfacet
  facet normal 0 1 -0
    outer loop
      vertex -4.25841 22 0
      vertex -5.48673 22 12
      vertex -4.25841 22 12
    endloop
  endfacet
  facet normal 0 1 0
    outer loop
      vertex -5.48673 22 12
      vertex -4.25841 22 0
      vertex -5.48673 22 0
    endloop
  endfacet
  facet normal 0 1 -0
    outer loop
      vertex -2.23009 22 0
      vertex -3.45841 22 12
      vertex -2.23009 22 12
    endloop
  endfacet
  facet normal 0 1 0
    outer loop
      vertex -3.45841 22 12
      vertex -2.23009 22 0
      vertex -3.45841 22 0
    endloop
  endfacet
  facet normal 0 1 -0
    outer loop
      vertex -0.20177 22 0
      vertex -1.43009 22 12
      vertex -0.20177 22 12
    endloop
  endfacet
  facet normal 0 1 0
    outer loop
      vertex -1.43009 22 12
      vertex -0.20177 22 0
      vertex -1.43009 22 0
    endloop
  endfacet
  facet normal 0 1 -0
    outer loop
      vertex 1.82655 22 0
      vertex 0.598229 22 12
      vertex 1.82655 22 12
    endloop
  endfacet
  facet normal 0 1 0
    outer loop
      vertex 0.598229 22 12
      vertex 1.82655 22 0
      vertex 0.598229 22 0
    endloop
  endfacet
  facet normal 0 1 -0
    outer loop
      vertex 3.85487 22 0
      vertex 2.62655 22 12
      vertex 3.85487 22 12
    endloop
  endfacet
  facet normal 0 1 0
    outer loop
      vertex 2.62655 22 12
      vertex 3.85487 22 0
      vertex 2.62655 22 0
    endloop
  endfacet
  facet normal 0 1 -0
    outer loop
      vertex 5.88318 22 0
      vertex 4.65487 22 12
      vertex 5.88318 22 12
    endloop
  endfacet
  facet normal 0 1 0
    outer loop
      vertex 4.65487 22 12
      vertex 5.88318 22 0
      vertex 4.65487 22 0
    endloop
  endfacet
  facet normal 0 1 -0
    outer loop
      vertex 7.9115 22 0
      vertex 6.68318 22 12
      vertex 7.9115 22 12
    endloop
  endfacet
  facet normal 0 1 0
    outer loop
      vertex 6.68318 22 12
      vertex 7.9115 22 0
      vertex 6.68318 22 0
    endloop
  endfacet
  facet normal 0 1 -0
    outer loop
      vertex 9.93982 22 0
      vertex 8.7115 22 12
      vertex 9.93982 22 12
    endloop
  endfacet
  facet normal 0 1 0
    outer loop
      vertex 8.7115 22 12
      vertex 9.93982 22 0
      vertex 8.7115 22 0
    endloop
  endfacet
  facet normal 0 1 -0
    outer loop
      vertex 11.9681 22 0
      vertex 10.7398 22 12
      vertex 11.9681 22 12
    endloop
  endfacet
  facet normal 0 1 0
    outer loop
      vertex 10.7398 22 12
      vertex 11.9681 22 0
      vertex 10.7398 22 0
    endloop
  endfacet
  facet normal 0 1 -0
    outer loop
      vertex 13.9963 22 0
      vertex 12.7681 22 12
      vertex 13.9963 22 12
    endloop
  endfacet
  facet normal 0 1 0
    outer loop
      vertex 12.7681 22 12
      vertex 13.9963 22 0
      vertex 12.7681 22 0
    endloop
  endfacet
  facet normal 0 1 0
    outer loop
      vertex 13.9963 22 12
      vertex 14 22 12.01
      vertex 14 22 12
    endloop
  endfacet
  facet normal 0 1 0
    outer loop
      vertex 12.7681 22 12
      vertex 14 22 12.01
      vertex 13.9963 22 12
    endloop
  endfacet
  facet normal 0 1 0
    outer loop
      vertex 14 22 12.01
      vertex 12.7681 22 12
      vertex -14 22 12.01
    endloop
  endfacet
  facet normal 0 1 -0
    outer loop
      vertex 11.9681 22 12
      vertex -14 22 12.01
      vertex 12.7681 22 12
    endloop
  endfacet
  facet normal 0 1 -0
    outer loop
      vertex 10.7398 22 12
      vertex -14 22 12.01
      vertex 11.9681 22 12
    endloop
  endfacet
  facet normal 0 1 -0
    outer loop
      vertex 9.93982 22 12
      vertex -14 22 12.01
      vertex 10.7398 22 12
    endloop
  endfacet
  facet normal 0 1 -0
    outer loop
      vertex 8.7115 22 12
      vertex -14 22 12.01
      vertex 9.93982 22 12
    endloop
  endfacet
  facet normal 0 1 -0
    outer loop
      vertex 7.9115 22 12
      vertex -14 22 12.01
      vertex 8.7115 22 12
    endloop
  endfacet
  facet normal 0 1 -0
    outer loop
      vertex 6.68318 22 12
      vertex -14 22 12.01
      vertex 7.9115 22 12
    endloop
  endfacet
  facet normal 0 1 -0
    outer loop
      vertex 5.88318 22 12
      vertex -14 22 12.01
      vertex 6.68318 22 12
    endloop
  endfacet
  facet normal 0 1 -0
    outer loop
      vertex 4.65487 22 12
      vertex -14 22 12.01
      vertex 5.88318 22 12
    endloop
  endfacet
  facet normal 0 1 -0
    outer loop
      vertex 3.85487 22 12
      vertex -14 22 12.01
      vertex 4.65487 22 12
    endloop
  endfacet
  facet normal 0 1 -0
    outer loop
      vertex 2.62655 22 12
      vertex -14 22 12.01
      vertex 3.85487 22 12
    endloop
  endfacet
  facet normal 0 1 -0
    outer loop
      vertex 1.82655 22 12
      vertex -14 22 12.01
      vertex 2.62655 22 12
    endloop
  endfacet
  facet normal 0 1 -0
    outer loop
      vertex 0.598229 22 12
      vertex -14 22 12.01
      vertex 1.82655 22 12
    endloop
  endfacet
  facet normal 0 1 -0
    outer loop
      vertex -0.20177 22 12
      vertex -14 22 12.01
      vertex 0.598229 22 12
    endloop
  endfacet
  facet normal 0 1 -0
    outer loop
      vertex -1.43009 22 12
      vertex -14 22 12.01
      vertex -0.20177 22 12
    endloop
  endfacet
  facet normal 0 1 -0
    outer loop
      vertex -2.23009 22 12
      vertex -14 22 12.01
      vertex -1.43009 22 12
    endloop
  endfacet
  facet normal 0 1 -0
    outer loop
      vertex -3.45841 22 12
      vertex -14 22 12.01
      vertex -2.23009 22 12
    endloop
  endfacet
  facet normal 0 1 -0
    outer loop
      vertex -4.25841 22 12
      vertex -14 22 12.01
      vertex -3.45841 22 12
    endloop
  endfacet
  facet normal 0 1 -0
    outer loop
      vertex -5.48673 22 12
      vertex -14 22 12.01
      vertex -4.25841 22 12
    endloop
  endfacet
  facet normal 0 1 -0
    outer loop
      vertex -6.28673 22 12
      vertex -14 22 12.01
      vertex -5.48673 22 12
    endloop
  endfacet
  facet normal 0 1 -0
    outer loop
      vertex -7.51504 22 12
      vertex -14 22 12.01
      vertex -6.28673 22 12
    endloop
  endfacet
  facet normal 0 1 -0
    outer loop
      vertex -8.31504 22 12
      vertex -14 22 12.01
      vertex -7.51504 22 12
    endloop
  endfacet
  facet normal 0 1 -0
    outer loop
      vertex -9.54336 22 12
      vertex -14 22 12.01
      vertex -8.31504 22 12
    endloop
  endfacet
  facet normal 0 1 -0
    outer loop
      vertex -10.3434 22 12
      vertex -14 22 12.01
      vertex -9.54336 22 12
    endloop
  endfacet
  facet normal 0 1 -0
    outer loop
      vertex -11.5717 22 12
      vertex -14 22 12.01
      vertex -10.3434 22 12
    endloop
  endfacet
  facet normal 0 1 -0
    outer loop
      vertex -12.3717 22 12
      vertex -14 22 12.01
      vertex -11.5717 22 12
    endloop
  endfacet
  facet normal 0 1 -0
    outer loop
      vertex -13.6 22 12
      vertex -14 22 12.01
      vertex -12.3717 22 12
    endloop
  endfacet
  facet normal 0 1 0
    outer loop
      vertex -14 22 12.01
      vertex -13.6 22 12
      vertex -14 22 12
    endloop
  endfacet
  facet normal 0.0436567 -0.999047 0
    outer loop
      vertex -14.5927 20.7741 1
      vertex -14 20.8 11.11
      vertex -14.5927 20.7741 11.11
    endloop
  endfacet
  facet normal 0.0436567 -0.999047 0
    outer loop
      vertex -14 20.8 11.11
      vertex -14.5927 20.7741 1
      vertex -14 20.8 1
    endloop
  endfacet
  facet normal 0.130485 -0.99145 0
    outer loop
      vertex -15.1808 20.6967 1
      vertex -14.5927 20.7741 11.11
      vertex -15.1808 20.6967 11.11
    endloop
  endfacet
  facet normal 0.130485 -0.99145 0
    outer loop
      vertex -14.5927 20.7741 11.11
      vertex -15.1808 20.6967 1
      vertex -14.5927 20.7741 1
    endloop
  endfacet
  facet normal 0.216431 -0.976298 0
    outer loop
      vertex -15.76 20.5683 1
      vertex -15.1808 20.6967 11.11
      vertex -15.76 20.5683 11.11
    endloop
  endfacet
  facet normal 0.216431 -0.976298 0
    outer loop
      vertex -15.1808 20.6967 11.11
      vertex -15.76 20.5683 1
      vertex -15.1808 20.6967 1
    endloop
  endfacet
  facet normal 0.30076 -0.9537 0
    outer loop
      vertex -16.3257 20.3899 1
      vertex -15.76 20.5683 11.11
      vertex -16.3257 20.3899 11.11
    endloop
  endfacet
  facet normal 0.30076 -0.9537 0
    outer loop
      vertex -15.76 20.5683 11.11
      vertex -16.3257 20.3899 1
      vertex -15.76 20.5683 1
    endloop
  endfacet
  facet normal 0.38264 -0.923898 0
    outer loop
      vertex -16.8738 20.1629 1
      vertex -16.3257 20.3899 11.11
      vertex -16.8738 20.1629 11.11
    endloop
  endfacet
  facet normal 0.38264 -0.923898 0
    outer loop
      vertex -16.3257 20.3899 11.11
      vertex -16.8738 20.1629 1
      vertex -16.3257 20.3899 1
    endloop
  endfacet
  facet normal 0.461719 -0.887026 0
    outer loop
      vertex -17.4 19.889 1
      vertex -16.8738 20.1629 11.11
      vertex -17.4 19.889 11.11
    endloop
  endfacet
  facet normal 0.461719 -0.887026 0
    outer loop
      vertex -16.8738 20.1629 11.11
      vertex -17.4 19.889 1
      vertex -16.8738 20.1629 1
    endloop
  endfacet
  facet normal 0.537388 -0.843335 0
    outer loop
      vertex -17.9003 19.5702 1
      vertex -17.4 19.889 11.11
      vertex -17.9003 19.5702 11.11
    endloop
  endfacet
  facet normal 0.537388 -0.843335 0
    outer loop
      vertex -17.4 19.889 11.11
      vertex -17.9003 19.5702 1
      vertex -17.4 19.889 1
    endloop
  endfacet
  facet normal 0.608676 -0.793419 0
    outer loop
      vertex -18.371 19.2091 1
      vertex -17.9003 19.5702 11.11
      vertex -18.371 19.2091 11.11
    endloop
  endfacet
  facet normal 0.608676 -0.793419 0
    outer loop
      vertex -17.9003 19.5702 11.11
      vertex -18.371 19.2091 1
      vertex -17.9003 19.5702 1
    endloop
  endfacet
  facet normal 0.675671 -0.737203 0
    outer loop
      vertex -18.8083 18.8083 1
      vertex -18.371 19.2091 11.11
      vertex -18.8083 18.8083 11.11
    endloop
  endfacet
  facet normal 0.675671 -0.737203 0
    outer loop
      vertex -18.371 19.2091 11.11
      vertex -18.8083 18.8083 1
      vertex -18.371 19.2091 1
    endloop
  endfacet
  facet normal 0.737203 -0.675671 0
    outer loop
      vertex -19.2091 18.371 11.11
      vertex -18.8083 18.8083 1
      vertex -18.8083 18.8083 11.11
    endloop
  endfacet
  facet normal 0.737203 -0.675671 0
    outer loop
      vertex -18.8083 18.8083 1
      vertex -19.2091 18.371 11.11
      vertex -19.2091 18.371 1
    endloop
  endfacet
  facet normal 0.793419 -0.608676 0
    outer loop
      vertex -19.5702 17.9003 11.11
      vertex -19.2091 18.371 1
      vertex -19.2091 18.371 11.11
    endloop
  endfacet
  facet normal 0.793419 -0.608676 0
    outer loop
      vertex -19.2091 18.371 1
      vertex -19.5702 17.9003 11.11
      vertex -19.5702 17.9003 1
    endloop
  endfacet
  facet normal 0.843335 -0.537388 0
    outer loop
      vertex -19.889 17.4 11.11
      vertex -19.5702 17.9003 1
      vertex -19.5702 17.9003 11.11
    endloop
  endfacet
  facet normal 0.843335 -0.537388 0
    outer loop
      vertex -19.5702 17.9003 1
      vertex -19.889 17.4 11.11
      vertex -19.889 17.4 1
    endloop
  endfacet
  facet normal 0.887026 -0.461719 0
    outer loop
      vertex -20.1629 16.8738 11.11
      vertex -19.889 17.4 1
      vertex -19.889 17.4 11.11
    endloop
  endfacet
  facet normal 0.887026 -0.461719 0
    outer loop
      vertex -19.889 17.4 1
      vertex -20.1629 16.8738 11.11
      vertex -20.1629 16.8738 1
    endloop
  endfacet
  facet normal 0.923898 -0.38264 0
    outer loop
      vertex -20.3899 16.3257 11.11
      vertex -20.1629 16.8738 1
      vertex -20.1629 16.8738 11.11
    endloop
  endfacet
  facet normal 0.923898 -0.38264 0
    outer loop
      vertex -20.1629 16.8738 1
      vertex -20.3899 16.3257 11.11
      vertex -20.3899 16.3257 1
    endloop
  endfacet
  facet normal 0.9537 -0.30076 0
    outer loop
      vertex -20.5683 15.76 11.11
      vertex -20.3899 16.3257 1
      vertex -20.3899 16.3257 11.11
    endloop
  endfacet
  facet normal 0.9537 -0.30076 0
    outer loop
      vertex -20.3899 16.3257 1
      vertex -20.5683 15.76 11.11
      vertex -20.5683 15.76 1
    endloop
  endfacet
  facet normal 0.976298 -0.216431 0
    outer loop
      vertex -20.6967 15.1808 11.11
      vertex -20.5683 15.76 1
      vertex -20.5683 15.76 11.11
    endloop
  endfacet
  facet normal 0.976298 -0.216431 0
    outer loop
      vertex -20.5683 15.76 1
      vertex -20.6967 15.1808 11.11
      vertex -20.6967 15.1808 1
    endloop
  endfacet
  facet normal 0.99145 -0.130485 0
    outer loop
      vertex -20.7741 14.5927 11.11
      vertex -20.6967 15.1808 1
      vertex -20.6967 15.1808 11.11
    endloop
  endfacet
  facet normal 0.99145 -0.130485 0
    outer loop
      vertex -20.6967 15.1808 1
      vertex -20.7741 14.5927 11.11
      vertex -20.7741 14.5927 1
    endloop
  endfacet
  facet normal 0.999047 -0.0436567 0
    outer loop
      vertex -20.8 14 11.11
      vertex -20.7741 14.5927 1
      vertex -20.7741 14.5927 11.11
    endloop
  endfacet
  facet normal 0.999047 -0.0436567 0
    outer loop
      vertex -20.7741 14.5927 1
      vertex -20.8 14 11.11
      vertex -20.8 14 1
    endloop
  endfacet
  facet normal 1 -0 0
    outer loop
      vertex -20.8 -14 11.11
      vertex -20.8 14 1
      vertex -20.8 14 11.11
    endloop
  endfacet
  facet normal 1 0 0
    outer loop
      vertex -20.8 14 1
      vertex -20.8 -14 11.11
      vertex -20.8 -14 1
    endloop
  endfacet
  facet normal 0.999047 0.0436567 0
    outer loop
      vertex -20.7741 -14.5927 11.11
      vertex -20.8 -14 1
      vertex -20.8 -14 11.11
    endloop
  endfacet
  facet normal 0.999047 0.0436567 0
    outer loop
      vertex -20.8 -14 1
      vertex -20.7741 -14.5927 11.11
      vertex -20.7741 -14.5927 1
    endloop
  endfacet
  facet normal 0.99145 0.130485 0
    outer loop
      vertex -20.6967 -15.1808 11.11
      vertex -20.7741 -14.5927 1
      vertex -20.7741 -14.5927 11.11
    endloop
  endfacet
  facet normal 0.99145 0.130485 0
    outer loop
      vertex -20.7741 -14.5927 1
      vertex -20.6967 -15.1808 11.11
      vertex -20.6967 -15.1808 1
    endloop
  endfacet
  facet normal 0.976298 0.216431 0
    outer loop
      vertex -20.5683 -15.76 11.11
      vertex -20.6967 -15.1808 1
      vertex -20.6967 -15.1808 11.11
    endloop
  endfacet
  facet normal 0.976298 0.216431 0
    outer loop
      vertex -20.6967 -15.1808 1
      vertex -20.5683 -15.76 11.11
      vertex -20.5683 -15.76 1
    endloop
  endfacet
  facet normal 0.9537 0.30076 0
    outer loop
      vertex -20.3899 -16.3257 11.11
      vertex -20.5683 -15.76 1
      vertex -20.5683 -15.76 11.11
    endloop
  endfacet
  facet normal 0.9537 0.30076 0
    outer loop
      vertex -20.5683 -15.76 1
      vertex -20.3899 -16.3257 11.11
      vertex -20.3899 -16.3257 1
    endloop
  endfacet
  facet normal 0.923898 0.38264 0
    outer loop
      vertex -20.1629 -16.8738 11.11
      vertex -20.3899 -16.3257 1
      vertex -20.3899 -16.3257 11.11
    endloop
  endfacet
  facet normal 0.923898 0.38264 0
    outer loop
      vertex -20.3899 -16.3257 1
      vertex -20.1629 -16.8738 11.11
      vertex -20.1629 -16.8738 1
    endloop
  endfacet
  facet normal 0.887026 0.461719 0
    outer loop
      vertex -19.889 -17.4 11.11
      vertex -20.1629 -16.8738 1
      vertex -20.1629 -16.8738 11.11
    endloop
  endfacet
  facet normal 0.887026 0.461719 0
    outer loop
      vertex -20.1629 -16.8738 1
      vertex -19.889 -17.4 11.11
      vertex -19.889 -17.4 1
    endloop
  endfacet
  facet normal 0.843335 0.537388 0
    outer loop
      vertex -19.5702 -17.9003 11.11
      vertex -19.889 -17.4 1
      vertex -19.889 -17.4 11.11
    endloop
  endfacet
  facet normal 0.843335 0.537388 0
    outer loop
      vertex -19.889 -17.4 1
      vertex -19.5702 -17.9003 11.11
      vertex -19.5702 -17.9003 1
    endloop
  endfacet
  facet normal 0.793419 0.608676 0
    outer loop
      vertex -19.2091 -18.371 11.11
      vertex -19.5702 -17.9003 1
      vertex -19.5702 -17.9003 11.11
    endloop
  endfacet
  facet normal 0.793419 0.608676 0
    outer loop
      vertex -19.5702 -17.9003 1
      vertex -19.2091 -18.371 11.11
      vertex -19.2091 -18.371 1
    endloop
  endfacet
  facet normal 0.737203 0.675671 0
    outer loop
      vertex -18.8083 -18.8083 11.11
      vertex -19.2091 -18.371 1
      vertex -19.2091 -18.371 11.11
    endloop
  endfacet
  facet normal 0.737203 0.675671 0
    outer loop
      vertex -19.2091 -18.371 1
      vertex -18.8083 -18.8083 11.11
      vertex -18.8083 -18.8083 1
    endloop
  endfacet
  facet normal 0.675671 0.737203 -0
    outer loop
      vertex -18.371 -19.2091 1
      vertex -18.8083 -18.8083 11.11
      vertex -18.371 -19.2091 11.11
    endloop
  endfacet
  facet normal 0.675671 0.737203 0
    outer loop
      vertex -18.8083 -18.8083 11.11
      vertex -18.371 -19.2091 1
      vertex -18.8083 -18.8083 1
    endloop
  endfacet
  facet normal 0.608676 0.793419 -0
    outer loop
      vertex -17.9003 -19.5702 1
      vertex -18.371 -19.2091 11.11
      vertex -17.9003 -19.5702 11.11
    endloop
  endfacet
  facet normal 0.608676 0.793419 0
    outer loop
      vertex -18.371 -19.2091 11.11
      vertex -17.9003 -19.5702 1
      vertex -18.371 -19.2091 1
    endloop
  endfacet
  facet normal 0.537388 0.843335 -0
    outer loop
      vertex -17.4 -19.889 1
      vertex -17.9003 -19.5702 11.11
      vertex -17.4 -19.889 11.11
    endloop
  endfacet
  facet normal 0.537388 0.843335 0
    outer loop
      vertex -17.9003 -19.5702 11.11
      vertex -17.4 -19.889 1
      vertex -17.9003 -19.5702 1
    endloop
  endfacet
  facet normal 0.461719 0.887026 -0
    outer loop
      vertex -16.8738 -20.1629 1
      vertex -17.4 -19.889 11.11
      vertex -16.8738 -20.1629 11.11
    endloop
  endfacet
  facet normal 0.461719 0.887026 0
    outer loop
      vertex -17.4 -19.889 11.11
      vertex -16.8738 -20.1629 1
      vertex -17.4 -19.889 1
    endloop
  endfacet
  facet normal 0.38264 0.923898 -0
    outer loop
      vertex -16.3257 -20.3899 1
      vertex -16.8738 -20.1629 11.11
      vertex -16.3257 -20.3899 11.11
    endloop
  endfacet
  facet normal 0.38264 0.923898 0
    outer loop
      vertex -16.8738 -20.1629 11.11
      vertex -16.3257 -20.3899 1
      vertex -16.8738 -20.1629 1
    endloop
  endfacet
  facet normal 0.30076 0.9537 -0
    outer loop
      vertex -15.76 -20.5683 1
      vertex -16.3257 -20.3899 11.11
      vertex -15.76 -20.5683 11.11
    endloop
  endfacet
  facet normal 0.30076 0.9537 0
    outer loop
      vertex -16.3257 -20.3899 11.11
      vertex -15.76 -20.5683 1
      vertex -16.3257 -20.3899 1
    endloop
  endfacet
  facet normal 0.216431 0.976298 -0
    outer loop
      vertex -15.1808 -20.6967 1
      vertex -15.76 -20.5683 11.11
      vertex -15.1808 -20.6967 11.11
    endloop
  endfacet
  facet normal 0.216431 0.976298 0
    outer loop
      vertex -15.76 -20.5683 11.11
      vertex -15.1808 -20.6967 1
      vertex -15.76 -20.5683 1
    endloop
  endfacet
  facet normal 0.130485 0.99145 -0
    outer loop
      vertex -14.5927 -20.7741 1
      vertex -15.1808 -20.6967 11.11
      vertex -14.5927 -20.7741 11.11
    endloop
  endfacet
  facet normal 0.130485 0.99145 0
    outer loop
      vertex -15.1808 -20.6967 11.11
      vertex -14.5927 -20.7741 1
      vertex -15.1808 -20.6967 1
    endloop
  endfacet
  facet normal 0.0436567 0.999047 -0
    outer loop
      vertex -14 -20.8 1
      vertex -14.5927 -20.7741 11.11
      vertex -14 -20.8 11.11
    endloop
  endfacet
  facet normal 0.0436567 0.999047 0
    outer loop
      vertex -14.5927 -20.7741 11.11
      vertex -14 -20.8 1
      vertex -14.5927 -20.7741 1
    endloop
  endfacet
  facet normal 0 1 -0
    outer loop
      vertex 14 -20.8 1
      vertex -14 -20.8 11.11
      vertex 14 -20.8 11.11
    endloop
  endfacet
  facet normal 0 1 0
    outer loop
      vertex -14 -20.8 11.11
      vertex 14 -20.8 1
      vertex -14 -20.8 1
    endloop
  endfacet
  facet normal -0.0436567 0.999047 0
    outer loop
      vertex 14.5927 -20.7741 1
      vertex 14 -20.8 11.11
      vertex 14.5927 -20.7741 11.11
    endloop
  endfacet
  facet normal -0.0436567 0.999047 0
    outer loop
      vertex 14 -20.8 11.11
      vertex 14.5927 -20.7741 1
      vertex 14 -20.8 1
    endloop
  endfacet
  facet normal -0.130485 0.99145 0
    outer loop
      vertex 15.1808 -20.6967 1
      vertex 14.5927 -20.7741 11.11
      vertex 15.1808 -20.6967 11.11
    endloop
  endfacet
  facet normal -0.130485 0.99145 0
    outer loop
      vertex 14.5927 -20.7741 11.11
      vertex 15.1808 -20.6967 1
      vertex 14.5927 -20.7741 1
    endloop
  endfacet
  facet normal -0.216431 0.976298 0
    outer loop
      vertex 15.76 -20.5683 1
      vertex 15.1808 -20.6967 11.11
      vertex 15.76 -20.5683 11.11
    endloop
  endfacet
  facet normal -0.216431 0.976298 0
    outer loop
      vertex 15.1808 -20.6967 11.11
      vertex 15.76 -20.5683 1
      vertex 15.1808 -20.6967 1
    endloop
  endfacet
  facet normal -0.30076 0.9537 0
    outer loop
      vertex 16.3257 -20.3899 1
      vertex 15.76 -20.5683 11.11
      vertex 16.3257 -20.3899 11.11
    endloop
  endfacet
  facet normal -0.30076 0.9537 0
    outer loop
      vertex 15.76 -20.5683 11.11
      vertex 16.3257 -20.3899 1
      vertex 15.76 -20.5683 1
    endloop
  endfacet
  facet normal -0.38264 0.923898 0
    outer loop
      vertex 16.8738 -20.1629 1
      vertex 16.3257 -20.3899 11.11
      vertex 16.8738 -20.1629 11.11
    endloop
  endfacet
  facet normal -0.38264 0.923898 0
    outer loop
      vertex 16.3257 -20.3899 11.11
      vertex 16.8738 -20.1629 1
      vertex 16.3257 -20.3899 1
    endloop
  endfacet
  facet normal -0.461719 0.887026 0
    outer loop
      vertex 17.4 -19.889 1
      vertex 16.8738 -20.1629 11.11
      vertex 17.4 -19.889 11.11
    endloop
  endfacet
  facet normal -0.461719 0.887026 0
    outer loop
      vertex 16.8738 -20.1629 11.11
      vertex 17.4 -19.889 1
      vertex 16.8738 -20.1629 1
    endloop
  endfacet
  facet normal -0.537388 0.843335 0
    outer loop
      vertex 17.9003 -19.5702 1
      vertex 17.4 -19.889 11.11
      vertex 17.9003 -19.5702 11.11
    endloop
  endfacet
  facet normal -0.537388 0.843335 0
    outer loop
      vertex 17.4 -19.889 11.11
      vertex 17.9003 -19.5702 1
      vertex 17.4 -19.889 1
    endloop
  endfacet
  facet normal -0.608676 0.793419 0
    outer loop
      vertex 18.371 -19.2091 1
      vertex 17.9003 -19.5702 11.11
      vertex 18.371 -19.2091 11.11
    endloop
  endfacet
  facet normal -0.608676 0.793419 0
    outer loop
      vertex 17.9003 -19.5702 11.11
      vertex 18.371 -19.2091 1
      vertex 17.9003 -19.5702 1
    endloop
  endfacet
  facet normal -0.675671 0.737203 0
    outer loop
      vertex 18.8083 -18.8083 1
      vertex 18.371 -19.2091 11.11
      vertex 18.8083 -18.8083 11.11
    endloop
  endfacet
  facet normal -0.675671 0.737203 0
    outer loop
      vertex 18.371 -19.2091 11.11
      vertex 18.8083 -18.8083 1
      vertex 18.371 -19.2091 1
    endloop
  endfacet
  facet normal -0.737203 0.675671 0
    outer loop
      vertex 18.8083 -18.8083 1
      vertex 19.2091 -18.371 11.11
      vertex 19.2091 -18.371 1
    endloop
  endfacet
  facet normal -0.737203 0.675671 0
    outer loop
      vertex 19.2091 -18.371 11.11
      vertex 18.8083 -18.8083 1
      vertex 18.8083 -18.8083 11.11
    endloop
  endfacet
  facet normal -0.793419 0.608676 0
    outer loop
      vertex 19.2091 -18.371 1
      vertex 19.5702 -17.9003 11.11
      vertex 19.5702 -17.9003 1
    endloop
  endfacet
  facet normal -0.793419 0.608676 0
    outer loop
      vertex 19.5702 -17.9003 11.11
      vertex 19.2091 -18.371 1
      vertex 19.2091 -18.371 11.11
    endloop
  endfacet
  facet normal -0.843335 0.537388 0
    outer loop
      vertex 19.5702 -17.9003 1
      vertex 19.889 -17.4 11.11
      vertex 19.889 -17.4 1
    endloop
  endfacet
  facet normal -0.843335 0.537388 0
    outer loop
      vertex 19.889 -17.4 11.11
      vertex 19.5702 -17.9003 1
      vertex 19.5702 -17.9003 11.11
    endloop
  endfacet
  facet normal -0.887026 0.461719 0
    outer loop
      vertex 19.889 -17.4 1
      vertex 20.1629 -16.8738 11.11
      vertex 20.1629 -16.8738 1
    endloop
  endfacet
  facet normal -0.887026 0.461719 0
    outer loop
      vertex 20.1629 -16.8738 11.11
      vertex 19.889 -17.4 1
      vertex 19.889 -17.4 11.11
    endloop
  endfacet
  facet normal -0.923898 0.38264 0
    outer loop
      vertex 20.1629 -16.8738 1
      vertex 20.3899 -16.3257 11.11
      vertex 20.3899 -16.3257 1
    endloop
  endfacet
  facet normal -0.923898 0.38264 0
    outer loop
      vertex 20.3899 -16.3257 11.11
      vertex 20.1629 -16.8738 1
      vertex 20.1629 -16.8738 11.11
    endloop
  endfacet
  facet normal -0.9537 0.30076 0
    outer loop
      vertex 20.3899 -16.3257 1
      vertex 20.5683 -15.76 11.11
      vertex 20.5683 -15.76 1
    endloop
  endfacet
  facet normal -0.9537 0.30076 0
    outer loop
      vertex 20.5683 -15.76 11.11
      vertex 20.3899 -16.3257 1
      vertex 20.3899 -16.3257 11.11
    endloop
  endfacet
  facet normal -0.976298 0.216431 0
    outer loop
      vertex 20.5683 -15.76 1
      vertex 20.6967 -15.1808 11.11
      vertex 20.6967 -15.1808 1
    endloop
  endfacet
  facet normal -0.976298 0.216431 0
    outer loop
      vertex 20.6967 -15.1808 11.11
      vertex 20.5683 -15.76 1
      vertex 20.5683 -15.76 11.11
    endloop
  endfacet
  facet normal -0.99145 0.130485 0
    outer loop
      vertex 20.6967 -15.1808 1
      vertex 20.7741 -14.5927 11.11
      vertex 20.7741 -14.5927 1
    endloop
  endfacet
  facet normal -0.99145 0.130485 0
    outer loop
      vertex 20.7741 -14.5927 11.11
      vertex 20.6967 -15.1808 1
      vertex 20.6967 -15.1808 11.11
    endloop
  endfacet
  facet normal -0.999047 0.0436567 0
    outer loop
      vertex 20.7741 -14.5927 1
      vertex 20.8 -14 11.11
      vertex 20.8 -14 1
    endloop
  endfacet
  facet normal -0.999047 0.0436567 0
    outer loop
      vertex 20.8 -14 11.11
      vertex 20.7741 -14.5927 1
      vertex 20.7741 -14.5927 11.11
    endloop
  endfacet
  facet normal -1 0 0
    outer loop
      vertex 20.8 -14 1
      vertex 20.8 14 11.11
      vertex 20.8 14 1
    endloop
  endfacet
  facet normal -1 -0 0
    outer loop
      vertex 20.8 14 11.11
      vertex 20.8 -14 1
      vertex 20.8 -14 11.11
    endloop
  endfacet
  facet normal -0.999047 -0.0436567 0
    outer loop
      vertex 20.8 14 1
      vertex 20.7741 14.5927 11.11
      vertex 20.7741 14.5927 1
    endloop
  endfacet
  facet normal -0.999047 -0.0436567 0
    outer loop
      vertex 20.7741 14.5927 11.11
      vertex 20.8 14 1
      vertex 20.8 14 11.11
    endloop
  endfacet
  facet normal -0.99145 -0.130485 0
    outer loop
      vertex 20.7741 14.5927 1
      vertex 20.6967 15.1808 11.11
      vertex 20.6967 15.1808 1
    endloop
  endfacet
  facet normal -0.99145 -0.130485 0
    outer loop
      vertex 20.6967 15.1808 11.11
      vertex 20.7741 14.5927 1
      vertex 20.7741 14.5927 11.11
    endloop
  endfacet
  facet normal -0.976298 -0.216431 0
    outer loop
      vertex 20.6967 15.1808 1
      vertex 20.5683 15.76 11.11
      vertex 20.5683 15.76 1
    endloop
  endfacet
  facet normal -0.976298 -0.216431 0
    outer loop
      vertex 20.5683 15.76 11.11
      vertex 20.6967 15.1808 1
      vertex 20.6967 15.1808 11.11
    endloop
  endfacet
  facet normal -0.9537 -0.30076 0
    outer loop
      vertex 20.5683 15.76 1
      vertex 20.3899 16.3257 11.11
      vertex 20.3899 16.3257 1
    endloop
  endfacet
  facet normal -0.9537 -0.30076 0
    outer loop
      vertex 20.3899 16.3257 11.11
      vertex 20.5683 15.76 1
      vertex 20.5683 15.76 11.11
    endloop
  endfacet
  facet normal -0.923898 -0.38264 0
    outer loop
      vertex 20.3899 16.3257 1
      vertex 20.1629 16.8738 11.11
      vertex 20.1629 16.8738 1
    endloop
  endfacet
  facet normal -0.923898 -0.38264 0
    outer loop
      vertex 20.1629 16.8738 11.11
      vertex 20.3899 16.3257 1
      vertex 20.3899 16.3257 11.11
    endloop
  endfacet
  facet normal -0.887026 -0.461719 0
    outer loop
      vertex 20.1629 16.8738 1
      vertex 19.889 17.4 11.11
      vertex 19.889 17.4 1
    endloop
  endfacet
  facet normal -0.887026 -0.461719 0
    outer loop
      vertex 19.889 17.4 11.11
      vertex 20.1629 16.8738 1
      vertex 20.1629 16.8738 11.11
    endloop
  endfacet
  facet normal -0.843335 -0.537388 0
    outer loop
      vertex 19.889 17.4 1
      vertex 19.5702 17.9003 11.11
      vertex 19.5702 17.9003 1
    endloop
  endfacet
  facet normal -0.843335 -0.537388 0
    outer loop
      vertex 19.5702 17.9003 11.11
      vertex 19.889 17.4 1
      vertex 19.889 17.4 11.11
    endloop
  endfacet
  facet normal -0.793419 -0.608676 0
    outer loop
      vertex 19.5702 17.9003 1
      vertex 19.2091 18.371 11.11
      vertex 19.2091 18.371 1
    endloop
  endfacet
  facet normal -0.793419 -0.608676 0
    outer loop
      vertex 19.2091 18.371 11.11
      vertex 19.5702 17.9003 1
      vertex 19.5702 17.9003 11.11
    endloop
  endfacet
  facet normal -0.737203 -0.675671 0
    outer loop
      vertex 19.2091 18.371 1
      vertex 18.8083 18.8083 11.11
      vertex 18.8083 18.8083 1
    endloop
  endfacet
  facet normal -0.737203 -0.675671 0
    outer loop
      vertex 18.8083 18.8083 11.11
      vertex 19.2091 18.371 1
      vertex 19.2091 18.371 11.11
    endloop
  endfacet
  facet normal -0.675671 -0.737203 0
    outer loop
      vertex 18.371 19.2091 1
      vertex 18.8083 18.8083 11.11
      vertex 18.371 19.2091 11.11
    endloop
  endfacet
  facet normal -0.675671 -0.737203 -0
    outer loop
      vertex 18.8083 18.8083 11.11
      vertex 18.371 19.2091 1
      vertex 18.8083 18.8083 1
    endloop
  endfacet
  facet normal -0.608676 -0.793419 0
    outer loop
      vertex 17.9003 19.5702 1
      vertex 18.371 19.2091 11.11
      vertex 17.9003 19.5702 11.11
    endloop
  endfacet
  facet normal -0.608676 -0.793419 -0
    outer loop
      vertex 18.371 19.2091 11.11
      vertex 17.9003 19.5702 1
      vertex 18.371 19.2091 1
    endloop
  endfacet
  facet normal -0.537388 -0.843335 0
    outer loop
      vertex 17.4 19.889 1
      vertex 17.9003 19.5702 11.11
      vertex 17.4 19.889 11.11
    endloop
  endfacet
  facet normal -0.537388 -0.843335 -0
    outer loop
      vertex 17.9003 19.5702 11.11
      vertex 17.4 19.889 1
      vertex 17.9003 19.5702 1
    endloop
  endfacet
  facet normal -0.461719 -0.887026 0
    outer loop
      vertex 16.8738 20.1629 1
      vertex 17.4 19.889 11.11
      vertex 16.8738 20.1629 11.11
    endloop
  endfacet
  facet normal -0.461719 -0.887026 -0
    outer loop
      vertex 17.4 19.889 11.11
      vertex 16.8738 20.1629 1
      vertex 17.4 19.889 1
    endloop
  endfacet
  facet normal -0.38264 -0.923898 0
    outer loop
      vertex 16.3257 20.3899 1
      vertex 16.8738 20.1629 11.11
      vertex 16.3257 20.3899 11.11
    endloop
  endfacet
  facet normal -0.38264 -0.923898 -0
    outer loop
      vertex 16.8738 20.1629 11.11
      vertex 16.3257 20.3899 1
      vertex 16.8738 20.1629 1
    endloop
  endfacet
  facet normal -0.30076 -0.9537 0
    outer loop
      vertex 15.76 20.5683 1
      vertex 16.3257 20.3899 11.11
      vertex 15.76 20.5683 11.11
    endloop
  endfacet
  facet normal -0.30076 -0.9537 -0
    outer loop
      vertex 16.3257 20.3899 11.11
      vertex 15.76 20.5683 1
      vertex 16.3257 20.3899 1
    endloop
  endfacet
  facet normal -0.216431 -0.976298 0
    outer loop
      vertex 15.1808 20.6967 1
      vertex 15.76 20.5683 11.11
      vertex 15.1808 20.6967 11.11
    endloop
  endfacet
  facet normal -0.216431 -0.976298 -0
    outer loop
      vertex 15.76 20.5683 11.11
      vertex 15.1808 20.6967 1
      vertex 15.76 20.5683 1
    endloop
  endfacet
  facet normal -0.130485 -0.99145 0
    outer loop
      vertex 14.5927 20.7741 1
      vertex 15.1808 20.6967 11.11
      vertex 14.5927 20.7741 11.11
    endloop
  endfacet
  facet normal -0.130485 -0.99145 -0
    outer loop
      vertex 15.1808 20.6967 11.11
      vertex 14.5927 20.7741 1
      vertex 15.1808 20.6967 1
    endloop
  endfacet
  facet normal -0.0436567 -0.999047 0
    outer loop
      vertex 14 20.8 1
      vertex 14.5927 20.7741 11.11
      vertex 14 20.8 11.11
    endloop
  endfacet
  facet normal -0.0436567 -0.999047 -0
    outer loop
      vertex 14.5927 20.7741 11.11
      vertex 14 20.8 1
      vertex 14.5927 20.7741 1
    endloop
  endfacet
  facet normal 0 -1 0
    outer loop
      vertex -14 20.8 1
      vertex 14 20.8 11.11
      vertex -14 20.8 11.11
    endloop
  endfacet
  facet normal 0 -1 -0
    outer loop
      vertex 14 20.8 11.11
      vertex -14 20.8 1
      vertex 14 20.8 1
    endloop
  endfacet
  facet normal 0 0 1
    outer loop
      vertex 18.55 14 15
      vertex 19.75 14 15
      vertex 19.7281 14.5011 15
    endloop
  endfacet
  facet normal 0 0 1
    outer loop
      vertex 19.75 14 15
      vertex 18.55 14 15
      vertex 19.75 -14 15
    endloop
  endfacet
  facet normal 0 0 1
    outer loop
      vertex 18.5327 14.3966 15
      vertex 19.7281 14.5011 15
      vertex 19.6626 14.9985 15
    endloop
  endfacet
  facet normal 0 0 1
    outer loop
      vertex 18.55 -14 15
      vertex 19.75 -14 15
      vertex 18.55 14 15
    endloop
  endfacet
  facet normal 0 0 1
    outer loop
      vertex 18.4809 14.7901 15
      vertex 19.6626 14.9985 15
      vertex 19.5541 15.4882 15
    endloop
  endfacet
  facet normal 0 0 1
    outer loop
      vertex 19.75 -14 15
      vertex 18.55 -14 15
      vertex 19.7281 -14.5011 15
    endloop
  endfacet
  facet normal 0 0 1
    outer loop
      vertex 18.395 15.1776 15
      vertex 19.5541 15.4882 15
      vertex 19.4032 15.9666 15
    endloop
  endfacet
  facet normal -0 0 1
    outer loop
      vertex 18.5327 -14.3966 15
      vertex 19.7281 -14.5011 15
      vertex 18.55 -14 15
    endloop
  endfacet
  facet normal 0 0 1
    outer loop
      vertex 18.2756 15.5562 15
      vertex 19.4032 15.9666 15
      vertex 19.2113 16.4301 15
    endloop
  endfacet
  facet normal 0 0 1
    outer loop
      vertex 19.7281 -14.5011 15
      vertex 18.5327 -14.3966 15
      vertex 19.6626 -14.9985 15
    endloop
  endfacet
  facet normal 0 0 1
    outer loop
      vertex 18.1237 15.9229 15
      vertex 19.2113 16.4301 15
      vertex 18.9796 16.875 15
    endloop
  endfacet
  facet normal -0 0 1
    outer loop
      vertex 18.4809 -14.7901 15
      vertex 19.6626 -14.9985 15
      vertex 18.5327 -14.3966 15
    endloop
  endfacet
  facet normal 0 0 1
    outer loop
      vertex 17.9404 16.275 15
      vertex 18.9796 16.875 15
      vertex 18.7101 17.2981 15
    endloop
  endfacet
  facet normal 0 0 1
    outer loop
      vertex 19.6626 -14.9985 15
      vertex 18.4809 -14.7901 15
      vertex 19.5541 -15.4882 15
    endloop
  endfacet
  facet normal -0 0 1
    outer loop
      vertex 18.395 -15.1776 15
      vertex 19.5541 -15.4882 15
      vertex 18.4809 -14.7901 15
    endloop
  endfacet
  facet normal 0 0 1
    outer loop
      vertex 19.7281 14.5011 15
      vertex 18.5327 14.3966 15
      vertex 18.55 14 15
    endloop
  endfacet
  facet normal 0 0 1
    outer loop
      vertex 19.6626 14.9985 15
      vertex 18.4809 14.7901 15
      vertex 18.5327 14.3966 15
    endloop
  endfacet
  facet normal 0 0 1
    outer loop
      vertex 17.7271 16.6098 15
      vertex 18.7101 17.2981 15
      vertex 18.4048 17.696 15
    endloop
  endfacet
  facet normal 0 0 1
    outer loop
      vertex 19.5541 15.4882 15
      vertex 18.395 15.1776 15
      vertex 18.4809 14.7901 15
    endloop
  endfacet
  facet normal 0 0 1
    outer loop
      vertex 19.4032 15.9666 15
      vertex 18.2756 15.5562 15
      vertex 18.395 15.1776 15
    endloop
  endfacet
  facet normal 0 0 1
    outer loop
      vertex 19.2113 16.4301 15
      vertex 18.1237 15.9229 15
      vertex 18.2756 15.5562 15
    endloop
  endfacet
  facet normal 0 0 1
    outer loop
      vertex 17.4855 16.9247 15
      vertex 18.4048 17.696 15
      vertex 18.0659 18.0659 15
    endloop
  endfacet
  facet normal 0 0 1
    outer loop
      vertex 18.9796 16.875 15
      vertex 17.9404 16.275 15
      vertex 18.1237 15.9229 15
    endloop
  endfacet
  facet normal 0 0 1
    outer loop
      vertex 18.7101 17.2981 15
      vertex 17.7271 16.6098 15
      vertex 17.9404 16.275 15
    endloop
  endfacet
  facet normal 0 0 1
    outer loop
      vertex 17.2173 17.2173 15
      vertex 18.0659 18.0659 15
      vertex 17.696 18.4048 15
    endloop
  endfacet
  facet normal 0 0 1
    outer loop
      vertex 18.4048 17.696 15
      vertex 17.4855 16.9247 15
      vertex 17.7271 16.6098 15
    endloop
  endfacet
  facet normal 0 0 1
    outer loop
      vertex 16.9247 17.4855 15
      vertex 17.696 18.4048 15
      vertex 17.2981 18.7101 15
    endloop
  endfacet
  facet normal 0 0 1
    outer loop
      vertex 18.0659 18.0659 15
      vertex 17.2173 17.2173 15
      vertex 17.4855 16.9247 15
    endloop
  endfacet
  facet normal 0 0 1
    outer loop
      vertex 17.696 18.4048 15
      vertex 16.9247 17.4855 15
      vertex 17.2173 17.2173 15
    endloop
  endfacet
  facet normal 0 0 1
    outer loop
      vertex 16.6098 17.7271 15
      vertex 17.2981 18.7101 15
      vertex 16.875 18.9796 15
    endloop
  endfacet
  facet normal 0 0 1
    outer loop
      vertex 17.2981 18.7101 15
      vertex 16.6098 17.7271 15
      vertex 16.9247 17.4855 15
    endloop
  endfacet
  facet normal 0 0 1
    outer loop
      vertex 16.275 17.9404 15
      vertex 16.875 18.9796 15
      vertex 16.4301 19.2113 15
    endloop
  endfacet
  facet normal 0 0 1
    outer loop
      vertex 16.875 18.9796 15
      vertex 16.275 17.9404 15
      vertex 16.6098 17.7271 15
    endloop
  endfacet
  facet normal 0 0 1
    outer loop
      vertex 15.9229 18.1237 15
      vertex 16.4301 19.2113 15
      vertex 15.9666 19.4032 15
    endloop
  endfacet
  facet normal 0 0 1
    outer loop
      vertex 16.4301 19.2113 15
      vertex 15.9229 18.1237 15
      vertex 16.275 17.9404 15
    endloop
  endfacet
  facet normal 0 0 1
    outer loop
      vertex 15.9666 19.4032 15
      vertex 15.5562 18.2756 15
      vertex 15.9229 18.1237 15
    endloop
  endfacet
  facet normal 0 0 1
    outer loop
      vertex 15.4882 19.5541 15
      vertex 15.5562 18.2756 15
      vertex 15.9666 19.4032 15
    endloop
  endfacet
  facet normal 0 0 1
    outer loop
      vertex 15.4882 19.5541 15
      vertex 15.1776 18.395 15
      vertex 15.5562 18.2756 15
    endloop
  endfacet
  facet normal 0 0 1
    outer loop
      vertex 14.9985 19.6626 15
      vertex 15.1776 18.395 15
      vertex 15.4882 19.5541 15
    endloop
  endfacet
  facet normal 0 0 1
    outer loop
      vertex 14.9985 19.6626 15
      vertex 14.7901 18.4809 15
      vertex 15.1776 18.395 15
    endloop
  endfacet
  facet normal 0 0 1
    outer loop
      vertex 14.5011 19.7281 15
      vertex 14.7901 18.4809 15
      vertex 14.9985 19.6626 15
    endloop
  endfacet
  facet normal 0 0 1
    outer loop
      vertex 14.5011 19.7281 15
      vertex 14.3966 18.5327 15
      vertex 14.7901 18.4809 15
    endloop
  endfacet
  facet normal 0 0 1
    outer loop
      vertex 14 19.75 15
      vertex 14.3966 18.5327 15
      vertex 14.5011 19.7281 15
    endloop
  endfacet
  facet normal 0 0 1
    outer loop
      vertex 14 19.75 15
      vertex 14 18.55 15
      vertex 14.3966 18.5327 15
    endloop
  endfacet
  facet normal -0 0 1
    outer loop
      vertex -14 19.75 15
      vertex 14 18.55 15
      vertex 14 19.75 15
    endloop
  endfacet
  facet normal 0 0 1
    outer loop
      vertex -14 19.75 15
      vertex -14 18.55 15
      vertex 14 18.55 15
    endloop
  endfacet
  facet normal 0 0 1
    outer loop
      vertex -14 19.75 15
      vertex -14.3966 18.5327 15
      vertex -14 18.55 15
    endloop
  endfacet
  facet normal -0 0 1
    outer loop
      vertex -14.5011 19.7281 15
      vertex -14.3966 18.5327 15
      vertex -14 19.75 15
    endloop
  endfacet
  facet normal 0 0 1
    outer loop
      vertex -14.5011 19.7281 15
      vertex -14.7901 18.4809 15
      vertex -14.3966 18.5327 15
    endloop
  endfacet
  facet normal -0 0 1
    outer loop
      vertex -14.9985 19.6626 15
      vertex -14.7901 18.4809 15
      vertex -14.5011 19.7281 15
    endloop
  endfacet
  facet normal 0 0 1
    outer loop
      vertex -14.9985 19.6626 15
      vertex -15.1776 18.395 15
      vertex -14.7901 18.4809 15
    endloop
  endfacet
  facet normal -0 0 1
    outer loop
      vertex -15.4882 19.5541 15
      vertex -15.1776 18.395 15
      vertex -14.9985 19.6626 15
    endloop
  endfacet
  facet normal 0 0 1
    outer loop
      vertex -15.4882 19.5541 15
      vertex -15.5562 18.2756 15
      vertex -15.1776 18.395 15
    endloop
  endfacet
  facet normal -0 0 1
    outer loop
      vertex -15.9666 19.4032 15
      vertex -15.5562 18.2756 15
      vertex -15.4882 19.5541 15
    endloop
  endfacet
  facet normal 0 0 1
    outer loop
      vertex -15.5562 18.2756 15
      vertex -15.9666 19.4032 15
      vertex -15.9229 18.1237 15
    endloop
  endfacet
  facet normal -0 0 1
    outer loop
      vertex -16.4301 19.2113 15
      vertex -15.9229 18.1237 15
      vertex -15.9666 19.4032 15
    endloop
  endfacet
  facet normal 0 0 1
    outer loop
      vertex -15.9229 18.1237 15
      vertex -16.4301 19.2113 15
      vertex -16.275 17.9404 15
    endloop
  endfacet
  facet normal -0 0 1
    outer loop
      vertex -16.875 18.9796 15
      vertex -16.275 17.9404 15
      vertex -16.4301 19.2113 15
    endloop
  endfacet
  facet normal 0 0 1
    outer loop
      vertex -16.275 17.9404 15
      vertex -16.875 18.9796 15
      vertex -16.6098 17.7271 15
    endloop
  endfacet
  facet normal -0 0 1
    outer loop
      vertex -17.2981 18.7101 15
      vertex -16.6098 17.7271 15
      vertex -16.875 18.9796 15
    endloop
  endfacet
  facet normal 0 0 1
    outer loop
      vertex -16.6098 17.7271 15
      vertex -17.2981 18.7101 15
      vertex -16.9247 17.4855 15
    endloop
  endfacet
  facet normal -0 0 1
    outer loop
      vertex -17.696 18.4048 15
      vertex -16.9247 17.4855 15
      vertex -17.2981 18.7101 15
    endloop
  endfacet
  facet normal 0 0 1
    outer loop
      vertex -16.9247 17.4855 15
      vertex -17.696 18.4048 15
      vertex -17.2173 17.2173 15
    endloop
  endfacet
  facet normal -0 0 1
    outer loop
      vertex -18.0659 18.0659 15
      vertex -17.2173 17.2173 15
      vertex -17.696 18.4048 15
    endloop
  endfacet
  facet normal 0 0 1
    outer loop
      vertex -17.2173 17.2173 15
      vertex -18.0659 18.0659 15
      vertex -17.4855 16.9247 15
    endloop
  endfacet
  facet normal -0 0 1
    outer loop
      vertex -18.4048 17.696 15
      vertex -17.4855 16.9247 15
      vertex -18.0659 18.0659 15
    endloop
  endfacet
  facet normal 0 0 1
    outer loop
      vertex -17.4855 16.9247 15
      vertex -18.4048 17.696 15
      vertex -17.7271 16.6098 15
    endloop
  endfacet
  facet normal -0 0 1
    outer loop
      vertex -18.7101 17.2981 15
      vertex -17.7271 16.6098 15
      vertex -18.4048 17.696 15
    endloop
  endfacet
  facet normal 0 0 1
    outer loop
      vertex -17.7271 16.6098 15
      vertex -18.7101 17.2981 15
      vertex -17.9404 16.275 15
    endloop
  endfacet
  facet normal -0 0 1
    outer loop
      vertex -18.9796 16.875 15
      vertex -17.9404 16.275 15
      vertex -18.7101 17.2981 15
    endloop
  endfacet
  facet normal 0 0 1
    outer loop
      vertex -17.9404 16.275 15
      vertex -18.9796 16.875 15
      vertex -18.1237 15.9229 15
    endloop
  endfacet
  facet normal -0 0 1
    outer loop
      vertex -19.2113 16.4301 15
      vertex -18.1237 15.9229 15
      vertex -18.9796 16.875 15
    endloop
  endfacet
  facet normal 0 0 1
    outer loop
      vertex -18.1237 15.9229 15
      vertex -19.2113 16.4301 15
      vertex -18.2756 15.5562 15
    endloop
  endfacet
  facet normal -0 0 1
    outer loop
      vertex -19.4032 15.9666 15
      vertex -18.2756 15.5562 15
      vertex -19.2113 16.4301 15
    endloop
  endfacet
  facet normal -0 0 1
    outer loop
      vertex -19.5541 15.4882 15
      vertex -18.395 15.1776 15
      vertex -19.4032 15.9666 15
    endloop
  endfacet
  facet normal 0 0 1
    outer loop
      vertex -18.2756 15.5562 15
      vertex -19.4032 15.9666 15
      vertex -18.395 15.1776 15
    endloop
  endfacet
  facet normal 0 0 1
    outer loop
      vertex 19.5541 -15.4882 15
      vertex 18.395 -15.1776 15
      vertex 19.4032 -15.9666 15
    endloop
  endfacet
  facet normal -0 0 1
    outer loop
      vertex 18.2756 -15.5562 15
      vertex 19.4032 -15.9666 15
      vertex 18.395 -15.1776 15
    endloop
  endfacet
  facet normal 0 0 1
    outer loop
      vertex 19.4032 -15.9666 15
      vertex 18.2756 -15.5562 15
      vertex 19.2113 -16.4301 15
    endloop
  endfacet
  facet normal -0 0 1
    outer loop
      vertex 18.1237 -15.9229 15
      vertex 19.2113 -16.4301 15
      vertex 18.2756 -15.5562 15
    endloop
  endfacet
  facet normal 0 0 1
    outer loop
      vertex 19.2113 -16.4301 15
      vertex 18.1237 -15.9229 15
      vertex 18.9796 -16.875 15
    endloop
  endfacet
  facet normal -0 0 1
    outer loop
      vertex 17.9404 -16.275 15
      vertex 18.9796 -16.875 15
      vertex 18.1237 -15.9229 15
    endloop
  endfacet
  facet normal 0 0 1
    outer loop
      vertex 18.9796 -16.875 15
      vertex 17.9404 -16.275 15
      vertex 18.7101 -17.2981 15
    endloop
  endfacet
  facet normal -0 0 1
    outer loop
      vertex 17.7271 -16.6098 15
      vertex 18.7101 -17.2981 15
      vertex 17.9404 -16.275 15
    endloop
  endfacet
  facet normal 0 0 1
    outer loop
      vertex 18.7101 -17.2981 15
      vertex 17.7271 -16.6098 15
      vertex 18.4048 -17.696 15
    endloop
  endfacet
  facet normal -0 0 1
    outer loop
      vertex 17.4855 -16.9247 15
      vertex 18.4048 -17.696 15
      vertex 17.7271 -16.6098 15
    endloop
  endfacet
  facet normal 0 0 1
    outer loop
      vertex 18.4048 -17.696 15
      vertex 17.4855 -16.9247 15
      vertex 18.0659 -18.0659 15
    endloop
  endfacet
  facet normal -0 0 1
    outer loop
      vertex 17.2173 -17.2173 15
      vertex 18.0659 -18.0659 15
      vertex 17.4855 -16.9247 15
    endloop
  endfacet
  facet normal 0 0 1
    outer loop
      vertex 18.0659 -18.0659 15
      vertex 17.2173 -17.2173 15
      vertex 17.696 -18.4048 15
    endloop
  endfacet
  facet normal -0 0 1
    outer loop
      vertex 16.9247 -17.4855 15
      vertex 17.696 -18.4048 15
      vertex 17.2173 -17.2173 15
    endloop
  endfacet
  facet normal 0 0 1
    outer loop
      vertex 17.696 -18.4048 15
      vertex 16.9247 -17.4855 15
      vertex 17.2981 -18.7101 15
    endloop
  endfacet
  facet normal -0 0 1
    outer loop
      vertex 16.6098 -17.7271 15
      vertex 17.2981 -18.7101 15
      vertex 16.9247 -17.4855 15
    endloop
  endfacet
  facet normal 0 0 1
    outer loop
      vertex 17.2981 -18.7101 15
      vertex 16.6098 -17.7271 15
      vertex 16.875 -18.9796 15
    endloop
  endfacet
  facet normal -0 0 1
    outer loop
      vertex 16.275 -17.9404 15
      vertex 16.875 -18.9796 15
      vertex 16.6098 -17.7271 15
    endloop
  endfacet
  facet normal 0 0 1
    outer loop
      vertex 16.875 -18.9796 15
      vertex 16.275 -17.9404 15
      vertex 16.4301 -19.2113 15
    endloop
  endfacet
  facet normal -0 0 1
    outer loop
      vertex 15.9229 -18.1237 15
      vertex 16.4301 -19.2113 15
      vertex 16.275 -17.9404 15
    endloop
  endfacet
  facet normal 0 0 1
    outer loop
      vertex 16.4301 -19.2113 15
      vertex 15.9229 -18.1237 15
      vertex 15.9666 -19.4032 15
    endloop
  endfacet
  facet normal -0 0 1
    outer loop
      vertex 15.5562 -18.2756 15
      vertex 15.9666 -19.4032 15
      vertex 15.9229 -18.1237 15
    endloop
  endfacet
  facet normal 0 0 1
    outer loop
      vertex 15.5562 -18.2756 15
      vertex 15.4882 -19.5541 15
      vertex 15.9666 -19.4032 15
    endloop
  endfacet
  facet normal -0 0 1
    outer loop
      vertex 15.1776 -18.395 15
      vertex 15.4882 -19.5541 15
      vertex 15.5562 -18.2756 15
    endloop
  endfacet
  facet normal 0 0 1
    outer loop
      vertex 15.1776 -18.395 15
      vertex 14.9985 -19.6626 15
      vertex 15.4882 -19.5541 15
    endloop
  endfacet
  facet normal -0 0 1
    outer loop
      vertex 14.7901 -18.4809 15
      vertex 14.9985 -19.6626 15
      vertex 15.1776 -18.395 15
    endloop
  endfacet
  facet normal 0 0 1
    outer loop
      vertex 14.7901 -18.4809 15
      vertex 14.5011 -19.7281 15
      vertex 14.9985 -19.6626 15
    endloop
  endfacet
  facet normal -0 0 1
    outer loop
      vertex 14.3966 -18.5327 15
      vertex 14.5011 -19.7281 15
      vertex 14.7901 -18.4809 15
    endloop
  endfacet
  facet normal -0 0 1
    outer loop
      vertex 14 -18.55 15
      vertex 14.5011 -19.7281 15
      vertex 14.3966 -18.5327 15
    endloop
  endfacet
  facet normal 0 0 1
    outer loop
      vertex 14 -18.55 15
      vertex 14 -19.75 15
      vertex 14.5011 -19.7281 15
    endloop
  endfacet
  facet normal -0 0 1
    outer loop
      vertex -14 -18.55 15
      vertex 14 -19.75 15
      vertex 14 -18.55 15
    endloop
  endfacet
  facet normal 0 0 1
    outer loop
      vertex -14 -18.55 15
      vertex -14 -19.75 15
      vertex 14 -19.75 15
    endloop
  endfacet
  facet normal 0 0 1
    outer loop
      vertex -14.3966 -18.5327 15
      vertex -14 -19.75 15
      vertex -14 -18.55 15
    endloop
  endfacet
  facet normal 0 0 1
    outer loop
      vertex -14.3966 -18.5327 15
      vertex -14.5011 -19.7281 15
      vertex -14 -19.75 15
    endloop
  endfacet
  facet normal 0 0 1
    outer loop
      vertex -14.7901 -18.4809 15
      vertex -14.5011 -19.7281 15
      vertex -14.3966 -18.5327 15
    endloop
  endfacet
  facet normal 0 0 1
    outer loop
      vertex -14.7901 -18.4809 15
      vertex -14.9985 -19.6626 15
      vertex -14.5011 -19.7281 15
    endloop
  endfacet
  facet normal 0 0 1
    outer loop
      vertex -15.1776 -18.395 15
      vertex -14.9985 -19.6626 15
      vertex -14.7901 -18.4809 15
    endloop
  endfacet
  facet normal 0 0 1
    outer loop
      vertex -15.1776 -18.395 15
      vertex -15.4882 -19.5541 15
      vertex -14.9985 -19.6626 15
    endloop
  endfacet
  facet normal 0 0 1
    outer loop
      vertex -15.5562 -18.2756 15
      vertex -15.4882 -19.5541 15
      vertex -15.1776 -18.395 15
    endloop
  endfacet
  facet normal 0 0 1
    outer loop
      vertex -15.9666 -19.4032 15
      vertex -15.5562 -18.2756 15
      vertex -15.9229 -18.1237 15
    endloop
  endfacet
  facet normal 0 0 1
    outer loop
      vertex -15.5562 -18.2756 15
      vertex -15.9666 -19.4032 15
      vertex -15.4882 -19.5541 15
    endloop
  endfacet
  facet normal 0 0 1
    outer loop
      vertex -16.4301 -19.2113 15
      vertex -15.9229 -18.1237 15
      vertex -16.275 -17.9404 15
    endloop
  endfacet
  facet normal 0 0 1
    outer loop
      vertex -15.9229 -18.1237 15
      vertex -16.4301 -19.2113 15
      vertex -15.9666 -19.4032 15
    endloop
  endfacet
  facet normal 0 0 1
    outer loop
      vertex -16.875 -18.9796 15
      vertex -16.275 -17.9404 15
      vertex -16.6098 -17.7271 15
    endloop
  endfacet
  facet normal 0 0 1
    outer loop
      vertex -16.275 -17.9404 15
      vertex -16.875 -18.9796 15
      vertex -16.4301 -19.2113 15
    endloop
  endfacet
  facet normal 0 0 1
    outer loop
      vertex -17.2981 -18.7101 15
      vertex -16.6098 -17.7271 15
      vertex -16.9247 -17.4855 15
    endloop
  endfacet
  facet normal 0 0 1
    outer loop
      vertex -17.696 -18.4048 15
      vertex -16.9247 -17.4855 15
      vertex -17.2173 -17.2173 15
    endloop
  endfacet
  facet normal 0 0 1
    outer loop
      vertex -16.6098 -17.7271 15
      vertex -17.2981 -18.7101 15
      vertex -16.875 -18.9796 15
    endloop
  endfacet
  facet normal 0 0 1
    outer loop
      vertex -18.0659 -18.0659 15
      vertex -17.2173 -17.2173 15
      vertex -17.4855 -16.9247 15
    endloop
  endfacet
  facet normal 0 0 1
    outer loop
      vertex -16.9247 -17.4855 15
      vertex -17.696 -18.4048 15
      vertex -17.2981 -18.7101 15
    endloop
  endfacet
  facet normal 0 0 1
    outer loop
      vertex -18.4048 -17.696 15
      vertex -17.4855 -16.9247 15
      vertex -17.7271 -16.6098 15
    endloop
  endfacet
  facet normal 0 0 1
    outer loop
      vertex -18.7101 -17.2981 15
      vertex -17.7271 -16.6098 15
      vertex -17.9404 -16.275 15
    endloop
  endfacet
  facet normal 0 0 1
    outer loop
      vertex -17.2173 -17.2173 15
      vertex -18.0659 -18.0659 15
      vertex -17.696 -18.4048 15
    endloop
  endfacet
  facet normal 0 0 1
    outer loop
      vertex -18.9796 -16.875 15
      vertex -17.9404 -16.275 15
      vertex -18.1237 -15.9229 15
    endloop
  endfacet
  facet normal 0 0 1
    outer loop
      vertex -19.2113 -16.4301 15
      vertex -18.1237 -15.9229 15
      vertex -18.2756 -15.5562 15
    endloop
  endfacet
  facet normal 0 0 1
    outer loop
      vertex -19.4032 -15.9666 15
      vertex -18.2756 -15.5562 15
      vertex -18.395 -15.1776 15
    endloop
  endfacet
  facet normal 0 0 1
    outer loop
      vertex -17.4855 -16.9247 15
      vertex -18.4048 -17.696 15
      vertex -18.0659 -18.0659 15
    endloop
  endfacet
  facet normal 0 0 1
    outer loop
      vertex -19.5541 -15.4882 15
      vertex -18.395 -15.1776 15
      vertex -18.4809 -14.7901 15
    endloop
  endfacet
  facet normal 0 0 1
    outer loop
      vertex -19.6626 -14.9985 15
      vertex -18.4809 -14.7901 15
      vertex -18.5327 -14.3966 15
    endloop
  endfacet
  facet normal 0 0 1
    outer loop
      vertex -19.7281 -14.5011 15
      vertex -18.5327 -14.3966 15
      vertex -18.55 -14 15
    endloop
  endfacet
  facet normal 0 0 1
    outer loop
      vertex -17.7271 -16.6098 15
      vertex -18.7101 -17.2981 15
      vertex -18.4048 -17.696 15
    endloop
  endfacet
  facet normal 0 0 1
    outer loop
      vertex -18.55 14 15
      vertex -19.75 14 15
      vertex -18.55 -14 15
    endloop
  endfacet
  facet normal 0 0 1
    outer loop
      vertex -18.395 15.1776 15
      vertex -19.5541 15.4882 15
      vertex -18.4809 14.7901 15
    endloop
  endfacet
  facet normal 0 0 1
    outer loop
      vertex -19.75 -14 15
      vertex -18.55 -14 15
      vertex -19.75 14 15
    endloop
  endfacet
  facet normal -0 0 1
    outer loop
      vertex -19.6626 14.9985 15
      vertex -18.4809 14.7901 15
      vertex -19.5541 15.4882 15
    endloop
  endfacet
  facet normal 0 -0 1
    outer loop
      vertex -19.7281 -14.5011 15
      vertex -18.55 -14 15
      vertex -19.75 -14 15
    endloop
  endfacet
  facet normal 0 0 1
    outer loop
      vertex -18.4809 14.7901 15
      vertex -19.6626 14.9985 15
      vertex -18.5327 14.3966 15
    endloop
  endfacet
  facet normal 0 0 1
    outer loop
      vertex -17.9404 -16.275 15
      vertex -18.9796 -16.875 15
      vertex -18.7101 -17.2981 15
    endloop
  endfacet
  facet normal -0 0 1
    outer loop
      vertex -19.7281 14.5011 15
      vertex -18.5327 14.3966 15
      vertex -19.6626 14.9985 15
    endloop
  endfacet
  facet normal 0 0 1
    outer loop
      vertex -18.1237 -15.9229 15
      vertex -19.2113 -16.4301 15
      vertex -18.9796 -16.875 15
    endloop
  endfacet
  facet normal 0 0 1
    outer loop
      vertex -18.5327 14.3966 15
      vertex -19.7281 14.5011 15
      vertex -18.55 14 15
    endloop
  endfacet
  facet normal 0 0 1
    outer loop
      vertex -18.2756 -15.5562 15
      vertex -19.4032 -15.9666 15
      vertex -19.2113 -16.4301 15
    endloop
  endfacet
  facet normal 0 0 1
    outer loop
      vertex -18.55 14 15
      vertex -19.7281 14.5011 15
      vertex -19.75 14 15
    endloop
  endfacet
  facet normal 0 0 1
    outer loop
      vertex -18.395 -15.1776 15
      vertex -19.5541 -15.4882 15
      vertex -19.4032 -15.9666 15
    endloop
  endfacet
  facet normal 0 0 1
    outer loop
      vertex -18.4809 -14.7901 15
      vertex -19.6626 -14.9985 15
      vertex -19.5541 -15.4882 15
    endloop
  endfacet
  facet normal 0 0 1
    outer loop
      vertex -18.5327 -14.3966 15
      vertex -19.7281 -14.5011 15
      vertex -19.6626 -14.9985 15
    endloop
  endfacet
  facet normal 0.130558 0.991441 -0
    outer loop
      vertex 14.9985 19.6626 12.01
      vertex 14.5011 19.7281 15
      vertex 14.9985 19.6626 15
    endloop
  endfacet
  facet normal 0.130558 0.991441 0
    outer loop
      vertex 14.5011 19.7281 15
      vertex 14.9985 19.6626 12.01
      vertex 14.5011 19.7281 12.01
    endloop
  endfacet
  facet normal 0.216318 0.976323 -0
    outer loop
      vertex 15.4882 19.5541 12.01
      vertex 14.9985 19.6626 15
      vertex 15.4882 19.5541 15
    endloop
  endfacet
  facet normal 0.216318 0.976323 0
    outer loop
      vertex 14.9985 19.6626 15
      vertex 15.4882 19.5541 12.01
      vertex 14.9985 19.6626 12.01
    endloop
  endfacet
  facet normal 0.300817 0.953682 -0
    outer loop
      vertex 15.9666 19.4032 12.01
      vertex 15.4882 19.5541 15
      vertex 15.9666 19.4032 15
    endloop
  endfacet
  facet normal 0.300817 0.953682 0
    outer loop
      vertex 15.4882 19.5541 15
      vertex 15.9666 19.4032 12.01
      vertex 15.4882 19.5541 12.01
    endloop
  endfacet
  facet normal 0.382534 0.923942 -0
    outer loop
      vertex 16.4301 19.2113 12.01
      vertex 15.9666 19.4032 15
      vertex 16.4301 19.2113 15
    endloop
  endfacet
  facet normal 0.382534 0.923942 0
    outer loop
      vertex 15.9666 19.4032 15
      vertex 16.4301 19.2113 12.01
      vertex 15.9666 19.4032 12.01
    endloop
  endfacet
  facet normal 0.461905 0.886929 -0
    outer loop
      vertex 16.875 18.9796 12.01
      vertex 16.4301 19.2113 15
      vertex 16.875 18.9796 15
    endloop
  endfacet
  facet normal 0.461905 0.886929 0
    outer loop
      vertex 16.4301 19.2113 15
      vertex 16.875 18.9796 12.01
      vertex 16.4301 19.2113 12.01
    endloop
  endfacet
  facet normal 0.537237 0.843432 -0
    outer loop
      vertex 17.2981 18.7101 12.01
      vertex 16.875 18.9796 15
      vertex 17.2981 18.7101 15
    endloop
  endfacet
  facet normal 0.537237 0.843432 0
    outer loop
      vertex 16.875 18.9796 15
      vertex 17.2981 18.7101 12.01
      vertex 16.875 18.9796 12.01
    endloop
  endfacet
  facet normal 0.608737 0.793372 -0
    outer loop
      vertex 17.696 18.4048 12.01
      vertex 17.2981 18.7101 15
      vertex 17.696 18.4048 15
    endloop
  endfacet
  facet normal 0.608737 0.793372 0
    outer loop
      vertex 17.2981 18.7101 15
      vertex 17.696 18.4048 12.01
      vertex 17.2981 18.7101 12.01
    endloop
  endfacet
  facet normal 0.675535 0.737328 -0
    outer loop
      vertex 18.0659 18.0659 12.01
      vertex 17.696 18.4048 15
      vertex 18.0659 18.0659 15
    endloop
  endfacet
  facet normal 0.675535 0.737328 0
    outer loop
      vertex 17.696 18.4048 15
      vertex 18.0659 18.0659 12.01
      vertex 17.696 18.4048 12.01
    endloop
  endfacet
  facet normal 0.737328 0.675535 0
    outer loop
      vertex 18.4048 17.696 15
      vertex 18.0659 18.0659 12.01
      vertex 18.0659 18.0659 15
    endloop
  endfacet
  facet normal 0.737328 0.675535 0
    outer loop
      vertex 18.0659 18.0659 12.01
      vertex 18.4048 17.696 15
      vertex 18.4048 17.696 12.01
    endloop
  endfacet
  facet normal 0.793372 0.608737 0
    outer loop
      vertex 18.7101 17.2981 15
      vertex 18.4048 17.696 12.01
      vertex 18.4048 17.696 15
    endloop
  endfacet
  facet normal 0.793372 0.608737 0
    outer loop
      vertex 18.4048 17.696 12.01
      vertex 18.7101 17.2981 15
      vertex 18.7101 17.2981 12.01
    endloop
  endfacet
  facet normal 0.843432 0.537237 0
    outer loop
      vertex 18.9796 16.875 15
      vertex 18.7101 17.2981 12.01
      vertex 18.7101 17.2981 15
    endloop
  endfacet
  facet normal 0.843432 0.537237 0
    outer loop
      vertex 18.7101 17.2981 12.01
      vertex 18.9796 16.875 15
      vertex 18.9796 16.875 12.01
    endloop
  endfacet
  facet normal 0.886929 0.461905 0
    outer loop
      vertex 19.2113 16.4301 15
      vertex 18.9796 16.875 12.01
      vertex 18.9796 16.875 15
    endloop
  endfacet
  facet normal 0.886929 0.461905 0
    outer loop
      vertex 18.9796 16.875 12.01
      vertex 19.2113 16.4301 15
      vertex 19.2113 16.4301 12.01
    endloop
  endfacet
  facet normal 0.923942 0.382534 0
    outer loop
      vertex 19.4032 15.9666 15
      vertex 19.2113 16.4301 12.01
      vertex 19.2113 16.4301 15
    endloop
  endfacet
  facet normal 0.923942 0.382534 0
    outer loop
      vertex 19.2113 16.4301 12.01
      vertex 19.4032 15.9666 15
      vertex 19.4032 15.9666 12.01
    endloop
  endfacet
  facet normal 0.953682 0.300817 0
    outer loop
      vertex 19.5541 15.4882 15
      vertex 19.4032 15.9666 12.01
      vertex 19.4032 15.9666 15
    endloop
  endfacet
  facet normal 0.953682 0.300817 0
    outer loop
      vertex 19.4032 15.9666 12.01
      vertex 19.5541 15.4882 15
      vertex 19.5541 15.4882 12.01
    endloop
  endfacet
  facet normal 0.976323 0.216318 0
    outer loop
      vertex 19.6626 14.9985 15
      vertex 19.5541 15.4882 12.01
      vertex 19.5541 15.4882 15
    endloop
  endfacet
  facet normal 0.976323 0.216318 0
    outer loop
      vertex 19.5541 15.4882 12.01
      vertex 19.6626 14.9985 15
      vertex 19.6626 14.9985 12.01
    endloop
  endfacet
  facet normal 0.991441 0.130558 0
    outer loop
      vertex 19.7281 14.5011 15
      vertex 19.6626 14.9985 12.01
      vertex 19.6626 14.9985 15
    endloop
  endfacet
  facet normal 0.991441 0.130558 0
    outer loop
      vertex 19.6626 14.9985 12.01
      vertex 19.7281 14.5011 15
      vertex 19.7281 14.5011 12.01
    endloop
  endfacet
  facet normal 0.999046 0.0436622 0
    outer loop
      vertex 19.75 14 15
      vertex 19.7281 14.5011 12.01
      vertex 19.7281 14.5011 15
    endloop
  endfacet
  facet normal 0.999046 0.0436622 0
    outer loop
      vertex 19.7281 14.5011 12.01
      vertex 19.75 14 15
      vertex 19.75 14 12.01
    endloop
  endfacet
  facet normal 1 0 0
    outer loop
      vertex 19.75 14 15
      vertex 19.75 8.75 14.4
      vertex 19.75 14 12.01
    endloop
  endfacet
  facet normal 1 0 0
    outer loop
      vertex 19.75 14 15
      vertex 19.75 7.25 14.4
      vertex 19.75 8.75 14.4
    endloop
  endfacet
  facet normal 1 0 0
    outer loop
      vertex 19.75 7.25 14.4
      vertex 19.75 -7.25 14.4
      vertex 19.75 7.25 12.01
    endloop
  endfacet
  facet normal 1 0 0
    outer loop
      vertex 19.75 14 15
      vertex 19.75 -7.25 14.4
      vertex 19.75 7.25 14.4
    endloop
  endfacet
  facet normal 1 -0 0
    outer loop
      vertex 19.75 -14 15
      vertex 19.75 -7.25 14.4
      vertex 19.75 14 15
    endloop
  endfacet
  facet normal 1 0 0
    outer loop
      vertex 19.75 -7.25 14.4
      vertex 19.75 -14 15
      vertex 19.75 -8.75 14.4
    endloop
  endfacet
  facet normal 1 0 0
    outer loop
      vertex 19.75 -14 12.01
      vertex 19.75 -8.75 14.4
      vertex 19.75 -14 15
    endloop
  endfacet
  facet normal 1 0 0
    outer loop
      vertex 19.75 -8.75 14.4
      vertex 19.75 -14 12.01
      vertex 19.75 -8.75 12.01
    endloop
  endfacet
  facet normal 1 0 0
    outer loop
      vertex 19.75 14 12.01
      vertex 19.75 8.75 14.4
      vertex 19.75 8.75 12.01
    endloop
  endfacet
  facet normal 1 0 0
    outer loop
      vertex 19.75 7.25 12.01
      vertex 19.75 -7.25 14.4
      vertex 19.75 -7.25 12.01
    endloop
  endfacet
  facet normal 0.999046 -0.0436622 0
    outer loop
      vertex 19.7281 -14.5011 15
      vertex 19.75 -14 12.01
      vertex 19.75 -14 15
    endloop
  endfacet
  facet normal 0.999046 -0.0436622 0
    outer loop
      vertex 19.75 -14 12.01
      vertex 19.7281 -14.5011 15
      vertex 19.7281 -14.5011 12.01
    endloop
  endfacet
  facet normal 0.991441 -0.130558 0
    outer loop
      vertex 19.6626 -14.9985 15
      vertex 19.7281 -14.5011 12.01
      vertex 19.7281 -14.5011 15
    endloop
  endfacet
  facet normal 0.991441 -0.130558 0
    outer loop
      vertex 19.7281 -14.5011 12.01
      vertex 19.6626 -14.9985 15
      vertex 19.6626 -14.9985 12.01
    endloop
  endfacet
  facet normal 0.976323 -0.216318 0
    outer loop
      vertex 19.5541 -15.4882 15
      vertex 19.6626 -14.9985 12.01
      vertex 19.6626 -14.9985 15
    endloop
  endfacet
  facet normal 0.976323 -0.216318 0
    outer loop
      vertex 19.6626 -14.9985 12.01
      vertex 19.5541 -15.4882 15
      vertex 19.5541 -15.4882 12.01
    endloop
  endfacet
  facet normal 0.953682 -0.300817 0
    outer loop
      vertex 19.4032 -15.9666 15
      vertex 19.5541 -15.4882 12.01
      vertex 19.5541 -15.4882 15
    endloop
  endfacet
  facet normal 0.953682 -0.300817 0
    outer loop
      vertex 19.5541 -15.4882 12.01
      vertex 19.4032 -15.9666 15
      vertex 19.4032 -15.9666 12.01
    endloop
  endfacet
  facet normal 0.923942 -0.382534 0
    outer loop
      vertex 19.2113 -16.4301 15
      vertex 19.4032 -15.9666 12.01
      vertex 19.4032 -15.9666 15
    endloop
  endfacet
  facet normal 0.923942 -0.382534 0
    outer loop
      vertex 19.4032 -15.9666 12.01
      vertex 19.2113 -16.4301 15
      vertex 19.2113 -16.4301 12.01
    endloop
  endfacet
  facet normal 0.886929 -0.461905 0
    outer loop
      vertex 18.9796 -16.875 15
      vertex 19.2113 -16.4301 12.01
      vertex 19.2113 -16.4301 15
    endloop
  endfacet
  facet normal 0.886929 -0.461905 0
    outer loop
      vertex 19.2113 -16.4301 12.01
      vertex 18.9796 -16.875 15
      vertex 18.9796 -16.875 12.01
    endloop
  endfacet
  facet normal 0.843432 -0.537237 0
    outer loop
      vertex 18.7101 -17.2981 15
      vertex 18.9796 -16.875 12.01
      vertex 18.9796 -16.875 15
    endloop
  endfacet
  facet normal 0.843432 -0.537237 0
    outer loop
      vertex 18.9796 -16.875 12.01
      vertex 18.7101 -17.2981 15
      vertex 18.7101 -17.2981 12.01
    endloop
  endfacet
  facet normal 0.793372 -0.608737 0
    outer loop
      vertex 18.4048 -17.696 15
      vertex 18.7101 -17.2981 12.01
      vertex 18.7101 -17.2981 15
    endloop
  endfacet
  facet normal 0.793372 -0.608737 0
    outer loop
      vertex 18.7101 -17.2981 12.01
      vertex 18.4048 -17.696 15
      vertex 18.4048 -17.696 12.01
    endloop
  endfacet
  facet normal 0.737328 -0.675535 0
    outer loop
      vertex 18.0659 -18.0659 15
      vertex 18.4048 -17.696 12.01
      vertex 18.4048 -17.696 15
    endloop
  endfacet
  facet normal 0.737328 -0.675535 0
    outer loop
      vertex 18.4048 -17.696 12.01
      vertex 18.0659 -18.0659 15
      vertex 18.0659 -18.0659 12.01
    endloop
  endfacet
  facet normal 0.675535 -0.737328 0
    outer loop
      vertex 17.696 -18.4048 12.01
      vertex 18.0659 -18.0659 15
      vertex 17.696 -18.4048 15
    endloop
  endfacet
  facet normal 0.675535 -0.737328 0
    outer loop
      vertex 18.0659 -18.0659 15
      vertex 17.696 -18.4048 12.01
      vertex 18.0659 -18.0659 12.01
    endloop
  endfacet
  facet normal 0.608737 -0.793372 0
    outer loop
      vertex 17.2981 -18.7101 12.01
      vertex 17.696 -18.4048 15
      vertex 17.2981 -18.7101 15
    endloop
  endfacet
  facet normal 0.608737 -0.793372 0
    outer loop
      vertex 17.696 -18.4048 15
      vertex 17.2981 -18.7101 12.01
      vertex 17.696 -18.4048 12.01
    endloop
  endfacet
  facet normal 0.537237 -0.843432 0
    outer loop
      vertex 16.875 -18.9796 12.01
      vertex 17.2981 -18.7101 15
      vertex 16.875 -18.9796 15
    endloop
  endfacet
  facet normal 0.537237 -0.843432 0
    outer loop
      vertex 17.2981 -18.7101 15
      vertex 16.875 -18.9796 12.01
      vertex 17.2981 -18.7101 12.01
    endloop
  endfacet
  facet normal 0.461905 -0.886929 0
    outer loop
      vertex 16.4301 -19.2113 12.01
      vertex 16.875 -18.9796 15
      vertex 16.4301 -19.2113 15
    endloop
  endfacet
  facet normal 0.461905 -0.886929 0
    outer loop
      vertex 16.875 -18.9796 15
      vertex 16.4301 -19.2113 12.01
      vertex 16.875 -18.9796 12.01
    endloop
  endfacet
  facet normal 0.382534 -0.923942 0
    outer loop
      vertex 15.9666 -19.4032 12.01
      vertex 16.4301 -19.2113 15
      vertex 15.9666 -19.4032 15
    endloop
  endfacet
  facet normal 0.382534 -0.923942 0
    outer loop
      vertex 16.4301 -19.2113 15
      vertex 15.9666 -19.4032 12.01
      vertex 16.4301 -19.2113 12.01
    endloop
  endfacet
  facet normal 0.300817 -0.953682 0
    outer loop
      vertex 15.4882 -19.5541 12.01
      vertex 15.9666 -19.4032 15
      vertex 15.4882 -19.5541 15
    endloop
  endfacet
  facet normal 0.300817 -0.953682 0
    outer loop
      vertex 15.9666 -19.4032 15
      vertex 15.4882 -19.5541 12.01
      vertex 15.9666 -19.4032 12.01
    endloop
  endfacet
  facet normal 0.216318 -0.976323 0
    outer loop
      vertex 14.9985 -19.6626 12.01
      vertex 15.4882 -19.5541 15
      vertex 14.9985 -19.6626 15
    endloop
  endfacet
  facet normal 0.216318 -0.976323 0
    outer loop
      vertex 15.4882 -19.5541 15
      vertex 14.9985 -19.6626 12.01
      vertex 15.4882 -19.5541 12.01
    endloop
  endfacet
  facet normal 0.130558 -0.991441 0
    outer loop
      vertex 14.5011 -19.7281 12.01
      vertex 14.9985 -19.6626 15
      vertex 14.5011 -19.7281 15
    endloop
  endfacet
  facet normal 0.130558 -0.991441 0
    outer loop
      vertex 14.9985 -19.6626 15
      vertex 14.5011 -19.7281 12.01
      vertex 14.9985 -19.6626 12.01
    endloop
  endfacet
  facet normal 0.0436622 -0.999046 0
    outer loop
      vertex 14 -19.75 12.01
      vertex 14.5011 -19.7281 15
      vertex 14 -19.75 15
    endloop
  endfacet
  facet normal 0.0436622 -0.999046 0
    outer loop
      vertex 14.5011 -19.7281 15
      vertex 14 -19.75 12.01
      vertex 14.5011 -19.7281 12.01
    endloop
  endfacet
  facet normal 0 -1 0
    outer loop
      vertex -7.25 -19.75 12.01
      vertex 7.25 -19.75 14.4
      vertex -7.25 -19.75 14.4
    endloop
  endfacet
  facet normal 0 -1 -0
    outer loop
      vertex 7.25 -19.75 14.4
      vertex -7.25 -19.75 12.01
      vertex 7.25 -19.75 12.01
    endloop
  endfacet
  facet normal 0 -1 0
    outer loop
      vertex -7.25 -19.75 14.4
      vertex -14 -19.75 15
      vertex -8.75 -19.75 14.4
    endloop
  endfacet
  facet normal 0 -1 0
    outer loop
      vertex -14 -19.75 12.01
      vertex -8.75 -19.75 14.4
      vertex -14 -19.75 15
    endloop
  endfacet
  facet normal 0 -1 -0
    outer loop
      vertex -8.75 -19.75 14.4
      vertex -14 -19.75 12.01
      vertex -8.75 -19.75 12.01
    endloop
  endfacet
  facet normal 0 -1 0
    outer loop
      vertex -14 -19.75 15
      vertex -7.25 -19.75 14.4
      vertex 14 -19.75 15
    endloop
  endfacet
  facet normal 0 -1 0
    outer loop
      vertex 7.25 -19.75 14.4
      vertex 14 -19.75 15
      vertex -7.25 -19.75 14.4
    endloop
  endfacet
  facet normal 0 -1 0
    outer loop
      vertex 8.75 -19.75 14.4
      vertex 14 -19.75 15
      vertex 7.25 -19.75 14.4
    endloop
  endfacet
  facet normal 0 -1 0
    outer loop
      vertex 14 -19.75 12.01
      vertex 8.75 -19.75 14.4
      vertex 8.75 -19.75 12.01
    endloop
  endfacet
  facet normal 0 -1 0
    outer loop
      vertex 8.75 -19.75 14.4
      vertex 14 -19.75 12.01
      vertex 14 -19.75 15
    endloop
  endfacet
  facet normal -0.0436622 -0.999046 0
    outer loop
      vertex -14.5011 -19.7281 12.01
      vertex -14 -19.75 15
      vertex -14.5011 -19.7281 15
    endloop
  endfacet
  facet normal -0.0436622 -0.999046 -0
    outer loop
      vertex -14 -19.75 15
      vertex -14.5011 -19.7281 12.01
      vertex -14 -19.75 12.01
    endloop
  endfacet
  facet normal -0.130558 -0.991441 0
    outer loop
      vertex -14.9985 -19.6626 12.01
      vertex -14.5011 -19.7281 15
      vertex -14.9985 -19.6626 15
    endloop
  endfacet
  facet normal -0.130558 -0.991441 -0
    outer loop
      vertex -14.5011 -19.7281 15
      vertex -14.9985 -19.6626 12.01
      vertex -14.5011 -19.7281 12.01
    endloop
  endfacet
  facet normal -0.216318 -0.976323 0
    outer loop
      vertex -15.4882 -19.5541 12.01
      vertex -14.9985 -19.6626 15
      vertex -15.4882 -19.5541 15
    endloop
  endfacet
  facet normal -0.216318 -0.976323 -0
    outer loop
      vertex -14.9985 -19.6626 15
      vertex -15.4882 -19.5541 12.01
      vertex -14.9985 -19.6626 12.01
    endloop
  endfacet
  facet normal -0.300817 -0.953682 0
    outer loop
      vertex -15.9666 -19.4032 12.01
      vertex -15.4882 -19.5541 15
      vertex -15.9666 -19.4032 15
    endloop
  endfacet
  facet normal -0.300817 -0.953682 -0
    outer loop
      vertex -15.4882 -19.5541 15
      vertex -15.9666 -19.4032 12.01
      vertex -15.4882 -19.5541 12.01
    endloop
  endfacet
  facet normal -0.382534 -0.923942 0
    outer loop
      vertex -16.4301 -19.2113 12.01
      vertex -15.9666 -19.4032 15
      vertex -16.4301 -19.2113 15
    endloop
  endfacet
  facet normal -0.382534 -0.923942 -0
    outer loop
      vertex -15.9666 -19.4032 15
      vertex -16.4301 -19.2113 12.01
      vertex -15.9666 -19.4032 12.01
    endloop
  endfacet
  facet normal -0.461905 -0.886929 0
    outer loop
      vertex -16.875 -18.9796 12.01
      vertex -16.4301 -19.2113 15
      vertex -16.875 -18.9796 15
    endloop
  endfacet
  facet normal -0.461905 -0.886929 -0
    outer loop
      vertex -16.4301 -19.2113 15
      vertex -16.875 -18.9796 12.01
      vertex -16.4301 -19.2113 12.01
    endloop
  endfacet
  facet normal -0.537237 -0.843432 0
    outer loop
      vertex -17.2981 -18.7101 12.01
      vertex -16.875 -18.9796 15
      vertex -17.2981 -18.7101 15
    endloop
  endfacet
  facet normal -0.537237 -0.843432 -0
    outer loop
      vertex -16.875 -18.9796 15
      vertex -17.2981 -18.7101 12.01
      vertex -16.875 -18.9796 12.01
    endloop
  endfacet
  facet normal -0.608737 -0.793372 0
    outer loop
      vertex -17.696 -18.4048 12.01
      vertex -17.2981 -18.7101 15
      vertex -17.696 -18.4048 15
    endloop
  endfacet
  facet normal -0.608737 -0.793372 -0
    outer loop
      vertex -17.2981 -18.7101 15
      vertex -17.696 -18.4048 12.01
      vertex -17.2981 -18.7101 12.01
    endloop
  endfacet
  facet normal -0.675535 -0.737328 0
    outer loop
      vertex -18.0659 -18.0659 12.01
      vertex -17.696 -18.4048 15
      vertex -18.0659 -18.0659 15
    endloop
  endfacet
  facet normal -0.675535 -0.737328 -0
    outer loop
      vertex -17.696 -18.4048 15
      vertex -18.0659 -18.0659 12.01
      vertex -17.696 -18.4048 12.01
    endloop
  endfacet
  facet normal -0.737328 -0.675535 0
    outer loop
      vertex -18.0659 -18.0659 12.01
      vertex -18.4048 -17.696 15
      vertex -18.4048 -17.696 12.01
    endloop
  endfacet
  facet normal -0.737328 -0.675535 0
    outer loop
      vertex -18.4048 -17.696 15
      vertex -18.0659 -18.0659 12.01
      vertex -18.0659 -18.0659 15
    endloop
  endfacet
  facet normal -0.793372 -0.608737 0
    outer loop
      vertex -18.4048 -17.696 12.01
      vertex -18.7101 -17.2981 15
      vertex -18.7101 -17.2981 12.01
    endloop
  endfacet
  facet normal -0.793372 -0.608737 0
    outer loop
      vertex -18.7101 -17.2981 15
      vertex -18.4048 -17.696 12.01
      vertex -18.4048 -17.696 15
    endloop
  endfacet
  facet normal -0.843432 -0.537237 0
    outer loop
      vertex -18.7101 -17.2981 12.01
      vertex -18.9796 -16.875 15
      vertex -18.9796 -16.875 12.01
    endloop
  endfacet
  facet normal -0.843432 -0.537237 0
    outer loop
      vertex -18.9796 -16.875 15
      vertex -18.7101 -17.2981 12.01
      vertex -18.7101 -17.2981 15
    endloop
  endfacet
  facet normal -0.886929 -0.461905 0
    outer loop
      vertex -18.9796 -16.875 12.01
      vertex -19.2113 -16.4301 15
      vertex -19.2113 -16.4301 12.01
    endloop
  endfacet
  facet normal -0.886929 -0.461905 0
    outer loop
      vertex -19.2113 -16.4301 15
      vertex -18.9796 -16.875 12.01
      vertex -18.9796 -16.875 15
    endloop
  endfacet
  facet normal -0.923942 -0.382534 0
    outer loop
      vertex -19.2113 -16.4301 12.01
      vertex -19.4032 -15.9666 15
      vertex -19.4032 -15.9666 12.01
    endloop
  endfacet
  facet normal -0.923942 -0.382534 0
    outer loop
      vertex -19.4032 -15.9666 15
      vertex -19.2113 -16.4301 12.01
      vertex -19.2113 -16.4301 15
    endloop
  endfacet
  facet normal -0.953682 -0.300817 0
    outer loop
      vertex -19.4032 -15.9666 12.01
      vertex -19.5541 -15.4882 15
      vertex -19.5541 -15.4882 12.01
    endloop
  endfacet
  facet normal -0.953682 -0.300817 0
    outer loop
      vertex -19.5541 -15.4882 15
      vertex -19.4032 -15.9666 12.01
      vertex -19.4032 -15.9666 15
    endloop
  endfacet
  facet normal -0.976323 -0.216318 0
    outer loop
      vertex -19.5541 -15.4882 12.01
      vertex -19.6626 -14.9985 15
      vertex -19.6626 -14.9985 12.01
    endloop
  endfacet
  facet normal -0.976323 -0.216318 0
    outer loop
      vertex -19.6626 -14.9985 15
      vertex -19.5541 -15.4882 12.01
      vertex -19.5541 -15.4882 15
    endloop
  endfacet
  facet normal -0.991441 -0.130558 0
    outer loop
      vertex -19.6626 -14.9985 12.01
      vertex -19.7281 -14.5011 15
      vertex -19.7281 -14.5011 12.01
    endloop
  endfacet
  facet normal -0.991441 -0.130558 0
    outer loop
      vertex -19.7281 -14.5011 15
      vertex -19.6626 -14.9985 12.01
      vertex -19.6626 -14.9985 15
    endloop
  endfacet
  facet normal -0.999046 -0.0436622 0
    outer loop
      vertex -19.7281 -14.5011 12.01
      vertex -19.75 -14 15
      vertex -19.75 -14 12.01
    endloop
  endfacet
  facet normal -0.999046 -0.0436622 0
    outer loop
      vertex -19.75 -14 15
      vertex -19.7281 -14.5011 12.01
      vertex -19.7281 -14.5011 15
    endloop
  endfacet
  facet normal -1 0 0
    outer loop
      vertex -19.75 -8.75 12.01
      vertex -19.75 -14 12.01
      vertex -19.75 -8.75 14.4
    endloop
  endfacet
  facet normal -1 0 0
    outer loop
      vertex -19.75 7.25 12.01
      vertex -19.75 -7.25 12.01
      vertex -19.75 7.25 14.4
    endloop
  endfacet
  facet normal -1 0 0
    outer loop
      vertex -19.75 8.75 14.4
      vertex -19.75 14 12.01
      vertex -19.75 8.75 12.01
    endloop
  endfacet
  facet normal -1 0 0
    outer loop
      vertex -19.75 14 12.01
      vertex -19.75 8.75 14.4
      vertex -19.75 14 15
    endloop
  endfacet
  facet normal -1 0 0
    outer loop
      vertex -19.75 7.25 14.4
      vertex -19.75 14 15
      vertex -19.75 8.75 14.4
    endloop
  endfacet
  facet normal -1 0 0
    outer loop
      vertex -19.75 -7.25 14.4
      vertex -19.75 7.25 14.4
      vertex -19.75 -7.25 12.01
    endloop
  endfacet
  facet normal -1 0 0
    outer loop
      vertex -19.75 -7.25 14.4
      vertex -19.75 14 15
      vertex -19.75 7.25 14.4
    endloop
  endfacet
  facet normal -1 0 0
    outer loop
      vertex -19.75 -14 15
      vertex -19.75 -7.25 14.4
      vertex -19.75 -8.75 14.4
    endloop
  endfacet
  facet normal -1 0 0
    outer loop
      vertex -19.75 -7.25 14.4
      vertex -19.75 -14 15
      vertex -19.75 14 15
    endloop
  endfacet
  facet normal -1 0 0
    outer loop
      vertex -19.75 -14 15
      vertex -19.75 -8.75 14.4
      vertex -19.75 -14 12.01
    endloop
  endfacet
  facet normal -0.999046 0.0436622 0
    outer loop
      vertex -19.75 14 12.01
      vertex -19.7281 14.5011 15
      vertex -19.7281 14.5011 12.01
    endloop
  endfacet
  facet normal -0.999046 0.0436622 0
    outer loop
      vertex -19.7281 14.5011 15
      vertex -19.75 14 12.01
      vertex -19.75 14 15
    endloop
  endfacet
  facet normal -0.991441 0.130558 0
    outer loop
      vertex -19.7281 14.5011 12.01
      vertex -19.6626 14.9985 15
      vertex -19.6626 14.9985 12.01
    endloop
  endfacet
  facet normal -0.991441 0.130558 0
    outer loop
      vertex -19.6626 14.9985 15
      vertex -19.7281 14.5011 12.01
      vertex -19.7281 14.5011 15
    endloop
  endfacet
  facet normal -0.976323 0.216318 0
    outer loop
      vertex -19.6626 14.9985 12.01
      vertex -19.5541 15.4882 15
      vertex -19.5541 15.4882 12.01
    endloop
  endfacet
  facet normal -0.976323 0.216318 0
    outer loop
      vertex -19.5541 15.4882 15
      vertex -19.6626 14.9985 12.01
      vertex -19.6626 14.9985 15
    endloop
  endfacet
  facet normal -0.953682 0.300817 0
    outer loop
      vertex -19.5541 15.4882 12.01
      vertex -19.4032 15.9666 15
      vertex -19.4032 15.9666 12.01
    endloop
  endfacet
  facet normal -0.953682 0.300817 0
    outer loop
      vertex -19.4032 15.9666 15
      vertex -19.5541 15.4882 12.01
      vertex -19.5541 15.4882 15
    endloop
  endfacet
  facet normal -0.923942 0.382534 0
    outer loop
      vertex -19.4032 15.9666 12.01
      vertex -19.2113 16.4301 15
      vertex -19.2113 16.4301 12.01
    endloop
  endfacet
  facet normal -0.923942 0.382534 0
    outer loop
      vertex -19.2113 16.4301 15
      vertex -19.4032 15.9666 12.01
      vertex -19.4032 15.9666 15
    endloop
  endfacet
  facet normal -0.886929 0.461905 0
    outer loop
      vertex -19.2113 16.4301 12.01
      vertex -18.9796 16.875 15
      vertex -18.9796 16.875 12.01
    endloop
  endfacet
  facet normal -0.886929 0.461905 0
    outer loop
      vertex -18.9796 16.875 15
      vertex -19.2113 16.4301 12.01
      vertex -19.2113 16.4301 15
    endloop
  endfacet
  facet normal -0.843432 0.537237 0
    outer loop
      vertex -18.9796 16.875 12.01
      vertex -18.7101 17.2981 15
      vertex -18.7101 17.2981 12.01
    endloop
  endfacet
  facet normal -0.843432 0.537237 0
    outer loop
      vertex -18.7101 17.2981 15
      vertex -18.9796 16.875 12.01
      vertex -18.9796 16.875 15
    endloop
  endfacet
  facet normal -0.793372 0.608737 0
    outer loop
      vertex -18.7101 17.2981 12.01
      vertex -18.4048 17.696 15
      vertex -18.4048 17.696 12.01
    endloop
  endfacet
  facet normal -0.793372 0.608737 0
    outer loop
      vertex -18.4048 17.696 15
      vertex -18.7101 17.2981 12.01
      vertex -18.7101 17.2981 15
    endloop
  endfacet
  facet normal -0.737328 0.675535 0
    outer loop
      vertex -18.4048 17.696 12.01
      vertex -18.0659 18.0659 15
      vertex -18.0659 18.0659 12.01
    endloop
  endfacet
  facet normal -0.737328 0.675535 0
    outer loop
      vertex -18.0659 18.0659 15
      vertex -18.4048 17.696 12.01
      vertex -18.4048 17.696 15
    endloop
  endfacet
  facet normal -0.675535 0.737328 0
    outer loop
      vertex -17.696 18.4048 12.01
      vertex -18.0659 18.0659 15
      vertex -17.696 18.4048 15
    endloop
  endfacet
  facet normal -0.675535 0.737328 0
    outer loop
      vertex -18.0659 18.0659 15
      vertex -17.696 18.4048 12.01
      vertex -18.0659 18.0659 12.01
    endloop
  endfacet
  facet normal -0.608737 0.793372 0
    outer loop
      vertex -17.2981 18.7101 12.01
      vertex -17.696 18.4048 15
      vertex -17.2981 18.7101 15
    endloop
  endfacet
  facet normal -0.608737 0.793372 0
    outer loop
      vertex -17.696 18.4048 15
      vertex -17.2981 18.7101 12.01
      vertex -17.696 18.4048 12.01
    endloop
  endfacet
  facet normal -0.537237 0.843432 0
    outer loop
      vertex -16.875 18.9796 12.01
      vertex -17.2981 18.7101 15
      vertex -16.875 18.9796 15
    endloop
  endfacet
  facet normal -0.537237 0.843432 0
    outer loop
      vertex -17.2981 18.7101 15
      vertex -16.875 18.9796 12.01
      vertex -17.2981 18.7101 12.01
    endloop
  endfacet
  facet normal -0.461905 0.886929 0
    outer loop
      vertex -16.4301 19.2113 12.01
      vertex -16.875 18.9796 15
      vertex -16.4301 19.2113 15
    endloop
  endfacet
  facet normal -0.461905 0.886929 0
    outer loop
      vertex -16.875 18.9796 15
      vertex -16.4301 19.2113 12.01
      vertex -16.875 18.9796 12.01
    endloop
  endfacet
  facet normal -0.382534 0.923942 0
    outer loop
      vertex -15.9666 19.4032 12.01
      vertex -16.4301 19.2113 15
      vertex -15.9666 19.4032 15
    endloop
  endfacet
  facet normal -0.382534 0.923942 0
    outer loop
      vertex -16.4301 19.2113 15
      vertex -15.9666 19.4032 12.01
      vertex -16.4301 19.2113 12.01
    endloop
  endfacet
  facet normal -0.300817 0.953682 0
    outer loop
      vertex -15.4882 19.5541 12.01
      vertex -15.9666 19.4032 15
      vertex -15.4882 19.5541 15
    endloop
  endfacet
  facet normal -0.300817 0.953682 0
    outer loop
      vertex -15.9666 19.4032 15
      vertex -15.4882 19.5541 12.01
      vertex -15.9666 19.4032 12.01
    endloop
  endfacet
  facet normal -0.216318 0.976323 0
    outer loop
      vertex -14.9985 19.6626 12.01
      vertex -15.4882 19.5541 15
      vertex -14.9985 19.6626 15
    endloop
  endfacet
  facet normal -0.216318 0.976323 0
    outer loop
      vertex -15.4882 19.5541 15
      vertex -14.9985 19.6626 12.01
      vertex -15.4882 19.5541 12.01
    endloop
  endfacet
  facet normal -0.130558 0.991441 0
    outer loop
      vertex -14.5011 19.7281 12.01
      vertex -14.9985 19.6626 15
      vertex -14.5011 19.7281 15
    endloop
  endfacet
  facet normal -0.130558 0.991441 0
    outer loop
      vertex -14.9985 19.6626 15
      vertex -14.5011 19.7281 12.01
      vertex -14.9985 19.6626 12.01
    endloop
  endfacet
  facet normal -0.0436622 0.999046 0
    outer loop
      vertex -14 19.75 12.01
      vertex -14.5011 19.7281 15
      vertex -14 19.75 15
    endloop
  endfacet
  facet normal -0.0436622 0.999046 0
    outer loop
      vertex -14.5011 19.7281 15
      vertex -14 19.75 12.01
      vertex -14.5011 19.7281 12.01
    endloop
  endfacet
  facet normal 0 1 -0
    outer loop
      vertex 7.25 19.75 12.01
      vertex -7.25 19.75 14.4
      vertex 7.25 19.75 14.4
    endloop
  endfacet
  facet normal 0 1 0
    outer loop
      vertex -7.25 19.75 14.4
      vertex 7.25 19.75 12.01
      vertex -7.25 19.75 12.01
    endloop
  endfacet
  facet normal 0 1 0
    outer loop
      vertex 7.25 19.75 14.4
      vertex 14 19.75 15
      vertex 8.75 19.75 14.4
    endloop
  endfacet
  facet normal 0 1 -0
    outer loop
      vertex 14 19.75 12.01
      vertex 8.75 19.75 14.4
      vertex 14 19.75 15
    endloop
  endfacet
  facet normal 0 1 0
    outer loop
      vertex 8.75 19.75 14.4
      vertex 14 19.75 12.01
      vertex 8.75 19.75 12.01
    endloop
  endfacet
  facet normal 0 1 0
    outer loop
      vertex 14 19.75 15
      vertex 7.25 19.75 14.4
      vertex -14 19.75 15
    endloop
  endfacet
  facet normal 0 1 -0
    outer loop
      vertex -7.25 19.75 14.4
      vertex -14 19.75 15
      vertex 7.25 19.75 14.4
    endloop
  endfacet
  facet normal 0 1 -0
    outer loop
      vertex -8.75 19.75 14.4
      vertex -14 19.75 15
      vertex -7.25 19.75 14.4
    endloop
  endfacet
  facet normal 0 1 0
    outer loop
      vertex -14 19.75 12.01
      vertex -8.75 19.75 14.4
      vertex -8.75 19.75 12.01
    endloop
  endfacet
  facet normal 0 1 0
    outer loop
      vertex -8.75 19.75 14.4
      vertex -14 19.75 12.01
      vertex -14 19.75 15
    endloop
  endfacet
  facet normal 0.0436622 0.999046 -0
    outer loop
      vertex 14.5011 19.7281 12.01
      vertex 14 19.75 15
      vertex 14.5011 19.7281 15
    endloop
  endfacet
  facet normal 0.0436622 0.999046 0
    outer loop
      vertex 14 19.75 15
      vertex 14.5011 19.7281 12.01
      vertex 14 19.75 12.01
    endloop
  endfacet
  facet normal 0.0435793 -0.99905 0
    outer loop
      vertex -14.3966 18.5327 11.11
      vertex -14 18.55 15
      vertex -14.3966 18.5327 15
    endloop
  endfacet
  facet normal 0.0435793 -0.99905 0
    outer loop
      vertex -14 18.55 15
      vertex -14.3966 18.5327 11.11
      vertex -14 18.55 11.11
    endloop
  endfacet
  facet normal 0.130513 -0.991447 0
    outer loop
      vertex -14.7901 18.4809 11.11
      vertex -14.3966 18.5327 15
      vertex -14.7901 18.4809 15
    endloop
  endfacet
  facet normal 0.130513 -0.991447 0
    outer loop
      vertex -14.3966 18.5327 15
      vertex -14.7901 18.4809 11.11
      vertex -14.3966 18.5327 11.11
    endloop
  endfacet
  facet normal 0.216424 -0.9763 0
    outer loop
      vertex -15.1776 18.395 11.11
      vertex -14.7901 18.4809 15
      vertex -15.1776 18.395 15
    endloop
  endfacet
  facet normal 0.216424 -0.9763 0
    outer loop
      vertex -14.7901 18.4809 15
      vertex -15.1776 18.395 11.11
      vertex -14.7901 18.4809 11.11
    endloop
  endfacet
  facet normal 0.30077 -0.953697 0
    outer loop
      vertex -15.5562 18.2756 11.11
      vertex -15.1776 18.395 15
      vertex -15.5562 18.2756 15
    endloop
  endfacet
  facet normal 0.30077 -0.953697 0
    outer loop
      vertex -15.1776 18.395 15
      vertex -15.5562 18.2756 11.11
      vertex -15.1776 18.395 11.11
    endloop
  endfacet
  facet normal 0.3827 -0.923873 0
    outer loop
      vertex -15.9229 18.1237 11.11
      vertex -15.5562 18.2756 15
      vertex -15.9229 18.1237 15
    endloop
  endfacet
  facet normal 0.3827 -0.923873 0
    outer loop
      vertex -15.5562 18.2756 15
      vertex -15.9229 18.1237 11.11
      vertex -15.5562 18.2756 11.11
    endloop
  endfacet
  facet normal 0.461765 -0.887002 0
    outer loop
      vertex -16.275 17.9404 11.11
      vertex -15.9229 18.1237 15
      vertex -16.275 17.9404 15
    endloop
  endfacet
  facet normal 0.461765 -0.887002 0
    outer loop
      vertex -15.9229 18.1237 15
      vertex -16.275 17.9404 11.11
      vertex -15.9229 18.1237 11.11
    endloop
  endfacet
  facet normal 0.537316 -0.843381 0
    outer loop
      vertex -16.6098 17.7271 11.11
      vertex -16.275 17.9404 15
      vertex -16.6098 17.7271 15
    endloop
  endfacet
  facet normal 0.537316 -0.843381 0
    outer loop
      vertex -16.275 17.9404 15
      vertex -16.6098 17.7271 11.11
      vertex -16.275 17.9404 11.11
    endloop
  endfacet
  facet normal 0.608712 -0.793391 0
    outer loop
      vertex -16.9247 17.4855 11.11
      vertex -16.6098 17.7271 15
      vertex -16.9247 17.4855 15
    endloop
  endfacet
  facet normal 0.608712 -0.793391 0
    outer loop
      vertex -16.6098 17.7271 15
      vertex -16.9247 17.4855 11.11
      vertex -16.6098 17.7271 11.11
    endloop
  endfacet
  facet normal 0.675702 -0.737175 0
    outer loop
      vertex -17.2173 17.2173 11.11
      vertex -16.9247 17.4855 15
      vertex -17.2173 17.2173 15
    endloop
  endfacet
  facet normal 0.675702 -0.737175 0
    outer loop
      vertex -16.9247 17.4855 15
      vertex -17.2173 17.2173 11.11
      vertex -16.9247 17.4855 11.11
    endloop
  endfacet
  facet normal 0.737175 -0.675702 0
    outer loop
      vertex -17.4855 16.9247 15
      vertex -17.2173 17.2173 11.11
      vertex -17.2173 17.2173 15
    endloop
  endfacet
  facet normal 0.737175 -0.675702 0
    outer loop
      vertex -17.2173 17.2173 11.11
      vertex -17.4855 16.9247 15
      vertex -17.4855 16.9247 11.11
    endloop
  endfacet
  facet normal 0.793391 -0.608712 0
    outer loop
      vertex -17.7271 16.6098 15
      vertex -17.4855 16.9247 11.11
      vertex -17.4855 16.9247 15
    endloop
  endfacet
  facet normal 0.793391 -0.608712 0
    outer loop
      vertex -17.4855 16.9247 11.11
      vertex -17.7271 16.6098 15
      vertex -17.7271 16.6098 11.11
    endloop
  endfacet
  facet normal 0.843381 -0.537316 0
    outer loop
      vertex -17.9404 16.275 15
      vertex -17.7271 16.6098 11.11
      vertex -17.7271 16.6098 15
    endloop
  endfacet
  facet normal 0.843381 -0.537316 0
    outer loop
      vertex -17.7271 16.6098 11.11
      vertex -17.9404 16.275 15
      vertex -17.9404 16.275 11.11
    endloop
  endfacet
  facet normal 0.887002 -0.461765 0
    outer loop
      vertex -18.1237 15.9229 15
      vertex -17.9404 16.275 11.11
      vertex -17.9404 16.275 15
    endloop
  endfacet
  facet normal 0.887002 -0.461765 0
    outer loop
      vertex -17.9404 16.275 11.11
      vertex -18.1237 15.9229 15
      vertex -18.1237 15.9229 11.11
    endloop
  endfacet
  facet normal 0.923873 -0.3827 0
    outer loop
      vertex -18.2756 15.5562 15
      vertex -18.1237 15.9229 11.11
      vertex -18.1237 15.9229 15
    endloop
  endfacet
  facet normal 0.923873 -0.3827 0
    outer loop
      vertex -18.1237 15.9229 11.11
      vertex -18.2756 15.5562 15
      vertex -18.2756 15.5562 11.11
    endloop
  endfacet
  facet normal 0.953697 -0.30077 0
    outer loop
      vertex -18.395 15.1776 15
      vertex -18.2756 15.5562 11.11
      vertex -18.2756 15.5562 15
    endloop
  endfacet
  facet normal 0.953697 -0.30077 0
    outer loop
      vertex -18.2756 15.5562 11.11
      vertex -18.395 15.1776 15
      vertex -18.395 15.1776 11.11
    endloop
  endfacet
  facet normal 0.9763 -0.216424 0
    outer loop
      vertex -18.4809 14.7901 15
      vertex -18.395 15.1776 11.11
      vertex -18.395 15.1776 15
    endloop
  endfacet
  facet normal 0.9763 -0.216424 0
    outer loop
      vertex -18.395 15.1776 11.11
      vertex -18.4809 14.7901 15
      vertex -18.4809 14.7901 11.11
    endloop
  endfacet
  facet normal 0.991447 -0.130513 0
    outer loop
      vertex -18.5327 14.3966 15
      vertex -18.4809 14.7901 11.11
      vertex -18.4809 14.7901 15
    endloop
  endfacet
  facet normal 0.991447 -0.130513 0
    outer loop
      vertex -18.4809 14.7901 11.11
      vertex -18.5327 14.3966 15
      vertex -18.5327 14.3966 11.11
    endloop
  endfacet
  facet normal 0.99905 -0.0435793 0
    outer loop
      vertex -18.55 14 15
      vertex -18.5327 14.3966 11.11
      vertex -18.5327 14.3966 15
    endloop
  endfacet
  facet normal 0.99905 -0.0435793 0
    outer loop
      vertex -18.5327 14.3966 11.11
      vertex -18.55 14 15
      vertex -18.55 14 11.11
    endloop
  endfacet
  facet normal 1 -0 0
    outer loop
      vertex -18.55 -14 15
      vertex -18.55 14 11.11
      vertex -18.55 14 15
    endloop
  endfacet
  facet normal 1 0 0
    outer loop
      vertex -18.55 14 11.11
      vertex -18.55 -14 15
      vertex -18.55 -14 11.11
    endloop
  endfacet
  facet normal 0.99905 0.0435793 0
    outer loop
      vertex -18.5327 -14.3966 15
      vertex -18.55 -14 11.11
      vertex -18.55 -14 15
    endloop
  endfacet
  facet normal 0.99905 0.0435793 0
    outer loop
      vertex -18.55 -14 11.11
      vertex -18.5327 -14.3966 15
      vertex -18.5327 -14.3966 11.11
    endloop
  endfacet
  facet normal 0.991447 0.130513 0
    outer loop
      vertex -18.4809 -14.7901 15
      vertex -18.5327 -14.3966 11.11
      vertex -18.5327 -14.3966 15
    endloop
  endfacet
  facet normal 0.991447 0.130513 0
    outer loop
      vertex -18.5327 -14.3966 11.11
      vertex -18.4809 -14.7901 15
      vertex -18.4809 -14.7901 11.11
    endloop
  endfacet
  facet normal 0.9763 0.216424 0
    outer loop
      vertex -18.395 -15.1776 15
      vertex -18.4809 -14.7901 11.11
      vertex -18.4809 -14.7901 15
    endloop
  endfacet
  facet normal 0.9763 0.216424 0
    outer loop
      vertex -18.4809 -14.7901 11.11
      vertex -18.395 -15.1776 15
      vertex -18.395 -15.1776 11.11
    endloop
  endfacet
  facet normal 0.953697 0.30077 0
    outer loop
      vertex -18.2756 -15.5562 15
      vertex -18.395 -15.1776 11.11
      vertex -18.395 -15.1776 15
    endloop
  endfacet
  facet normal 0.953697 0.30077 0
    outer loop
      vertex -18.395 -15.1776 11.11
      vertex -18.2756 -15.5562 15
      vertex -18.2756 -15.5562 11.11
    endloop
  endfacet
  facet normal 0.923873 0.3827 0
    outer loop
      vertex -18.1237 -15.9229 15
      vertex -18.2756 -15.5562 11.11
      vertex -18.2756 -15.5562 15
    endloop
  endfacet
  facet normal 0.923873 0.3827 0
    outer loop
      vertex -18.2756 -15.5562 11.11
      vertex -18.1237 -15.9229 15
      vertex -18.1237 -15.9229 11.11
    endloop
  endfacet
  facet normal 0.887002 0.461765 0
    outer loop
      vertex -17.9404 -16.275 15
      vertex -18.1237 -15.9229 11.11
      vertex -18.1237 -15.9229 15
    endloop
  endfacet
  facet normal 0.887002 0.461765 0
    outer loop
      vertex -18.1237 -15.9229 11.11
      vertex -17.9404 -16.275 15
      vertex -17.9404 -16.275 11.11
    endloop
  endfacet
  facet normal 0.843381 0.537316 0
    outer loop
      vertex -17.7271 -16.6098 15
      vertex -17.9404 -16.275 11.11
      vertex -17.9404 -16.275 15
    endloop
  endfacet
  facet normal 0.843381 0.537316 0
    outer loop
      vertex -17.9404 -16.275 11.11
      vertex -17.7271 -16.6098 15
      vertex -17.7271 -16.6098 11.11
    endloop
  endfacet
  facet normal 0.793391 0.608712 0
    outer loop
      vertex -17.4855 -16.9247 15
      vertex -17.7271 -16.6098 11.11
      vertex -17.7271 -16.6098 15
    endloop
  endfacet
  facet normal 0.793391 0.608712 0
    outer loop
      vertex -17.7271 -16.6098 11.11
      vertex -17.4855 -16.9247 15
      vertex -17.4855 -16.9247 11.11
    endloop
  endfacet
  facet normal 0.737175 0.675702 0
    outer loop
      vertex -17.2173 -17.2173 15
      vertex -17.4855 -16.9247 11.11
      vertex -17.4855 -16.9247 15
    endloop
  endfacet
  facet normal 0.737175 0.675702 0
    outer loop
      vertex -17.4855 -16.9247 11.11
      vertex -17.2173 -17.2173 15
      vertex -17.2173 -17.2173 11.11
    endloop
  endfacet
  facet normal 0.675702 0.737175 -0
    outer loop
      vertex -16.9247 -17.4855 11.11
      vertex -17.2173 -17.2173 15
      vertex -16.9247 -17.4855 15
    endloop
  endfacet
  facet normal 0.675702 0.737175 0
    outer loop
      vertex -17.2173 -17.2173 15
      vertex -16.9247 -17.4855 11.11
      vertex -17.2173 -17.2173 11.11
    endloop
  endfacet
  facet normal 0.608712 0.793391 -0
    outer loop
      vertex -16.6098 -17.7271 11.11
      vertex -16.9247 -17.4855 15
      vertex -16.6098 -17.7271 15
    endloop
  endfacet
  facet normal 0.608712 0.793391 0
    outer loop
      vertex -16.9247 -17.4855 15
      vertex -16.6098 -17.7271 11.11
      vertex -16.9247 -17.4855 11.11
    endloop
  endfacet
  facet normal 0.537316 0.843381 -0
    outer loop
      vertex -16.275 -17.9404 11.11
      vertex -16.6098 -17.7271 15
      vertex -16.275 -17.9404 15
    endloop
  endfacet
  facet normal 0.537316 0.843381 0
    outer loop
      vertex -16.6098 -17.7271 15
      vertex -16.275 -17.9404 11.11
      vertex -16.6098 -17.7271 11.11
    endloop
  endfacet
  facet normal 0.461765 0.887002 -0
    outer loop
      vertex -15.9229 -18.1237 11.11
      vertex -16.275 -17.9404 15
      vertex -15.9229 -18.1237 15
    endloop
  endfacet
  facet normal 0.461765 0.887002 0
    outer loop
      vertex -16.275 -17.9404 15
      vertex -15.9229 -18.1237 11.11
      vertex -16.275 -17.9404 11.11
    endloop
  endfacet
  facet normal 0.3827 0.923873 -0
    outer loop
      vertex -15.5562 -18.2756 11.11
      vertex -15.9229 -18.1237 15
      vertex -15.5562 -18.2756 15
    endloop
  endfacet
  facet normal 0.3827 0.923873 0
    outer loop
      vertex -15.9229 -18.1237 15
      vertex -15.5562 -18.2756 11.11
      vertex -15.9229 -18.1237 11.11
    endloop
  endfacet
  facet normal 0.30077 0.953697 -0
    outer loop
      vertex -15.1776 -18.395 11.11
      vertex -15.5562 -18.2756 15
      vertex -15.1776 -18.395 15
    endloop
  endfacet
  facet normal 0.30077 0.953697 0
    outer loop
      vertex -15.5562 -18.2756 15
      vertex -15.1776 -18.395 11.11
      vertex -15.5562 -18.2756 11.11
    endloop
  endfacet
  facet normal 0.216424 0.9763 -0
    outer loop
      vertex -14.7901 -18.4809 11.11
      vertex -15.1776 -18.395 15
      vertex -14.7901 -18.4809 15
    endloop
  endfacet
  facet normal 0.216424 0.9763 0
    outer loop
      vertex -15.1776 -18.395 15
      vertex -14.7901 -18.4809 11.11
      vertex -15.1776 -18.395 11.11
    endloop
  endfacet
  facet normal 0.130513 0.991447 -0
    outer loop
      vertex -14.3966 -18.5327 11.11
      vertex -14.7901 -18.4809 15
      vertex -14.3966 -18.5327 15
    endloop
  endfacet
  facet normal 0.130513 0.991447 0
    outer loop
      vertex -14.7901 -18.4809 15
      vertex -14.3966 -18.5327 11.11
      vertex -14.7901 -18.4809 11.11
    endloop
  endfacet
  facet normal 0.0435793 0.99905 -0
    outer loop
      vertex -14 -18.55 11.11
      vertex -14.3966 -18.5327 15
      vertex -14 -18.55 15
    endloop
  endfacet
  facet normal 0.0435793 0.99905 0
    outer loop
      vertex -14.3966 -18.5327 15
      vertex -14 -18.55 11.11
      vertex -14.3966 -18.5327 11.11
    endloop
  endfacet
  facet normal 0 1 -0
    outer loop
      vertex 14 -18.55 11.11
      vertex -14 -18.55 15
      vertex 14 -18.55 15
    endloop
  endfacet
  facet normal 0 1 0
    outer loop
      vertex -14 -18.55 15
      vertex 14 -18.55 11.11
      vertex -14 -18.55 11.11
    endloop
  endfacet
  facet normal -0.0435793 0.99905 0
    outer loop
      vertex 14.3966 -18.5327 11.11
      vertex 14 -18.55 15
      vertex 14.3966 -18.5327 15
    endloop
  endfacet
  facet normal -0.0435793 0.99905 0
    outer loop
      vertex 14 -18.55 15
      vertex 14.3966 -18.5327 11.11
      vertex 14 -18.55 11.11
    endloop
  endfacet
  facet normal -0.130513 0.991447 0
    outer loop
      vertex 14.7901 -18.4809 11.11
      vertex 14.3966 -18.5327 15
      vertex 14.7901 -18.4809 15
    endloop
  endfacet
  facet normal -0.130513 0.991447 0
    outer loop
      vertex 14.3966 -18.5327 15
      vertex 14.7901 -18.4809 11.11
      vertex 14.3966 -18.5327 11.11
    endloop
  endfacet
  facet normal -0.216424 0.9763 0
    outer loop
      vertex 15.1776 -18.395 11.11
      vertex 14.7901 -18.4809 15
      vertex 15.1776 -18.395 15
    endloop
  endfacet
  facet normal -0.216424 0.9763 0
    outer loop
      vertex 14.7901 -18.4809 15
      vertex 15.1776 -18.395 11.11
      vertex 14.7901 -18.4809 11.11
    endloop
  endfacet
  facet normal -0.30077 0.953697 0
    outer loop
      vertex 15.5562 -18.2756 11.11
      vertex 15.1776 -18.395 15
      vertex 15.5562 -18.2756 15
    endloop
  endfacet
  facet normal -0.30077 0.953697 0
    outer loop
      vertex 15.1776 -18.395 15
      vertex 15.5562 -18.2756 11.11
      vertex 15.1776 -18.395 11.11
    endloop
  endfacet
  facet normal -0.3827 0.923873 0
    outer loop
      vertex 15.9229 -18.1237 11.11
      vertex 15.5562 -18.2756 15
      vertex 15.9229 -18.1237 15
    endloop
  endfacet
  facet normal -0.3827 0.923873 0
    outer loop
      vertex 15.5562 -18.2756 15
      vertex 15.9229 -18.1237 11.11
      vertex 15.5562 -18.2756 11.11
    endloop
  endfacet
  facet normal -0.461765 0.887002 0
    outer loop
      vertex 16.275 -17.9404 11.11
      vertex 15.9229 -18.1237 15
      vertex 16.275 -17.9404 15
    endloop
  endfacet
  facet normal -0.461765 0.887002 0
    outer loop
      vertex 15.9229 -18.1237 15
      vertex 16.275 -17.9404 11.11
      vertex 15.9229 -18.1237 11.11
    endloop
  endfacet
  facet normal -0.537316 0.843381 0
    outer loop
      vertex 16.6098 -17.7271 11.11
      vertex 16.275 -17.9404 15
      vertex 16.6098 -17.7271 15
    endloop
  endfacet
  facet normal -0.537316 0.843381 0
    outer loop
      vertex 16.275 -17.9404 15
      vertex 16.6098 -17.7271 11.11
      vertex 16.275 -17.9404 11.11
    endloop
  endfacet
  facet normal -0.608712 0.793391 0
    outer loop
      vertex 16.9247 -17.4855 11.11
      vertex 16.6098 -17.7271 15
      vertex 16.9247 -17.4855 15
    endloop
  endfacet
  facet normal -0.608712 0.793391 0
    outer loop
      vertex 16.6098 -17.7271 15
      vertex 16.9247 -17.4855 11.11
      vertex 16.6098 -17.7271 11.11
    endloop
  endfacet
  facet normal -0.675702 0.737175 0
    outer loop
      vertex 17.2173 -17.2173 11.11
      vertex 16.9247 -17.4855 15
      vertex 17.2173 -17.2173 15
    endloop
  endfacet
  facet normal -0.675702 0.737175 0
    outer loop
      vertex 16.9247 -17.4855 15
      vertex 17.2173 -17.2173 11.11
      vertex 16.9247 -17.4855 11.11
    endloop
  endfacet
  facet normal -0.737175 0.675702 0
    outer loop
      vertex 17.2173 -17.2173 11.11
      vertex 17.4855 -16.9247 15
      vertex 17.4855 -16.9247 11.11
    endloop
  endfacet
  facet normal -0.737175 0.675702 0
    outer loop
      vertex 17.4855 -16.9247 15
      vertex 17.2173 -17.2173 11.11
      vertex 17.2173 -17.2173 15
    endloop
  endfacet
  facet normal -0.793391 0.608712 0
    outer loop
      vertex 17.4855 -16.9247 11.11
      vertex 17.7271 -16.6098 15
      vertex 17.7271 -16.6098 11.11
    endloop
  endfacet
  facet normal -0.793391 0.608712 0
    outer loop
      vertex 17.7271 -16.6098 15
      vertex 17.4855 -16.9247 11.11
      vertex 17.4855 -16.9247 15
    endloop
  endfacet
  facet normal -0.843381 0.537316 0
    outer loop
      vertex 17.7271 -16.6098 11.11
      vertex 17.9404 -16.275 15
      vertex 17.9404 -16.275 11.11
    endloop
  endfacet
  facet normal -0.843381 0.537316 0
    outer loop
      vertex 17.9404 -16.275 15
      vertex 17.7271 -16.6098 11.11
      vertex 17.7271 -16.6098 15
    endloop
  endfacet
  facet normal -0.887002 0.461765 0
    outer loop
      vertex 17.9404 -16.275 11.11
      vertex 18.1237 -15.9229 15
      vertex 18.1237 -15.9229 11.11
    endloop
  endfacet
  facet normal -0.887002 0.461765 0
    outer loop
      vertex 18.1237 -15.9229 15
      vertex 17.9404 -16.275 11.11
      vertex 17.9404 -16.275 15
    endloop
  endfacet
  facet normal -0.923873 0.3827 0
    outer loop
      vertex 18.1237 -15.9229 11.11
      vertex 18.2756 -15.5562 15
      vertex 18.2756 -15.5562 11.11
    endloop
  endfacet
  facet normal -0.923873 0.3827 0
    outer loop
      vertex 18.2756 -15.5562 15
      vertex 18.1237 -15.9229 11.11
      vertex 18.1237 -15.9229 15
    endloop
  endfacet
  facet normal -0.953697 0.30077 0
    outer loop
      vertex 18.2756 -15.5562 11.11
      vertex 18.395 -15.1776 15
      vertex 18.395 -15.1776 11.11
    endloop
  endfacet
  facet normal -0.953697 0.30077 0
    outer loop
      vertex 18.395 -15.1776 15
      vertex 18.2756 -15.5562 11.11
      vertex 18.2756 -15.5562 15
    endloop
  endfacet
  facet normal -0.9763 0.216424 0
    outer loop
      vertex 18.395 -15.1776 11.11
      vertex 18.4809 -14.7901 15
      vertex 18.4809 -14.7901 11.11
    endloop
  endfacet
  facet normal -0.9763 0.216424 0
    outer loop
      vertex 18.4809 -14.7901 15
      vertex 18.395 -15.1776 11.11
      vertex 18.395 -15.1776 15
    endloop
  endfacet
  facet normal -0.991447 0.130513 0
    outer loop
      vertex 18.4809 -14.7901 11.11
      vertex 18.5327 -14.3966 15
      vertex 18.5327 -14.3966 11.11
    endloop
  endfacet
  facet normal -0.991447 0.130513 0
    outer loop
      vertex 18.5327 -14.3966 15
      vertex 18.4809 -14.7901 11.11
      vertex 18.4809 -14.7901 15
    endloop
  endfacet
  facet normal -0.99905 0.0435793 0
    outer loop
      vertex 18.5327 -14.3966 11.11
      vertex 18.55 -14 15
      vertex 18.55 -14 11.11
    endloop
  endfacet
  facet normal -0.99905 0.0435793 0
    outer loop
      vertex 18.55 -14 15
      vertex 18.5327 -14.3966 11.11
      vertex 18.5327 -14.3966 15
    endloop
  endfacet
  facet normal -1 0 0
    outer loop
      vertex 18.55 -14 11.11
      vertex 18.55 14 15
      vertex 18.55 14 11.11
    endloop
  endfacet
  facet normal -1 -0 0
    outer loop
      vertex 18.55 14 15
      vertex 18.55 -14 11.11
      vertex 18.55 -14 15
    endloop
  endfacet
  facet normal -0.99905 -0.0435793 0
    outer loop
      vertex 18.55 14 11.11
      vertex 18.5327 14.3966 15
      vertex 18.5327 14.3966 11.11
    endloop
  endfacet
  facet normal -0.99905 -0.0435793 0
    outer loop
      vertex 18.5327 14.3966 15
      vertex 18.55 14 11.11
      vertex 18.55 14 15
    endloop
  endfacet
  facet normal -0.991447 -0.130513 0
    outer loop
      vertex 18.5327 14.3966 11.11
      vertex 18.4809 14.7901 15
      vertex 18.4809 14.7901 11.11
    endloop
  endfacet
  facet normal -0.991447 -0.130513 0
    outer loop
      vertex 18.4809 14.7901 15
      vertex 18.5327 14.3966 11.11
      vertex 18.5327 14.3966 15
    endloop
  endfacet
  facet normal -0.9763 -0.216424 0
    outer loop
      vertex 18.4809 14.7901 11.11
      vertex 18.395 15.1776 15
      vertex 18.395 15.1776 11.11
    endloop
  endfacet
  facet normal -0.9763 -0.216424 0
    outer loop
      vertex 18.395 15.1776 15
      vertex 18.4809 14.7901 11.11
      vertex 18.4809 14.7901 15
    endloop
  endfacet
  facet normal -0.953697 -0.30077 0
    outer loop
      vertex 18.395 15.1776 11.11
      vertex 18.2756 15.5562 15
      vertex 18.2756 15.5562 11.11
    endloop
  endfacet
  facet normal -0.953697 -0.30077 0
    outer loop
      vertex 18.2756 15.5562 15
      vertex 18.395 15.1776 11.11
      vertex 18.395 15.1776 15
    endloop
  endfacet
  facet normal -0.923873 -0.3827 0
    outer loop
      vertex 18.2756 15.5562 11.11
      vertex 18.1237 15.9229 15
      vertex 18.1237 15.9229 11.11
    endloop
  endfacet
  facet normal -0.923873 -0.3827 0
    outer loop
      vertex 18.1237 15.9229 15
      vertex 18.2756 15.5562 11.11
      vertex 18.2756 15.5562 15
    endloop
  endfacet
  facet normal -0.887002 -0.461765 0
    outer loop
      vertex 18.1237 15.9229 11.11
      vertex 17.9404 16.275 15
      vertex 17.9404 16.275 11.11
    endloop
  endfacet
  facet normal -0.887002 -0.461765 0
    outer loop
      vertex 17.9404 16.275 15
      vertex 18.1237 15.9229 11.11
      vertex 18.1237 15.9229 15
    endloop
  endfacet
  facet normal -0.843381 -0.537316 0
    outer loop
      vertex 17.9404 16.275 11.11
      vertex 17.7271 16.6098 15
      vertex 17.7271 16.6098 11.11
    endloop
  endfacet
  facet normal -0.843381 -0.537316 0
    outer loop
      vertex 17.7271 16.6098 15
      vertex 17.9404 16.275 11.11
      vertex 17.9404 16.275 15
    endloop
  endfacet
  facet normal -0.793391 -0.608712 0
    outer loop
      vertex 17.7271 16.6098 11.11
      vertex 17.4855 16.9247 15
      vertex 17.4855 16.9247 11.11
    endloop
  endfacet
  facet normal -0.793391 -0.608712 0
    outer loop
      vertex 17.4855 16.9247 15
      vertex 17.7271 16.6098 11.11
      vertex 17.7271 16.6098 15
    endloop
  endfacet
  facet normal -0.737175 -0.675702 0
    outer loop
      vertex 17.4855 16.9247 11.11
      vertex 17.2173 17.2173 15
      vertex 17.2173 17.2173 11.11
    endloop
  endfacet
  facet normal -0.737175 -0.675702 0
    outer loop
      vertex 17.2173 17.2173 15
      vertex 17.4855 16.9247 11.11
      vertex 17.4855 16.9247 15
    endloop
  endfacet
  facet normal -0.675702 -0.737175 0
    outer loop
      vertex 16.9247 17.4855 11.11
      vertex 17.2173 17.2173 15
      vertex 16.9247 17.4855 15
    endloop
  endfacet
  facet normal -0.675702 -0.737175 -0
    outer loop
      vertex 17.2173 17.2173 15
      vertex 16.9247 17.4855 11.11
      vertex 17.2173 17.2173 11.11
    endloop
  endfacet
  facet normal -0.608712 -0.793391 0
    outer loop
      vertex 16.6098 17.7271 11.11
      vertex 16.9247 17.4855 15
      vertex 16.6098 17.7271 15
    endloop
  endfacet
  facet normal -0.608712 -0.793391 -0
    outer loop
      vertex 16.9247 17.4855 15
      vertex 16.6098 17.7271 11.11
      vertex 16.9247 17.4855 11.11
    endloop
  endfacet
  facet normal -0.537316 -0.843381 0
    outer loop
      vertex 16.275 17.9404 11.11
      vertex 16.6098 17.7271 15
      vertex 16.275 17.9404 15
    endloop
  endfacet
  facet normal -0.537316 -0.843381 -0
    outer loop
      vertex 16.6098 17.7271 15
      vertex 16.275 17.9404 11.11
      vertex 16.6098 17.7271 11.11
    endloop
  endfacet
  facet normal -0.461765 -0.887002 0
    outer loop
      vertex 15.9229 18.1237 11.11
      vertex 16.275 17.9404 15
      vertex 15.9229 18.1237 15
    endloop
  endfacet
  facet normal -0.461765 -0.887002 -0
    outer loop
      vertex 16.275 17.9404 15
      vertex 15.9229 18.1237 11.11
      vertex 16.275 17.9404 11.11
    endloop
  endfacet
  facet normal -0.3827 -0.923873 0
    outer loop
      vertex 15.5562 18.2756 11.11
      vertex 15.9229 18.1237 15
      vertex 15.5562 18.2756 15
    endloop
  endfacet
  facet normal -0.3827 -0.923873 -0
    outer loop
      vertex 15.9229 18.1237 15
      vertex 15.5562 18.2756 11.11
      vertex 15.9229 18.1237 11.11
    endloop
  endfacet
  facet normal -0.30077 -0.953697 0
    outer loop
      vertex 15.1776 18.395 11.11
      vertex 15.5562 18.2756 15
      vertex 15.1776 18.395 15
    endloop
  endfacet
  facet normal -0.30077 -0.953697 -0
    outer loop
      vertex 15.5562 18.2756 15
      vertex 15.1776 18.395 11.11
      vertex 15.5562 18.2756 11.11
    endloop
  endfacet
  facet normal -0.216424 -0.9763 0
    outer loop
      vertex 14.7901 18.4809 11.11
      vertex 15.1776 18.395 15
      vertex 14.7901 18.4809 15
    endloop
  endfacet
  facet normal -0.216424 -0.9763 -0
    outer loop
      vertex 15.1776 18.395 15
      vertex 14.7901 18.4809 11.11
      vertex 15.1776 18.395 11.11
    endloop
  endfacet
  facet normal -0.130513 -0.991447 0
    outer loop
      vertex 14.3966 18.5327 11.11
      vertex 14.7901 18.4809 15
      vertex 14.3966 18.5327 15
    endloop
  endfacet
  facet normal -0.130513 -0.991447 -0
    outer loop
      vertex 14.7901 18.4809 15
      vertex 14.3966 18.5327 11.11
      vertex 14.7901 18.4809 11.11
    endloop
  endfacet
  facet normal -0.0435793 -0.99905 0
    outer loop
      vertex 14 18.55 11.11
      vertex 14.3966 18.5327 15
      vertex 14 18.55 15
    endloop
  endfacet
  facet normal -0.0435793 -0.99905 -0
    outer loop
      vertex 14.3966 18.5327 15
      vertex 14 18.55 11.11
      vertex 14.3966 18.5327 11.11
    endloop
  endfacet
  facet normal 0 -1 0
    outer loop
      vertex -14 18.55 11.11
      vertex 14 18.55 15
      vertex -14 18.55 15
    endloop
  endfacet
  facet normal 0 -1 -0
    outer loop
      vertex 14 18.55 15
      vertex -14 18.55 11.11
      vertex 14 18.55 11.11
    endloop
  endfacet
  facet normal -0 0 1
    outer loop
      vertex -19.99 7.25 12.01
      vertex -19.75 -7.25 12.01
      vertex -19.75 7.25 12.01
    endloop
  endfacet
  facet normal 0 0 1
    outer loop
      vertex -19.75 -7.25 12.01
      vertex -19.99 7.25 12.01
      vertex -19.99 -7.25 12.01
    endloop
  endfacet
  facet normal 0 0 1
    outer loop
      vertex -19.75 -8.75 12.01
      vertex -19.99 -8.75 12.01
      vertex -19.75 -14 12.01
    endloop
  endfacet
  facet normal 0 0 1
    outer loop
      vertex -8.75 -19.75 12.01
      vertex -14 -19.75 12.01
      vertex -8.75 -19.99 12.01
    endloop
  endfacet
  facet normal 0 0 1
    outer loop
      vertex 7.25 -19.75 12.01
      vertex -7.25 -19.75 12.01
      vertex 7.25 -19.99 12.01
    endloop
  endfacet
  facet normal -0 0 1
    outer loop
      vertex 19.75 7.25 12.01
      vertex 19.99 -7.25 12.01
      vertex 19.99 7.25 12.01
    endloop
  endfacet
  facet normal 0 0 1
    outer loop
      vertex 19.99 -7.25 12.01
      vertex 19.75 7.25 12.01
      vertex 19.75 -7.25 12.01
    endloop
  endfacet
  facet normal 0 0 1
    outer loop
      vertex 19.75 14 12.01
      vertex 22 14 12.01
      vertex 21.9696 14.6973 12.01
    endloop
  endfacet
  facet normal 0 0 1
    outer loop
      vertex 22 14 12.01
      vertex 19.99 7.25 12.01
      vertex 22 -14 12.01
    endloop
  endfacet
  facet normal 0 0 1
    outer loop
      vertex 19.7281 14.5011 12.01
      vertex 21.9696 14.6973 12.01
      vertex 21.8785 15.3892 12.01
    endloop
  endfacet
  facet normal -0 0 1
    outer loop
      vertex 19.99 -7.25 12.01
      vertex 22 -14 12.01
      vertex 19.99 7.25 12.01
    endloop
  endfacet
  facet normal 0 0 1
    outer loop
      vertex 19.6626 14.9985 12.01
      vertex 21.8785 15.3892 12.01
      vertex 21.7274 16.0706 12.01
    endloop
  endfacet
  facet normal -0 0 1
    outer loop
      vertex 19.99 -8.75 12.01
      vertex 22 -14 12.01
      vertex 19.99 -7.25 12.01
    endloop
  endfacet
  facet normal 0 0 1
    outer loop
      vertex 19.5541 15.4882 12.01
      vertex 21.7274 16.0706 12.01
      vertex 21.5175 16.7362 12.01
    endloop
  endfacet
  facet normal 0 0 1
    outer loop
      vertex 19.75 -14 12.01
      vertex 22 -14 12.01
      vertex 19.99 -8.75 12.01
    endloop
  endfacet
  facet normal 0 0 1
    outer loop
      vertex 19.4032 15.9666 12.01
      vertex 21.5175 16.7362 12.01
      vertex 21.2505 17.381 12.01
    endloop
  endfacet
  facet normal 0 0 1
    outer loop
      vertex 22 -14 12.01
      vertex 19.75 -14 12.01
      vertex 21.9696 -14.6973 12.01
    endloop
  endfacet
  facet normal 0 0 1
    outer loop
      vertex 19.2113 16.4301 12.01
      vertex 21.2505 17.381 12.01
      vertex 20.9282 18 12.01
    endloop
  endfacet
  facet normal -0 0 1
    outer loop
      vertex 19.7281 -14.5011 12.01
      vertex 21.9696 -14.6973 12.01
      vertex 19.75 -14 12.01
    endloop
  endfacet
  facet normal 0 0 1
    outer loop
      vertex 18.9796 16.875 12.01
      vertex 20.9282 18 12.01
      vertex 20.5532 18.5886 12.01
    endloop
  endfacet
  facet normal 0 0 1
    outer loop
      vertex 21.9696 -14.6973 12.01
      vertex 19.7281 -14.5011 12.01
      vertex 21.8785 -15.3892 12.01
    endloop
  endfacet
  facet normal 0 0 1
    outer loop
      vertex 18.7101 17.2981 12.01
      vertex 20.5532 18.5886 12.01
      vertex 20.1284 19.1423 12.01
    endloop
  endfacet
  facet normal 0 0 1
    outer loop
      vertex 22 14 12.01
      vertex 19.99 8.75 12.01
      vertex 19.99 7.25 12.01
    endloop
  endfacet
  facet normal -0 0 1
    outer loop
      vertex 19.6626 -14.9985 12.01
      vertex 21.8785 -15.3892 12.01
      vertex 19.7281 -14.5011 12.01
    endloop
  endfacet
  facet normal 0 0 1
    outer loop
      vertex 22 14 12.01
      vertex 19.75 14 12.01
      vertex 19.99 8.75 12.01
    endloop
  endfacet
  facet normal 0 0 1
    outer loop
      vertex 21.9696 14.6973 12.01
      vertex 19.7281 14.5011 12.01
      vertex 19.75 14 12.01
    endloop
  endfacet
  facet normal 0 0 1
    outer loop
      vertex 21.8785 15.3892 12.01
      vertex 19.6626 14.9985 12.01
      vertex 19.7281 14.5011 12.01
    endloop
  endfacet
  facet normal 0 0 1
    outer loop
      vertex 18.4048 17.696 12.01
      vertex 20.1284 19.1423 12.01
      vertex 19.6569 19.6569 12.01
    endloop
  endfacet
  facet normal 0 0 1
    outer loop
      vertex 21.7274 16.0706 12.01
      vertex 19.5541 15.4882 12.01
      vertex 19.6626 14.9985 12.01
    endloop
  endfacet
  facet normal 0 0 1
    outer loop
      vertex 21.5175 16.7362 12.01
      vertex 19.4032 15.9666 12.01
      vertex 19.5541 15.4882 12.01
    endloop
  endfacet
  facet normal 0 0 1
    outer loop
      vertex 21.2505 17.381 12.01
      vertex 19.2113 16.4301 12.01
      vertex 19.4032 15.9666 12.01
    endloop
  endfacet
  facet normal 0 0 1
    outer loop
      vertex 18.0659 18.0659 12.01
      vertex 19.6569 19.6569 12.01
      vertex 19.1423 20.1284 12.01
    endloop
  endfacet
  facet normal 0 0 1
    outer loop
      vertex 20.9282 18 12.01
      vertex 18.9796 16.875 12.01
      vertex 19.2113 16.4301 12.01
    endloop
  endfacet
  facet normal 0 0 1
    outer loop
      vertex 20.5532 18.5886 12.01
      vertex 18.7101 17.2981 12.01
      vertex 18.9796 16.875 12.01
    endloop
  endfacet
  facet normal 0 0 1
    outer loop
      vertex 17.696 18.4048 12.01
      vertex 19.1423 20.1284 12.01
      vertex 18.5886 20.5532 12.01
    endloop
  endfacet
  facet normal 0 0 1
    outer loop
      vertex 20.1284 19.1423 12.01
      vertex 18.4048 17.696 12.01
      vertex 18.7101 17.2981 12.01
    endloop
  endfacet
  facet normal 0 0 1
    outer loop
      vertex 19.6569 19.6569 12.01
      vertex 18.0659 18.0659 12.01
      vertex 18.4048 17.696 12.01
    endloop
  endfacet
  facet normal 0 0 1
    outer loop
      vertex 17.2981 18.7101 12.01
      vertex 18.5886 20.5532 12.01
      vertex 18 20.9282 12.01
    endloop
  endfacet
  facet normal 0 0 1
    outer loop
      vertex 19.1423 20.1284 12.01
      vertex 17.696 18.4048 12.01
      vertex 18.0659 18.0659 12.01
    endloop
  endfacet
  facet normal 0 0 1
    outer loop
      vertex 16.875 18.9796 12.01
      vertex 18 20.9282 12.01
      vertex 17.381 21.2505 12.01
    endloop
  endfacet
  facet normal 0 0 1
    outer loop
      vertex 18.5886 20.5532 12.01
      vertex 17.2981 18.7101 12.01
      vertex 17.696 18.4048 12.01
    endloop
  endfacet
  facet normal 0 0 1
    outer loop
      vertex 18 20.9282 12.01
      vertex 16.875 18.9796 12.01
      vertex 17.2981 18.7101 12.01
    endloop
  endfacet
  facet normal 0 0 1
    outer loop
      vertex 16.4301 19.2113 12.01
      vertex 17.381 21.2505 12.01
      vertex 16.7362 21.5175 12.01
    endloop
  endfacet
  facet normal 0 0 1
    outer loop
      vertex 17.381 21.2505 12.01
      vertex 16.4301 19.2113 12.01
      vertex 16.875 18.9796 12.01
    endloop
  endfacet
  facet normal 0 0 1
    outer loop
      vertex 15.9666 19.4032 12.01
      vertex 16.7362 21.5175 12.01
      vertex 16.0706 21.7274 12.01
    endloop
  endfacet
  facet normal 0 0 1
    outer loop
      vertex 16.7362 21.5175 12.01
      vertex 15.9666 19.4032 12.01
      vertex 16.4301 19.2113 12.01
    endloop
  endfacet
  facet normal 0 0 1
    outer loop
      vertex 16.0706 21.7274 12.01
      vertex 15.4882 19.5541 12.01
      vertex 15.9666 19.4032 12.01
    endloop
  endfacet
  facet normal 0 0 1
    outer loop
      vertex 15.3892 21.8785 12.01
      vertex 15.4882 19.5541 12.01
      vertex 16.0706 21.7274 12.01
    endloop
  endfacet
  facet normal 0 0 1
    outer loop
      vertex 15.3892 21.8785 12.01
      vertex 14.9985 19.6626 12.01
      vertex 15.4882 19.5541 12.01
    endloop
  endfacet
  facet normal 0 0 1
    outer loop
      vertex 14.6973 21.9696 12.01
      vertex 14.9985 19.6626 12.01
      vertex 15.3892 21.8785 12.01
    endloop
  endfacet
  facet normal 0 0 1
    outer loop
      vertex 14.6973 21.9696 12.01
      vertex 14.5011 19.7281 12.01
      vertex 14.9985 19.6626 12.01
    endloop
  endfacet
  facet normal 0 0 1
    outer loop
      vertex 14 22 12.01
      vertex 14.5011 19.7281 12.01
      vertex 14.6973 21.9696 12.01
    endloop
  endfacet
  facet normal 0 0 1
    outer loop
      vertex 14 22 12.01
      vertex 14 19.75 12.01
      vertex 14.5011 19.7281 12.01
    endloop
  endfacet
  facet normal 0 0 1
    outer loop
      vertex 14 22 12.01
      vertex 8.75 19.99 12.01
      vertex 14 19.75 12.01
    endloop
  endfacet
  facet normal 0 0 1
    outer loop
      vertex 14 22 12.01
      vertex 7.25 19.99 12.01
      vertex 8.75 19.99 12.01
    endloop
  endfacet
  facet normal 0 0 1
    outer loop
      vertex 7.25 19.99 12.01
      vertex -7.25 19.99 12.01
      vertex 7.25 19.75 12.01
    endloop
  endfacet
  facet normal 0 0 1
    outer loop
      vertex 14 22 12.01
      vertex -7.25 19.99 12.01
      vertex 7.25 19.99 12.01
    endloop
  endfacet
  facet normal -0 0 1
    outer loop
      vertex -14 22 12.01
      vertex -7.25 19.99 12.01
      vertex 14 22 12.01
    endloop
  endfacet
  facet normal 0 0 1
    outer loop
      vertex -7.25 19.99 12.01
      vertex -14 22 12.01
      vertex -8.75 19.99 12.01
    endloop
  endfacet
  facet normal 0 0 1
    outer loop
      vertex -14 19.75 12.01
      vertex -8.75 19.99 12.01
      vertex -14 22 12.01
    endloop
  endfacet
  facet normal 0 0 1
    outer loop
      vertex -8.75 19.99 12.01
      vertex -14 19.75 12.01
      vertex -8.75 19.75 12.01
    endloop
  endfacet
  facet normal 0 0 1
    outer loop
      vertex -14 22 12.01
      vertex -14.5011 19.7281 12.01
      vertex -14 19.75 12.01
    endloop
  endfacet
  facet normal -0 0 1
    outer loop
      vertex -14.6973 21.9696 12.01
      vertex -14.5011 19.7281 12.01
      vertex -14 22 12.01
    endloop
  endfacet
  facet normal 0 0 1
    outer loop
      vertex -14.6973 21.9696 12.01
      vertex -14.9985 19.6626 12.01
      vertex -14.5011 19.7281 12.01
    endloop
  endfacet
  facet normal -0 0 1
    outer loop
      vertex -15.3892 21.8785 12.01
      vertex -14.9985 19.6626 12.01
      vertex -14.6973 21.9696 12.01
    endloop
  endfacet
  facet normal 0 0 1
    outer loop
      vertex -15.3892 21.8785 12.01
      vertex -15.4882 19.5541 12.01
      vertex -14.9985 19.6626 12.01
    endloop
  endfacet
  facet normal -0 0 1
    outer loop
      vertex -16.0706 21.7274 12.01
      vertex -15.4882 19.5541 12.01
      vertex -15.3892 21.8785 12.01
    endloop
  endfacet
  facet normal 0 0 1
    outer loop
      vertex -15.4882 19.5541 12.01
      vertex -16.0706 21.7274 12.01
      vertex -15.9666 19.4032 12.01
    endloop
  endfacet
  facet normal -0 0 1
    outer loop
      vertex -16.7362 21.5175 12.01
      vertex -15.9666 19.4032 12.01
      vertex -16.0706 21.7274 12.01
    endloop
  endfacet
  facet normal 0 0 1
    outer loop
      vertex -15.9666 19.4032 12.01
      vertex -16.7362 21.5175 12.01
      vertex -16.4301 19.2113 12.01
    endloop
  endfacet
  facet normal -0 0 1
    outer loop
      vertex -17.381 21.2505 12.01
      vertex -16.4301 19.2113 12.01
      vertex -16.7362 21.5175 12.01
    endloop
  endfacet
  facet normal 0 0 1
    outer loop
      vertex -16.4301 19.2113 12.01
      vertex -17.381 21.2505 12.01
      vertex -16.875 18.9796 12.01
    endloop
  endfacet
  facet normal -0 0 1
    outer loop
      vertex -18 20.9282 12.01
      vertex -16.875 18.9796 12.01
      vertex -17.381 21.2505 12.01
    endloop
  endfacet
  facet normal 0 0 1
    outer loop
      vertex -16.875 18.9796 12.01
      vertex -18 20.9282 12.01
      vertex -17.2981 18.7101 12.01
    endloop
  endfacet
  facet normal -0 0 1
    outer loop
      vertex -18.5886 20.5532 12.01
      vertex -17.2981 18.7101 12.01
      vertex -18 20.9282 12.01
    endloop
  endfacet
  facet normal 0 0 1
    outer loop
      vertex -17.2981 18.7101 12.01
      vertex -18.5886 20.5532 12.01
      vertex -17.696 18.4048 12.01
    endloop
  endfacet
  facet normal -0 0 1
    outer loop
      vertex -19.1423 20.1284 12.01
      vertex -17.696 18.4048 12.01
      vertex -18.5886 20.5532 12.01
    endloop
  endfacet
  facet normal 0 0 1
    outer loop
      vertex -17.696 18.4048 12.01
      vertex -19.1423 20.1284 12.01
      vertex -18.0659 18.0659 12.01
    endloop
  endfacet
  facet normal -0 0 1
    outer loop
      vertex -19.6569 19.6569 12.01
      vertex -18.0659 18.0659 12.01
      vertex -19.1423 20.1284 12.01
    endloop
  endfacet
  facet normal 0 0 1
    outer loop
      vertex -18.0659 18.0659 12.01
      vertex -19.6569 19.6569 12.01
      vertex -18.4048 17.696 12.01
    endloop
  endfacet
  facet normal -0 0 1
    outer loop
      vertex -20.1284 19.1423 12.01
      vertex -18.4048 17.696 12.01
      vertex -19.6569 19.6569 12.01
    endloop
  endfacet
  facet normal 0 0 1
    outer loop
      vertex -18.4048 17.696 12.01
      vertex -20.1284 19.1423 12.01
      vertex -18.7101 17.2981 12.01
    endloop
  endfacet
  facet normal -0 0 1
    outer loop
      vertex -20.5532 18.5886 12.01
      vertex -18.7101 17.2981 12.01
      vertex -20.1284 19.1423 12.01
    endloop
  endfacet
  facet normal 0 0 1
    outer loop
      vertex -18.7101 17.2981 12.01
      vertex -20.5532 18.5886 12.01
      vertex -18.9796 16.875 12.01
    endloop
  endfacet
  facet normal -0 0 1
    outer loop
      vertex -20.9282 18 12.01
      vertex -18.9796 16.875 12.01
      vertex -20.5532 18.5886 12.01
    endloop
  endfacet
  facet normal 0 0 1
    outer loop
      vertex -18.9796 16.875 12.01
      vertex -20.9282 18 12.01
      vertex -19.2113 16.4301 12.01
    endloop
  endfacet
  facet normal -0 0 1
    outer loop
      vertex -21.2505 17.381 12.01
      vertex -19.2113 16.4301 12.01
      vertex -20.9282 18 12.01
    endloop
  endfacet
  facet normal 0 0 1
    outer loop
      vertex -19.2113 16.4301 12.01
      vertex -21.2505 17.381 12.01
      vertex -19.4032 15.9666 12.01
    endloop
  endfacet
  facet normal 0 0 1
    outer loop
      vertex -19.75 14 12.01
      vertex -19.99 8.75 12.01
      vertex -19.75 8.75 12.01
    endloop
  endfacet
  facet normal -0 0 1
    outer loop
      vertex -21.5175 16.7362 12.01
      vertex -19.4032 15.9666 12.01
      vertex -21.2505 17.381 12.01
    endloop
  endfacet
  facet normal 0 0 1
    outer loop
      vertex -22 14 12.01
      vertex -19.99 7.25 12.01
      vertex -19.99 8.75 12.01
    endloop
  endfacet
  facet normal 0 0 1
    outer loop
      vertex -19.99 7.25 12.01
      vertex -22 14 12.01
      vertex -19.99 -7.25 12.01
    endloop
  endfacet
  facet normal 0 0 1
    outer loop
      vertex -19.75 14 12.01
      vertex -22 14 12.01
      vertex -19.99 8.75 12.01
    endloop
  endfacet
  facet normal 0 0 1
    outer loop
      vertex -19.4032 15.9666 12.01
      vertex -21.5175 16.7362 12.01
      vertex -19.5541 15.4882 12.01
    endloop
  endfacet
  facet normal 0 0 1
    outer loop
      vertex 21.8785 -15.3892 12.01
      vertex 19.6626 -14.9985 12.01
      vertex 21.7274 -16.0706 12.01
    endloop
  endfacet
  facet normal -0 0 1
    outer loop
      vertex 19.5541 -15.4882 12.01
      vertex 21.7274 -16.0706 12.01
      vertex 19.6626 -14.9985 12.01
    endloop
  endfacet
  facet normal 0 0 1
    outer loop
      vertex 21.7274 -16.0706 12.01
      vertex 19.5541 -15.4882 12.01
      vertex 21.5175 -16.7362 12.01
    endloop
  endfacet
  facet normal 0 0 1
    outer loop
      vertex 19.75 -14 12.01
      vertex 19.99 -8.75 12.01
      vertex 19.75 -8.75 12.01
    endloop
  endfacet
  facet normal -0 0 1
    outer loop
      vertex 19.4032 -15.9666 12.01
      vertex 21.5175 -16.7362 12.01
      vertex 19.5541 -15.4882 12.01
    endloop
  endfacet
  facet normal 0 0 1
    outer loop
      vertex 21.5175 -16.7362 12.01
      vertex 19.4032 -15.9666 12.01
      vertex 21.2505 -17.381 12.01
    endloop
  endfacet
  facet normal -0 0 1
    outer loop
      vertex 19.2113 -16.4301 12.01
      vertex 21.2505 -17.381 12.01
      vertex 19.4032 -15.9666 12.01
    endloop
  endfacet
  facet normal 0 0 1
    outer loop
      vertex 21.2505 -17.381 12.01
      vertex 19.2113 -16.4301 12.01
      vertex 20.9282 -18 12.01
    endloop
  endfacet
  facet normal -0 0 1
    outer loop
      vertex 18.9796 -16.875 12.01
      vertex 20.9282 -18 12.01
      vertex 19.2113 -16.4301 12.01
    endloop
  endfacet
  facet normal 0 0 1
    outer loop
      vertex 20.9282 -18 12.01
      vertex 18.9796 -16.875 12.01
      vertex 20.5532 -18.5886 12.01
    endloop
  endfacet
  facet normal -0 0 1
    outer loop
      vertex 18.7101 -17.2981 12.01
      vertex 20.5532 -18.5886 12.01
      vertex 18.9796 -16.875 12.01
    endloop
  endfacet
  facet normal 0 0 1
    outer loop
      vertex 20.5532 -18.5886 12.01
      vertex 18.7101 -17.2981 12.01
      vertex 20.1284 -19.1423 12.01
    endloop
  endfacet
  facet normal -0 0 1
    outer loop
      vertex 18.4048 -17.696 12.01
      vertex 20.1284 -19.1423 12.01
      vertex 18.7101 -17.2981 12.01
    endloop
  endfacet
  facet normal 0 0 1
    outer loop
      vertex 20.1284 -19.1423 12.01
      vertex 18.4048 -17.696 12.01
      vertex 19.6569 -19.6569 12.01
    endloop
  endfacet
  facet normal -0 0 1
    outer loop
      vertex 18.0659 -18.0659 12.01
      vertex 19.6569 -19.6569 12.01
      vertex 18.4048 -17.696 12.01
    endloop
  endfacet
  facet normal 0 0 1
    outer loop
      vertex 19.6569 -19.6569 12.01
      vertex 18.0659 -18.0659 12.01
      vertex 19.1423 -20.1284 12.01
    endloop
  endfacet
  facet normal -0 0 1
    outer loop
      vertex 17.696 -18.4048 12.01
      vertex 19.1423 -20.1284 12.01
      vertex 18.0659 -18.0659 12.01
    endloop
  endfacet
  facet normal 0 0 1
    outer loop
      vertex 19.1423 -20.1284 12.01
      vertex 17.696 -18.4048 12.01
      vertex 18.5886 -20.5532 12.01
    endloop
  endfacet
  facet normal -0 0 1
    outer loop
      vertex 17.2981 -18.7101 12.01
      vertex 18.5886 -20.5532 12.01
      vertex 17.696 -18.4048 12.01
    endloop
  endfacet
  facet normal 0 0 1
    outer loop
      vertex 18.5886 -20.5532 12.01
      vertex 17.2981 -18.7101 12.01
      vertex 18 -20.9282 12.01
    endloop
  endfacet
  facet normal -0 0 1
    outer loop
      vertex 16.875 -18.9796 12.01
      vertex 18 -20.9282 12.01
      vertex 17.2981 -18.7101 12.01
    endloop
  endfacet
  facet normal 0 0 1
    outer loop
      vertex 18 -20.9282 12.01
      vertex 16.875 -18.9796 12.01
      vertex 17.381 -21.2505 12.01
    endloop
  endfacet
  facet normal -0 0 1
    outer loop
      vertex 16.4301 -19.2113 12.01
      vertex 17.381 -21.2505 12.01
      vertex 16.875 -18.9796 12.01
    endloop
  endfacet
  facet normal 0 0 1
    outer loop
      vertex 17.381 -21.2505 12.01
      vertex 16.4301 -19.2113 12.01
      vertex 16.7362 -21.5175 12.01
    endloop
  endfacet
  facet normal -0 0 1
    outer loop
      vertex 15.9666 -19.4032 12.01
      vertex 16.7362 -21.5175 12.01
      vertex 16.4301 -19.2113 12.01
    endloop
  endfacet
  facet normal 0 0 1
    outer loop
      vertex 16.7362 -21.5175 12.01
      vertex 15.9666 -19.4032 12.01
      vertex 16.0706 -21.7274 12.01
    endloop
  endfacet
  facet normal -0 0 1
    outer loop
      vertex 15.4882 -19.5541 12.01
      vertex 16.0706 -21.7274 12.01
      vertex 15.9666 -19.4032 12.01
    endloop
  endfacet
  facet normal 0 0 1
    outer loop
      vertex 15.4882 -19.5541 12.01
      vertex 15.3892 -21.8785 12.01
      vertex 16.0706 -21.7274 12.01
    endloop
  endfacet
  facet normal -0 0 1
    outer loop
      vertex 14.9985 -19.6626 12.01
      vertex 15.3892 -21.8785 12.01
      vertex 15.4882 -19.5541 12.01
    endloop
  endfacet
  facet normal 0 0 1
    outer loop
      vertex 14.9985 -19.6626 12.01
      vertex 14.6973 -21.9696 12.01
      vertex 15.3892 -21.8785 12.01
    endloop
  endfacet
  facet normal -0 0 1
    outer loop
      vertex 14.5011 -19.7281 12.01
      vertex 14.6973 -21.9696 12.01
      vertex 14.9985 -19.6626 12.01
    endloop
  endfacet
  facet normal -0 0 1
    outer loop
      vertex 14 -19.75 12.01
      vertex 14.6973 -21.9696 12.01
      vertex 14.5011 -19.7281 12.01
    endloop
  endfacet
  facet normal 0 0 1
    outer loop
      vertex 14 -19.75 12.01
      vertex 14 -22 12.01
      vertex 14.6973 -21.9696 12.01
    endloop
  endfacet
  facet normal 0 0 1
    outer loop
      vertex 8.75 -19.99 12.01
      vertex 14 -19.75 12.01
      vertex 8.75 -19.75 12.01
    endloop
  endfacet
  facet normal 0 0 1
    outer loop
      vertex 14 -19.75 12.01
      vertex 8.75 -19.99 12.01
      vertex 14 -22 12.01
    endloop
  endfacet
  facet normal -0 0 1
    outer loop
      vertex 7.25 -19.99 12.01
      vertex 14 -22 12.01
      vertex 8.75 -19.99 12.01
    endloop
  endfacet
  facet normal 0 0 1
    outer loop
      vertex -7.25 -19.99 12.01
      vertex 7.25 -19.99 12.01
      vertex -7.25 -19.75 12.01
    endloop
  endfacet
  facet normal 0 0 1
    outer loop
      vertex 7.25 -19.99 12.01
      vertex -7.25 -19.99 12.01
      vertex 14 -22 12.01
    endloop
  endfacet
  facet normal 0 0 1
    outer loop
      vertex -14 -22 12.01
      vertex -7.25 -19.99 12.01
      vertex -8.75 -19.99 12.01
    endloop
  endfacet
  facet normal 0 0 1
    outer loop
      vertex -14 -22 12.01
      vertex -8.75 -19.99 12.01
      vertex -14 -19.75 12.01
    endloop
  endfacet
  facet normal 0 0 1
    outer loop
      vertex -7.25 -19.99 12.01
      vertex -14 -22 12.01
      vertex 14 -22 12.01
    endloop
  endfacet
  facet normal 0 0 1
    outer loop
      vertex -14.5011 -19.7281 12.01
      vertex -14 -22 12.01
      vertex -14 -19.75 12.01
    endloop
  endfacet
  facet normal 0 0 1
    outer loop
      vertex -14.5011 -19.7281 12.01
      vertex -14.6973 -21.9696 12.01
      vertex -14 -22 12.01
    endloop
  endfacet
  facet normal 0 0 1
    outer loop
      vertex -14.9985 -19.6626 12.01
      vertex -14.6973 -21.9696 12.01
      vertex -14.5011 -19.7281 12.01
    endloop
  endfacet
  facet normal 0 0 1
    outer loop
      vertex -14.9985 -19.6626 12.01
      vertex -15.3892 -21.8785 12.01
      vertex -14.6973 -21.9696 12.01
    endloop
  endfacet
  facet normal 0 0 1
    outer loop
      vertex -15.4882 -19.5541 12.01
      vertex -15.3892 -21.8785 12.01
      vertex -14.9985 -19.6626 12.01
    endloop
  endfacet
  facet normal 0 0 1
    outer loop
      vertex -16.0706 -21.7274 12.01
      vertex -15.4882 -19.5541 12.01
      vertex -15.9666 -19.4032 12.01
    endloop
  endfacet
  facet normal 0 0 1
    outer loop
      vertex -15.4882 -19.5541 12.01
      vertex -16.0706 -21.7274 12.01
      vertex -15.3892 -21.8785 12.01
    endloop
  endfacet
  facet normal 0 0 1
    outer loop
      vertex -16.7362 -21.5175 12.01
      vertex -15.9666 -19.4032 12.01
      vertex -16.4301 -19.2113 12.01
    endloop
  endfacet
  facet normal 0 0 1
    outer loop
      vertex -15.9666 -19.4032 12.01
      vertex -16.7362 -21.5175 12.01
      vertex -16.0706 -21.7274 12.01
    endloop
  endfacet
  facet normal 0 0 1
    outer loop
      vertex -17.381 -21.2505 12.01
      vertex -16.4301 -19.2113 12.01
      vertex -16.875 -18.9796 12.01
    endloop
  endfacet
  facet normal 0 0 1
    outer loop
      vertex -18 -20.9282 12.01
      vertex -16.875 -18.9796 12.01
      vertex -17.2981 -18.7101 12.01
    endloop
  endfacet
  facet normal 0 0 1
    outer loop
      vertex -16.4301 -19.2113 12.01
      vertex -17.381 -21.2505 12.01
      vertex -16.7362 -21.5175 12.01
    endloop
  endfacet
  facet normal 0 0 1
    outer loop
      vertex -18.5886 -20.5532 12.01
      vertex -17.2981 -18.7101 12.01
      vertex -17.696 -18.4048 12.01
    endloop
  endfacet
  facet normal 0 0 1
    outer loop
      vertex -16.875 -18.9796 12.01
      vertex -18 -20.9282 12.01
      vertex -17.381 -21.2505 12.01
    endloop
  endfacet
  facet normal 0 0 1
    outer loop
      vertex -19.1423 -20.1284 12.01
      vertex -17.696 -18.4048 12.01
      vertex -18.0659 -18.0659 12.01
    endloop
  endfacet
  facet normal 0 0 1
    outer loop
      vertex -19.6569 -19.6569 12.01
      vertex -18.0659 -18.0659 12.01
      vertex -18.4048 -17.696 12.01
    endloop
  endfacet
  facet normal 0 0 1
    outer loop
      vertex -17.2981 -18.7101 12.01
      vertex -18.5886 -20.5532 12.01
      vertex -18 -20.9282 12.01
    endloop
  endfacet
  facet normal 0 0 1
    outer loop
      vertex -20.1284 -19.1423 12.01
      vertex -18.4048 -17.696 12.01
      vertex -18.7101 -17.2981 12.01
    endloop
  endfacet
  facet normal 0 0 1
    outer loop
      vertex -20.5532 -18.5886 12.01
      vertex -18.7101 -17.2981 12.01
      vertex -18.9796 -16.875 12.01
    endloop
  endfacet
  facet normal 0 0 1
    outer loop
      vertex -17.696 -18.4048 12.01
      vertex -19.1423 -20.1284 12.01
      vertex -18.5886 -20.5532 12.01
    endloop
  endfacet
  facet normal 0 0 1
    outer loop
      vertex -20.9282 -18 12.01
      vertex -18.9796 -16.875 12.01
      vertex -19.2113 -16.4301 12.01
    endloop
  endfacet
  facet normal 0 0 1
    outer loop
      vertex -21.2505 -17.381 12.01
      vertex -19.2113 -16.4301 12.01
      vertex -19.4032 -15.9666 12.01
    endloop
  endfacet
  facet normal 0 0 1
    outer loop
      vertex -21.5175 -16.7362 12.01
      vertex -19.4032 -15.9666 12.01
      vertex -19.5541 -15.4882 12.01
    endloop
  endfacet
  facet normal 0 0 1
    outer loop
      vertex -18.0659 -18.0659 12.01
      vertex -19.6569 -19.6569 12.01
      vertex -19.1423 -20.1284 12.01
    endloop
  endfacet
  facet normal 0 0 1
    outer loop
      vertex -21.7274 -16.0706 12.01
      vertex -19.5541 -15.4882 12.01
      vertex -19.6626 -14.9985 12.01
    endloop
  endfacet
  facet normal 0 0 1
    outer loop
      vertex -21.8785 -15.3892 12.01
      vertex -19.6626 -14.9985 12.01
      vertex -19.7281 -14.5011 12.01
    endloop
  endfacet
  facet normal 0 0 1
    outer loop
      vertex -21.9696 -14.6973 12.01
      vertex -19.7281 -14.5011 12.01
      vertex -19.75 -14 12.01
    endloop
  endfacet
  facet normal 0 0 1
    outer loop
      vertex -22 -14 12.01
      vertex -19.75 -14 12.01
      vertex -19.99 -8.75 12.01
    endloop
  endfacet
  facet normal 0 0 1
    outer loop
      vertex -18.4048 -17.696 12.01
      vertex -20.1284 -19.1423 12.01
      vertex -19.6569 -19.6569 12.01
    endloop
  endfacet
  facet normal 0 0 1
    outer loop
      vertex -22 -14 12.01
      vertex -19.99 -7.25 12.01
      vertex -22 14 12.01
    endloop
  endfacet
  facet normal -0 0 1
    outer loop
      vertex -21.7274 16.0706 12.01
      vertex -19.5541 15.4882 12.01
      vertex -21.5175 16.7362 12.01
    endloop
  endfacet
  facet normal 0 0 1
    outer loop
      vertex -19.99 -7.25 12.01
      vertex -22 -14 12.01
      vertex -19.99 -8.75 12.01
    endloop
  endfacet
  facet normal 0 0 1
    outer loop
      vertex -19.5541 15.4882 12.01
      vertex -21.7274 16.0706 12.01
      vertex -19.6626 14.9985 12.01
    endloop
  endfacet
  facet normal 0 -0 1
    outer loop
      vertex -21.9696 -14.6973 12.01
      vertex -19.75 -14 12.01
      vertex -22 -14 12.01
    endloop
  endfacet
  facet normal -0 0 1
    outer loop
      vertex -21.8785 15.3892 12.01
      vertex -19.6626 14.9985 12.01
      vertex -21.7274 16.0706 12.01
    endloop
  endfacet
  facet normal 0 0 1
    outer loop
      vertex -18.7101 -17.2981 12.01
      vertex -20.5532 -18.5886 12.01
      vertex -20.1284 -19.1423 12.01
    endloop
  endfacet
  facet normal 0 0 1
    outer loop
      vertex -19.6626 14.9985 12.01
      vertex -21.8785 15.3892 12.01
      vertex -19.7281 14.5011 12.01
    endloop
  endfacet
  facet normal 0 0 1
    outer loop
      vertex -18.9796 -16.875 12.01
      vertex -20.9282 -18 12.01
      vertex -20.5532 -18.5886 12.01
    endloop
  endfacet
  facet normal -0 0 1
    outer loop
      vertex -21.9696 14.6973 12.01
      vertex -19.7281 14.5011 12.01
      vertex -21.8785 15.3892 12.01
    endloop
  endfacet
  facet normal 0 0 1
    outer loop
      vertex -19.2113 -16.4301 12.01
      vertex -21.2505 -17.381 12.01
      vertex -20.9282 -18 12.01
    endloop
  endfacet
  facet normal 0 0 1
    outer loop
      vertex -19.7281 14.5011 12.01
      vertex -21.9696 14.6973 12.01
      vertex -19.75 14 12.01
    endloop
  endfacet
  facet normal 0 0 1
    outer loop
      vertex -19.4032 -15.9666 12.01
      vertex -21.5175 -16.7362 12.01
      vertex -21.2505 -17.381 12.01
    endloop
  endfacet
  facet normal 0 0 1
    outer loop
      vertex -19.75 14 12.01
      vertex -21.9696 14.6973 12.01
      vertex -22 14 12.01
    endloop
  endfacet
  facet normal 0 0 1
    outer loop
      vertex -19.5541 -15.4882 12.01
      vertex -21.7274 -16.0706 12.01
      vertex -21.5175 -16.7362 12.01
    endloop
  endfacet
  facet normal 0 0 1
    outer loop
      vertex -19.6626 -14.9985 12.01
      vertex -21.8785 -15.3892 12.01
      vertex -21.7274 -16.0706 12.01
    endloop
  endfacet
  facet normal 0 0 1
    outer loop
      vertex -19.7281 -14.5011 12.01
      vertex -21.9696 -14.6973 12.01
      vertex -21.8785 -15.3892 12.01
    endloop
  endfacet
  facet normal 0 0 1
    outer loop
      vertex 19.99 8.75 12.01
      vertex 19.75 14 12.01
      vertex 19.75 8.75 12.01
    endloop
  endfacet
  facet normal 0 0 1
    outer loop
      vertex 14 19.75 12.01
      vertex 8.75 19.99 12.01
      vertex 8.75 19.75 12.01
    endloop
  endfacet
  facet normal 0 0 1
    outer loop
      vertex 7.25 19.75 12.01
      vertex -7.25 19.99 12.01
      vertex -7.25 19.75 12.01
    endloop
  endfacet
  facet normal 0 0 -1
    outer loop
      vertex 18.55 -14 11.11
      vertex 20.8 -14 11.11
      vertex 20.7741 -14.5927 11.11
    endloop
  endfacet
  facet normal 0 0 -1
    outer loop
      vertex 20.8 -14 11.11
      vertex 18.55 -14 11.11
      vertex 20.8 14 11.11
    endloop
  endfacet
  facet normal 0 0 -1
    outer loop
      vertex 18.5327 -14.3966 11.11
      vertex 20.7741 -14.5927 11.11
      vertex 20.6967 -15.1808 11.11
    endloop
  endfacet
  facet normal 0 0 -1
    outer loop
      vertex 18.55 14 11.11
      vertex 20.8 14 11.11
      vertex 18.55 -14 11.11
    endloop
  endfacet
  facet normal 0 0 -1
    outer loop
      vertex 18.4809 -14.7901 11.11
      vertex 20.6967 -15.1808 11.11
      vertex 20.5683 -15.76 11.11
    endloop
  endfacet
  facet normal 0 0 -1
    outer loop
      vertex 20.8 14 11.11
      vertex 18.55 14 11.11
      vertex 20.7741 14.5927 11.11
    endloop
  endfacet
  facet normal 0 0 -1
    outer loop
      vertex 18.395 -15.1776 11.11
      vertex 20.5683 -15.76 11.11
      vertex 20.3899 -16.3257 11.11
    endloop
  endfacet
  facet normal 0 0 -1
    outer loop
      vertex 18.5327 14.3966 11.11
      vertex 20.7741 14.5927 11.11
      vertex 18.55 14 11.11
    endloop
  endfacet
  facet normal 0 0 -1
    outer loop
      vertex 18.2756 -15.5562 11.11
      vertex 20.3899 -16.3257 11.11
      vertex 20.1629 -16.8738 11.11
    endloop
  endfacet
  facet normal -0 0 -1
    outer loop
      vertex 20.7741 14.5927 11.11
      vertex 18.5327 14.3966 11.11
      vertex 20.6967 15.1808 11.11
    endloop
  endfacet
  facet normal 0 0 -1
    outer loop
      vertex 18.1237 -15.9229 11.11
      vertex 20.1629 -16.8738 11.11
      vertex 19.889 -17.4 11.11
    endloop
  endfacet
  facet normal 0 0 -1
    outer loop
      vertex 18.4809 14.7901 11.11
      vertex 20.6967 15.1808 11.11
      vertex 18.5327 14.3966 11.11
    endloop
  endfacet
  facet normal 0 0 -1
    outer loop
      vertex 17.9404 -16.275 11.11
      vertex 19.889 -17.4 11.11
      vertex 19.5702 -17.9003 11.11
    endloop
  endfacet
  facet normal -0 0 -1
    outer loop
      vertex 20.6967 15.1808 11.11
      vertex 18.4809 14.7901 11.11
      vertex 20.5683 15.76 11.11
    endloop
  endfacet
  facet normal 0 0 -1
    outer loop
      vertex 17.7271 -16.6098 11.11
      vertex 19.5702 -17.9003 11.11
      vertex 19.2091 -18.371 11.11
    endloop
  endfacet
  facet normal 0 0 -1
    outer loop
      vertex 18.395 15.1776 11.11
      vertex 20.5683 15.76 11.11
      vertex 18.4809 14.7901 11.11
    endloop
  endfacet
  facet normal 0 0 -1
    outer loop
      vertex 17.4855 -16.9247 11.11
      vertex 19.2091 -18.371 11.11
      vertex 18.8083 -18.8083 11.11
    endloop
  endfacet
  facet normal -0 0 -1
    outer loop
      vertex 20.5683 15.76 11.11
      vertex 18.395 15.1776 11.11
      vertex 20.3899 16.3257 11.11
    endloop
  endfacet
  facet normal 0 0 -1
    outer loop
      vertex 18.2756 15.5562 11.11
      vertex 20.3899 16.3257 11.11
      vertex 18.395 15.1776 11.11
    endloop
  endfacet
  facet normal 0 0 -1
    outer loop
      vertex 20.7741 -14.5927 11.11
      vertex 18.5327 -14.3966 11.11
      vertex 18.55 -14 11.11
    endloop
  endfacet
  facet normal 0 0 -1
    outer loop
      vertex 20.6967 -15.1808 11.11
      vertex 18.4809 -14.7901 11.11
      vertex 18.5327 -14.3966 11.11
    endloop
  endfacet
  facet normal 0 0 -1
    outer loop
      vertex 20.5683 -15.76 11.11
      vertex 18.395 -15.1776 11.11
      vertex 18.4809 -14.7901 11.11
    endloop
  endfacet
  facet normal 0 0 -1
    outer loop
      vertex 17.2173 -17.2173 11.11
      vertex 18.8083 -18.8083 11.11
      vertex 18.371 -19.2091 11.11
    endloop
  endfacet
  facet normal 0 0 -1
    outer loop
      vertex 20.3899 -16.3257 11.11
      vertex 18.2756 -15.5562 11.11
      vertex 18.395 -15.1776 11.11
    endloop
  endfacet
  facet normal 0 0 -1
    outer loop
      vertex 20.1629 -16.8738 11.11
      vertex 18.1237 -15.9229 11.11
      vertex 18.2756 -15.5562 11.11
    endloop
  endfacet
  facet normal 0 0 -1
    outer loop
      vertex 19.889 -17.4 11.11
      vertex 17.9404 -16.275 11.11
      vertex 18.1237 -15.9229 11.11
    endloop
  endfacet
  facet normal 0 0 -1
    outer loop
      vertex 16.9247 -17.4855 11.11
      vertex 18.371 -19.2091 11.11
      vertex 17.9003 -19.5702 11.11
    endloop
  endfacet
  facet normal 0 0 -1
    outer loop
      vertex 19.5702 -17.9003 11.11
      vertex 17.7271 -16.6098 11.11
      vertex 17.9404 -16.275 11.11
    endloop
  endfacet
  facet normal 0 0 -1
    outer loop
      vertex 19.2091 -18.371 11.11
      vertex 17.4855 -16.9247 11.11
      vertex 17.7271 -16.6098 11.11
    endloop
  endfacet
  facet normal 0 0 -1
    outer loop
      vertex 16.6098 -17.7271 11.11
      vertex 17.9003 -19.5702 11.11
      vertex 17.4 -19.889 11.11
    endloop
  endfacet
  facet normal 0 0 -1
    outer loop
      vertex 18.8083 -18.8083 11.11
      vertex 17.2173 -17.2173 11.11
      vertex 17.4855 -16.9247 11.11
    endloop
  endfacet
  facet normal 0 0 -1
    outer loop
      vertex 18.371 -19.2091 11.11
      vertex 16.9247 -17.4855 11.11
      vertex 17.2173 -17.2173 11.11
    endloop
  endfacet
  facet normal 0 0 -1
    outer loop
      vertex 16.275 -17.9404 11.11
      vertex 17.4 -19.889 11.11
      vertex 16.8738 -20.1629 11.11
    endloop
  endfacet
  facet normal 0 0 -1
    outer loop
      vertex 17.9003 -19.5702 11.11
      vertex 16.6098 -17.7271 11.11
      vertex 16.9247 -17.4855 11.11
    endloop
  endfacet
  facet normal 0 0 -1
    outer loop
      vertex 15.9229 -18.1237 11.11
      vertex 16.8738 -20.1629 11.11
      vertex 16.3257 -20.3899 11.11
    endloop
  endfacet
  facet normal 0 0 -1
    outer loop
      vertex 17.4 -19.889 11.11
      vertex 16.275 -17.9404 11.11
      vertex 16.6098 -17.7271 11.11
    endloop
  endfacet
  facet normal 0 0 -1
    outer loop
      vertex 16.8738 -20.1629 11.11
      vertex 15.9229 -18.1237 11.11
      vertex 16.275 -17.9404 11.11
    endloop
  endfacet
  facet normal 0 0 -1
    outer loop
      vertex 15.5562 -18.2756 11.11
      vertex 16.3257 -20.3899 11.11
      vertex 15.76 -20.5683 11.11
    endloop
  endfacet
  facet normal 0 0 -1
    outer loop
      vertex 16.3257 -20.3899 11.11
      vertex 15.5562 -18.2756 11.11
      vertex 15.9229 -18.1237 11.11
    endloop
  endfacet
  facet normal 0 0 -1
    outer loop
      vertex 15.1776 -18.395 11.11
      vertex 15.76 -20.5683 11.11
      vertex 15.1808 -20.6967 11.11
    endloop
  endfacet
  facet normal 0 0 -1
    outer loop
      vertex 15.76 -20.5683 11.11
      vertex 15.1776 -18.395 11.11
      vertex 15.5562 -18.2756 11.11
    endloop
  endfacet
  facet normal 0 0 -1
    outer loop
      vertex 15.1808 -20.6967 11.11
      vertex 14.7901 -18.4809 11.11
      vertex 15.1776 -18.395 11.11
    endloop
  endfacet
  facet normal 0 0 -1
    outer loop
      vertex 14.5927 -20.7741 11.11
      vertex 14.7901 -18.4809 11.11
      vertex 15.1808 -20.6967 11.11
    endloop
  endfacet
  facet normal 0 0 -1
    outer loop
      vertex 14.5927 -20.7741 11.11
      vertex 14.3966 -18.5327 11.11
      vertex 14.7901 -18.4809 11.11
    endloop
  endfacet
  facet normal 0 0 -1
    outer loop
      vertex 14 -20.8 11.11
      vertex 14.3966 -18.5327 11.11
      vertex 14.5927 -20.7741 11.11
    endloop
  endfacet
  facet normal 0 0 -1
    outer loop
      vertex 14 -20.8 11.11
      vertex 14 -18.55 11.11
      vertex 14.3966 -18.5327 11.11
    endloop
  endfacet
  facet normal 0 0 -1
    outer loop
      vertex -14 -20.8 11.11
      vertex 14 -18.55 11.11
      vertex 14 -20.8 11.11
    endloop
  endfacet
  facet normal 0 0 -1
    outer loop
      vertex -14 -20.8 11.11
      vertex -14 -18.55 11.11
      vertex 14 -18.55 11.11
    endloop
  endfacet
  facet normal 0 0 -1
    outer loop
      vertex -14 -20.8 11.11
      vertex -14.3966 -18.5327 11.11
      vertex -14 -18.55 11.11
    endloop
  endfacet
  facet normal 0 0 -1
    outer loop
      vertex -14.5927 -20.7741 11.11
      vertex -14.3966 -18.5327 11.11
      vertex -14 -20.8 11.11
    endloop
  endfacet
  facet normal 0 0 -1
    outer loop
      vertex -14.5927 -20.7741 11.11
      vertex -14.7901 -18.4809 11.11
      vertex -14.3966 -18.5327 11.11
    endloop
  endfacet
  facet normal 0 0 -1
    outer loop
      vertex -15.1808 -20.6967 11.11
      vertex -14.7901 -18.4809 11.11
      vertex -14.5927 -20.7741 11.11
    endloop
  endfacet
  facet normal -0 0 -1
    outer loop
      vertex -14.7901 -18.4809 11.11
      vertex -15.1808 -20.6967 11.11
      vertex -15.1776 -18.395 11.11
    endloop
  endfacet
  facet normal 0 0 -1
    outer loop
      vertex -15.76 -20.5683 11.11
      vertex -15.1776 -18.395 11.11
      vertex -15.1808 -20.6967 11.11
    endloop
  endfacet
  facet normal -0 0 -1
    outer loop
      vertex -15.1776 -18.395 11.11
      vertex -15.76 -20.5683 11.11
      vertex -15.5562 -18.2756 11.11
    endloop
  endfacet
  facet normal 0 0 -1
    outer loop
      vertex -16.3257 -20.3899 11.11
      vertex -15.5562 -18.2756 11.11
      vertex -15.76 -20.5683 11.11
    endloop
  endfacet
  facet normal -0 0 -1
    outer loop
      vertex -15.5562 -18.2756 11.11
      vertex -16.3257 -20.3899 11.11
      vertex -15.9229 -18.1237 11.11
    endloop
  endfacet
  facet normal 0 0 -1
    outer loop
      vertex -16.8738 -20.1629 11.11
      vertex -15.9229 -18.1237 11.11
      vertex -16.3257 -20.3899 11.11
    endloop
  endfacet
  facet normal -0 0 -1
    outer loop
      vertex -15.9229 -18.1237 11.11
      vertex -16.8738 -20.1629 11.11
      vertex -16.275 -17.9404 11.11
    endloop
  endfacet
  facet normal 0 0 -1
    outer loop
      vertex -17.4 -19.889 11.11
      vertex -16.275 -17.9404 11.11
      vertex -16.8738 -20.1629 11.11
    endloop
  endfacet
  facet normal -0 0 -1
    outer loop
      vertex -16.275 -17.9404 11.11
      vertex -17.4 -19.889 11.11
      vertex -16.6098 -17.7271 11.11
    endloop
  endfacet
  facet normal 0 0 -1
    outer loop
      vertex -17.9003 -19.5702 11.11
      vertex -16.6098 -17.7271 11.11
      vertex -17.4 -19.889 11.11
    endloop
  endfacet
  facet normal -0 0 -1
    outer loop
      vertex -16.6098 -17.7271 11.11
      vertex -17.9003 -19.5702 11.11
      vertex -16.9247 -17.4855 11.11
    endloop
  endfacet
  facet normal 0 0 -1
    outer loop
      vertex -18.371 -19.2091 11.11
      vertex -16.9247 -17.4855 11.11
      vertex -17.9003 -19.5702 11.11
    endloop
  endfacet
  facet normal -0 0 -1
    outer loop
      vertex -16.9247 -17.4855 11.11
      vertex -18.371 -19.2091 11.11
      vertex -17.2173 -17.2173 11.11
    endloop
  endfacet
  facet normal 0 0 -1
    outer loop
      vertex -18.8083 -18.8083 11.11
      vertex -17.2173 -17.2173 11.11
      vertex -18.371 -19.2091 11.11
    endloop
  endfacet
  facet normal -0 0 -1
    outer loop
      vertex -17.2173 -17.2173 11.11
      vertex -18.8083 -18.8083 11.11
      vertex -17.4855 -16.9247 11.11
    endloop
  endfacet
  facet normal 0 0 -1
    outer loop
      vertex -19.2091 -18.371 11.11
      vertex -17.4855 -16.9247 11.11
      vertex -18.8083 -18.8083 11.11
    endloop
  endfacet
  facet normal -0 0 -1
    outer loop
      vertex -17.4855 -16.9247 11.11
      vertex -19.2091 -18.371 11.11
      vertex -17.7271 -16.6098 11.11
    endloop
  endfacet
  facet normal 0 0 -1
    outer loop
      vertex -19.5702 -17.9003 11.11
      vertex -17.7271 -16.6098 11.11
      vertex -19.2091 -18.371 11.11
    endloop
  endfacet
  facet normal -0 0 -1
    outer loop
      vertex -17.7271 -16.6098 11.11
      vertex -19.5702 -17.9003 11.11
      vertex -17.9404 -16.275 11.11
    endloop
  endfacet
  facet normal 0 0 -1
    outer loop
      vertex -19.889 -17.4 11.11
      vertex -17.9404 -16.275 11.11
      vertex -19.5702 -17.9003 11.11
    endloop
  endfacet
  facet normal -0 0 -1
    outer loop
      vertex -17.9404 -16.275 11.11
      vertex -19.889 -17.4 11.11
      vertex -18.1237 -15.9229 11.11
    endloop
  endfacet
  facet normal 0 0 -1
    outer loop
      vertex -20.1629 -16.8738 11.11
      vertex -18.1237 -15.9229 11.11
      vertex -19.889 -17.4 11.11
    endloop
  endfacet
  facet normal 0 0 -1
    outer loop
      vertex -20.3899 -16.3257 11.11
      vertex -18.2756 -15.5562 11.11
      vertex -20.1629 -16.8738 11.11
    endloop
  endfacet
  facet normal -0 0 -1
    outer loop
      vertex -18.1237 -15.9229 11.11
      vertex -20.1629 -16.8738 11.11
      vertex -18.2756 -15.5562 11.11
    endloop
  endfacet
  facet normal -0 0 -1
    outer loop
      vertex 20.3899 16.3257 11.11
      vertex 18.2756 15.5562 11.11
      vertex 20.1629 16.8738 11.11
    endloop
  endfacet
  facet normal 0 0 -1
    outer loop
      vertex 18.1237 15.9229 11.11
      vertex 20.1629 16.8738 11.11
      vertex 18.2756 15.5562 11.11
    endloop
  endfacet
  facet normal -0 0 -1
    outer loop
      vertex 20.1629 16.8738 11.11
      vertex 18.1237 15.9229 11.11
      vertex 19.889 17.4 11.11
    endloop
  endfacet
  facet normal 0 0 -1
    outer loop
      vertex 17.9404 16.275 11.11
      vertex 19.889 17.4 11.11
      vertex 18.1237 15.9229 11.11
    endloop
  endfacet
  facet normal -0 0 -1
    outer loop
      vertex 19.889 17.4 11.11
      vertex 17.9404 16.275 11.11
      vertex 19.5702 17.9003 11.11
    endloop
  endfacet
  facet normal 0 0 -1
    outer loop
      vertex 17.7271 16.6098 11.11
      vertex 19.5702 17.9003 11.11
      vertex 17.9404 16.275 11.11
    endloop
  endfacet
  facet normal -0 0 -1
    outer loop
      vertex 19.5702 17.9003 11.11
      vertex 17.7271 16.6098 11.11
      vertex 19.2091 18.371 11.11
    endloop
  endfacet
  facet normal 0 0 -1
    outer loop
      vertex 17.4855 16.9247 11.11
      vertex 19.2091 18.371 11.11
      vertex 17.7271 16.6098 11.11
    endloop
  endfacet
  facet normal -0 0 -1
    outer loop
      vertex 19.2091 18.371 11.11
      vertex 17.4855 16.9247 11.11
      vertex 18.8083 18.8083 11.11
    endloop
  endfacet
  facet normal 0 0 -1
    outer loop
      vertex 17.2173 17.2173 11.11
      vertex 18.8083 18.8083 11.11
      vertex 17.4855 16.9247 11.11
    endloop
  endfacet
  facet normal -0 0 -1
    outer loop
      vertex 18.8083 18.8083 11.11
      vertex 17.2173 17.2173 11.11
      vertex 18.371 19.2091 11.11
    endloop
  endfacet
  facet normal 0 0 -1
    outer loop
      vertex 16.9247 17.4855 11.11
      vertex 18.371 19.2091 11.11
      vertex 17.2173 17.2173 11.11
    endloop
  endfacet
  facet normal -0 0 -1
    outer loop
      vertex 18.371 19.2091 11.11
      vertex 16.9247 17.4855 11.11
      vertex 17.9003 19.5702 11.11
    endloop
  endfacet
  facet normal 0 0 -1
    outer loop
      vertex 16.6098 17.7271 11.11
      vertex 17.9003 19.5702 11.11
      vertex 16.9247 17.4855 11.11
    endloop
  endfacet
  facet normal -0 0 -1
    outer loop
      vertex 17.9003 19.5702 11.11
      vertex 16.6098 17.7271 11.11
      vertex 17.4 19.889 11.11
    endloop
  endfacet
  facet normal 0 0 -1
    outer loop
      vertex 16.275 17.9404 11.11
      vertex 17.4 19.889 11.11
      vertex 16.6098 17.7271 11.11
    endloop
  endfacet
  facet normal -0 0 -1
    outer loop
      vertex 17.4 19.889 11.11
      vertex 16.275 17.9404 11.11
      vertex 16.8738 20.1629 11.11
    endloop
  endfacet
  facet normal 0 0 -1
    outer loop
      vertex 15.9229 18.1237 11.11
      vertex 16.8738 20.1629 11.11
      vertex 16.275 17.9404 11.11
    endloop
  endfacet
  facet normal -0 0 -1
    outer loop
      vertex 16.8738 20.1629 11.11
      vertex 15.9229 18.1237 11.11
      vertex 16.3257 20.3899 11.11
    endloop
  endfacet
  facet normal 0 0 -1
    outer loop
      vertex 15.5562 18.2756 11.11
      vertex 16.3257 20.3899 11.11
      vertex 15.9229 18.1237 11.11
    endloop
  endfacet
  facet normal -0 0 -1
    outer loop
      vertex 16.3257 20.3899 11.11
      vertex 15.5562 18.2756 11.11
      vertex 15.76 20.5683 11.11
    endloop
  endfacet
  facet normal 0 0 -1
    outer loop
      vertex 15.1776 18.395 11.11
      vertex 15.76 20.5683 11.11
      vertex 15.5562 18.2756 11.11
    endloop
  endfacet
  facet normal -0 0 -1
    outer loop
      vertex 15.76 20.5683 11.11
      vertex 15.1776 18.395 11.11
      vertex 15.1808 20.6967 11.11
    endloop
  endfacet
  facet normal 0 0 -1
    outer loop
      vertex 14.7901 18.4809 11.11
      vertex 15.1808 20.6967 11.11
      vertex 15.1776 18.395 11.11
    endloop
  endfacet
  facet normal 0 0 -1
    outer loop
      vertex 14.7901 18.4809 11.11
      vertex 14.5927 20.7741 11.11
      vertex 15.1808 20.6967 11.11
    endloop
  endfacet
  facet normal 0 0 -1
    outer loop
      vertex 14.3966 18.5327 11.11
      vertex 14.5927 20.7741 11.11
      vertex 14.7901 18.4809 11.11
    endloop
  endfacet
  facet normal 0 0 -1
    outer loop
      vertex 14 18.55 11.11
      vertex 14.5927 20.7741 11.11
      vertex 14.3966 18.5327 11.11
    endloop
  endfacet
  facet normal 0 0 -1
    outer loop
      vertex 14 18.55 11.11
      vertex 14 20.8 11.11
      vertex 14.5927 20.7741 11.11
    endloop
  endfacet
  facet normal 0 0 -1
    outer loop
      vertex -14 18.55 11.11
      vertex 14 20.8 11.11
      vertex 14 18.55 11.11
    endloop
  endfacet
  facet normal 0 0 -1
    outer loop
      vertex -14 18.55 11.11
      vertex -14 20.8 11.11
      vertex 14 20.8 11.11
    endloop
  endfacet
  facet normal 0 0 -1
    outer loop
      vertex -14.3966 18.5327 11.11
      vertex -14 20.8 11.11
      vertex -14 18.55 11.11
    endloop
  endfacet
  facet normal 0 0 -1
    outer loop
      vertex -14.3966 18.5327 11.11
      vertex -14.5927 20.7741 11.11
      vertex -14 20.8 11.11
    endloop
  endfacet
  facet normal 0 0 -1
    outer loop
      vertex -14.7901 18.4809 11.11
      vertex -14.5927 20.7741 11.11
      vertex -14.3966 18.5327 11.11
    endloop
  endfacet
  facet normal 0 0 -1
    outer loop
      vertex -15.1808 20.6967 11.11
      vertex -14.7901 18.4809 11.11
      vertex -15.1776 18.395 11.11
    endloop
  endfacet
  facet normal 0 0 -1
    outer loop
      vertex -14.7901 18.4809 11.11
      vertex -15.1808 20.6967 11.11
      vertex -14.5927 20.7741 11.11
    endloop
  endfacet
  facet normal 0 0 -1
    outer loop
      vertex -15.76 20.5683 11.11
      vertex -15.1776 18.395 11.11
      vertex -15.5562 18.2756 11.11
    endloop
  endfacet
  facet normal 0 0 -1
    outer loop
      vertex -15.1776 18.395 11.11
      vertex -15.76 20.5683 11.11
      vertex -15.1808 20.6967 11.11
    endloop
  endfacet
  facet normal 0 0 -1
    outer loop
      vertex -16.3257 20.3899 11.11
      vertex -15.5562 18.2756 11.11
      vertex -15.9229 18.1237 11.11
    endloop
  endfacet
  facet normal 0 0 -1
    outer loop
      vertex -16.8738 20.1629 11.11
      vertex -15.9229 18.1237 11.11
      vertex -16.275 17.9404 11.11
    endloop
  endfacet
  facet normal 0 0 -1
    outer loop
      vertex -15.5562 18.2756 11.11
      vertex -16.3257 20.3899 11.11
      vertex -15.76 20.5683 11.11
    endloop
  endfacet
  facet normal 0 0 -1
    outer loop
      vertex -17.4 19.889 11.11
      vertex -16.275 17.9404 11.11
      vertex -16.6098 17.7271 11.11
    endloop
  endfacet
  facet normal 0 0 -1
    outer loop
      vertex -15.9229 18.1237 11.11
      vertex -16.8738 20.1629 11.11
      vertex -16.3257 20.3899 11.11
    endloop
  endfacet
  facet normal 0 0 -1
    outer loop
      vertex -17.9003 19.5702 11.11
      vertex -16.6098 17.7271 11.11
      vertex -16.9247 17.4855 11.11
    endloop
  endfacet
  facet normal 0 0 -1
    outer loop
      vertex -18.371 19.2091 11.11
      vertex -16.9247 17.4855 11.11
      vertex -17.2173 17.2173 11.11
    endloop
  endfacet
  facet normal 0 0 -1
    outer loop
      vertex -16.275 17.9404 11.11
      vertex -17.4 19.889 11.11
      vertex -16.8738 20.1629 11.11
    endloop
  endfacet
  facet normal 0 0 -1
    outer loop
      vertex -18.8083 18.8083 11.11
      vertex -17.2173 17.2173 11.11
      vertex -17.4855 16.9247 11.11
    endloop
  endfacet
  facet normal 0 0 -1
    outer loop
      vertex -19.2091 18.371 11.11
      vertex -17.4855 16.9247 11.11
      vertex -17.7271 16.6098 11.11
    endloop
  endfacet
  facet normal 0 0 -1
    outer loop
      vertex -16.6098 17.7271 11.11
      vertex -17.9003 19.5702 11.11
      vertex -17.4 19.889 11.11
    endloop
  endfacet
  facet normal 0 0 -1
    outer loop
      vertex -19.5702 17.9003 11.11
      vertex -17.7271 16.6098 11.11
      vertex -17.9404 16.275 11.11
    endloop
  endfacet
  facet normal 0 0 -1
    outer loop
      vertex -19.889 17.4 11.11
      vertex -17.9404 16.275 11.11
      vertex -18.1237 15.9229 11.11
    endloop
  endfacet
  facet normal 0 0 -1
    outer loop
      vertex -20.1629 16.8738 11.11
      vertex -18.1237 15.9229 11.11
      vertex -18.2756 15.5562 11.11
    endloop
  endfacet
  facet normal 0 0 -1
    outer loop
      vertex -16.9247 17.4855 11.11
      vertex -18.371 19.2091 11.11
      vertex -17.9003 19.5702 11.11
    endloop
  endfacet
  facet normal 0 0 -1
    outer loop
      vertex -20.3899 16.3257 11.11
      vertex -18.2756 15.5562 11.11
      vertex -18.395 15.1776 11.11
    endloop
  endfacet
  facet normal 0 0 -1
    outer loop
      vertex -20.5683 15.76 11.11
      vertex -18.395 15.1776 11.11
      vertex -18.4809 14.7901 11.11
    endloop
  endfacet
  facet normal 0 0 -1
    outer loop
      vertex -20.6967 15.1808 11.11
      vertex -18.4809 14.7901 11.11
      vertex -18.5327 14.3966 11.11
    endloop
  endfacet
  facet normal 0 0 -1
    outer loop
      vertex -20.7741 14.5927 11.11
      vertex -18.5327 14.3966 11.11
      vertex -18.55 14 11.11
    endloop
  endfacet
  facet normal 0 0 -1
    outer loop
      vertex -17.2173 17.2173 11.11
      vertex -18.8083 18.8083 11.11
      vertex -18.371 19.2091 11.11
    endloop
  endfacet
  facet normal 0 0 -1
    outer loop
      vertex -18.55 -14 11.11
      vertex -20.8 -14 11.11
      vertex -18.55 14 11.11
    endloop
  endfacet
  facet normal -0 0 -1
    outer loop
      vertex -18.2756 -15.5562 11.11
      vertex -20.3899 -16.3257 11.11
      vertex -18.395 -15.1776 11.11
    endloop
  endfacet
  facet normal 0 0 -1
    outer loop
      vertex -20.8 14 11.11
      vertex -18.55 14 11.11
      vertex -20.8 -14 11.11
    endloop
  endfacet
  facet normal 0 0 -1
    outer loop
      vertex -20.5683 -15.76 11.11
      vertex -18.395 -15.1776 11.11
      vertex -20.3899 -16.3257 11.11
    endloop
  endfacet
  facet normal 0 -0 -1
    outer loop
      vertex -20.7741 14.5927 11.11
      vertex -18.55 14 11.11
      vertex -20.8 14 11.11
    endloop
  endfacet
  facet normal -0 0 -1
    outer loop
      vertex -18.395 -15.1776 11.11
      vertex -20.5683 -15.76 11.11
      vertex -18.4809 -14.7901 11.11
    endloop
  endfacet
  facet normal 0 0 -1
    outer loop
      vertex -17.4855 16.9247 11.11
      vertex -19.2091 18.371 11.11
      vertex -18.8083 18.8083 11.11
    endloop
  endfacet
  facet normal 0 0 -1
    outer loop
      vertex -20.6967 -15.1808 11.11
      vertex -18.4809 -14.7901 11.11
      vertex -20.5683 -15.76 11.11
    endloop
  endfacet
  facet normal 0 0 -1
    outer loop
      vertex -17.7271 16.6098 11.11
      vertex -19.5702 17.9003 11.11
      vertex -19.2091 18.371 11.11
    endloop
  endfacet
  facet normal -0 0 -1
    outer loop
      vertex -18.4809 -14.7901 11.11
      vertex -20.6967 -15.1808 11.11
      vertex -18.5327 -14.3966 11.11
    endloop
  endfacet
  facet normal 0 0 -1
    outer loop
      vertex -17.9404 16.275 11.11
      vertex -19.889 17.4 11.11
      vertex -19.5702 17.9003 11.11
    endloop
  endfacet
  facet normal 0 0 -1
    outer loop
      vertex -20.7741 -14.5927 11.11
      vertex -18.5327 -14.3966 11.11
      vertex -20.6967 -15.1808 11.11
    endloop
  endfacet
  facet normal 0 0 -1
    outer loop
      vertex -18.1237 15.9229 11.11
      vertex -20.1629 16.8738 11.11
      vertex -19.889 17.4 11.11
    endloop
  endfacet
  facet normal -0 0 -1
    outer loop
      vertex -18.5327 -14.3966 11.11
      vertex -20.7741 -14.5927 11.11
      vertex -18.55 -14 11.11
    endloop
  endfacet
  facet normal 0 0 -1
    outer loop
      vertex -18.2756 15.5562 11.11
      vertex -20.3899 16.3257 11.11
      vertex -20.1629 16.8738 11.11
    endloop
  endfacet
  facet normal -0 0 -1
    outer loop
      vertex -18.55 -14 11.11
      vertex -20.7741 -14.5927 11.11
      vertex -20.8 -14 11.11
    endloop
  endfacet
  facet normal 0 0 -1
    outer loop
      vertex -18.395 15.1776 11.11
      vertex -20.5683 15.76 11.11
      vertex -20.3899 16.3257 11.11
    endloop
  endfacet
  facet normal 0 0 -1
    outer loop
      vertex -18.4809 14.7901 11.11
      vertex -20.6967 15.1808 11.11
      vertex -20.5683 15.76 11.11
    endloop
  endfacet
  facet normal 0 0 -1
    outer loop
      vertex -18.5327 14.3966 11.11
      vertex -20.7741 14.5927 11.11
      vertex -20.6967 15.1808 11.11
    endloop
  endfacet
  facet normal 0.300754 0.953702 -0
    outer loop
      vertex 16.7362 21.5175 12
      vertex 16.0706 21.7274 12.01
      vertex 16.7362 21.5175 12.01
    endloop
  endfacet
  facet normal 0.300754 0.953702 0
    outer loop
      vertex 16.0706 21.7274 12.01
      vertex 16.7362 21.5175 12
      vertex 16.0706 21.7274 12
    endloop
  endfacet
  facet normal 0.999051 -0.0435554 0
    outer loop
      vertex 21.9696 -14.6973 12.01
      vertex 22 -14 12
      vertex 22 -14 12.01
    endloop
  endfacet
  facet normal 0.999051 -0.0435554 0
    outer loop
      vertex 22 -14 12
      vertex 21.9696 -14.6973 12.01
      vertex 21.9696 -14.6973 12
    endloop
  endfacet
  facet normal 0.953702 -0.300754 0
    outer loop
      vertex 21.5175 -16.7362 12.01
      vertex 21.7274 -16.0706 12
      vertex 21.7274 -16.0706 12.01
    endloop
  endfacet
  facet normal 0.953702 -0.300754 0
    outer loop
      vertex 21.7274 -16.0706 12
      vertex 21.5175 -16.7362 12.01
      vertex 21.5175 -16.7362 12
    endloop
  endfacet
  facet normal -0.0435554 -0.999051 0
    outer loop
      vertex -14.6973 -21.9696 12
      vertex -14 -22 12.01
      vertex -14.6973 -21.9696 12.01
    endloop
  endfacet
  facet normal -0.0435554 -0.999051 -0
    outer loop
      vertex -14 -22 12.01
      vertex -14.6973 -21.9696 12
      vertex -14 -22 12
    endloop
  endfacet
  facet normal -0.300754 -0.953702 0
    outer loop
      vertex -16.7362 -21.5175 12
      vertex -16.0706 -21.7274 12.01
      vertex -16.7362 -21.5175 12.01
    endloop
  endfacet
  facet normal -0.300754 -0.953702 -0
    outer loop
      vertex -16.0706 -21.7274 12.01
      vertex -16.7362 -21.5175 12
      vertex -16.0706 -21.7274 12
    endloop
  endfacet
  facet normal -0.999051 0.0435554 0
    outer loop
      vertex -22 14 12
      vertex -21.9696 14.6973 12.01
      vertex -21.9696 14.6973 12
    endloop
  endfacet
  facet normal -0.999051 0.0435554 0
    outer loop
      vertex -21.9696 14.6973 12.01
      vertex -22 14 12
      vertex -22 14 12.01
    endloop
  endfacet
  facet normal -0.953702 0.300754 0
    outer loop
      vertex -21.7274 16.0706 12
      vertex -21.5175 16.7362 12.01
      vertex -21.5175 16.7362 12
    endloop
  endfacet
  facet normal -0.953702 0.300754 0
    outer loop
      vertex -21.5175 16.7362 12.01
      vertex -21.7274 16.0706 12
      vertex -21.7274 16.0706 12.01
    endloop
  endfacet
  facet normal 0.0435554 0.999051 -0
    outer loop
      vertex 14.6973 21.9696 12
      vertex 14 22 12.01
      vertex 14.6973 21.9696 12.01
    endloop
  endfacet
  facet normal 0.0435554 0.999051 0
    outer loop
      vertex 14 22 12.01
      vertex 14.6973 21.9696 12
      vertex 14 22 12
    endloop
  endfacet
endsolid OpenSCAD_Model
